試合種別ID,試合種別名略,チームID,チーム名略,選手ID,選手名,選手名英略,ポジション,背番号,出生地,身長,体重,生年月日,所属チーム履歴,Jリーグ通算出場数(J1),Jリーグ通算出場数(J2),Jリーグ通算出場数(J3),Jリーグ初出場年月日,Jリーグ初出場試合名,初出場チーム名略称,初出場相手チーム名略称,初出場競技場名略称,Jリーグ初得点年月日,Jリーグ初得点試合名,Jリーグ初得点チーム名略称,Jリーグ初得点相手チーム名略称,Jリーグ初得点初出場競技場名略称,現所属F,SkillCorner選手ID,SkillCorner選手ID_2025
249,Ｊ１百年構想,120,鹿島,1400087,梶川　裕嗣,KAJIKAWA Yuji,GK,29,愛知県,185,78,19910726,駒場ＳＣ-名古屋グランパスＵ１２-名古屋グランパスＵ１５-東海学園高-東海学園大-湘南ベルマーレ-徳島ヴォルティス-湘南ベルマーレ-徳島ヴォルティス-横浜Ｆ・マリノス-ジュビロ磐田,22,103,0,20161029,明治安田J1 2nd第16節,湘南,甲府,ＢＭＷス,,,,,,1,254444,254444
249,Ｊ１百年構想,120,鹿島,1618487,山田　大樹,YAMADA Taiki,GK,21,千葉県,192,90,20020108,鹿島アントラーズＪｒユース-鹿島アントラーズユース-鹿島アントラーズ-ファジアーノ岡山,2,7,0,20200816,明治安田J1第10節,鹿島,神戸,カシマ,,,,,,1,,
249,Ｊ１百年構想,120,鹿島,1632225,早川　友基,HAYAKAWA Tomoki,GK,1,神奈川県,187,81,19990303,横浜Ｆ・マリノスプライマリー-横浜Ｆ・マリノスＪｒユース-桐蔭学園高-明治大,115,0,0,20220916,明治安田J1第30節,鹿島,鳥栖,駅スタ,,,,,,1,254409,254409
249,Ｊ１百年構想,120,鹿島,1645030,藤井　陽登,FUJII Haruto,GK,31,青森県,183,79,20030605,十和田イーストＦＣ-十和田中-矢板中央高-明治大,0,0,0,,,,,,,,,,,1,,
249,Ｊ１百年構想,120,鹿島,1300052,植田　直通,UEDA Naomichi,DF,55,熊本県,186,79,19941024,大津高-鹿島アントラーズ-サークル　ブルージュ／ベルギー-ニーム　オリンピック／フランス,206,0,4,20140301,J1第1節,鹿島,甲府,国立,20150416,明治安田J1 1st第6節,鹿島,柏,柏,1,11835,11835
249,Ｊ１百年構想,120,鹿島,1301053,安西　幸輝,ANZAI Koki,DF,2,兵庫県,172,64,19950531,戸塚ＦＣジュニア-東京ヴェルディジュニア-東京ヴェルディＪｒユース-東京ヴェルディユース-東京ヴェルディ-鹿島アントラーズ-ポルティモネンセＳＣ／ポルトガル,180,150,0,20140302,J2第1節,東京Ｖ,松本,味スタ,20140506,J2第12節,東京Ｖ,讃岐,丸亀,1,27311,27311
249,Ｊ１百年構想,120,鹿島,1500256,小川　諒也,OGAWA Ryoya,DF,7,東京都,183,78,19961124,コレーガＳＣ-Ｆｏｒｚａ’０２-流通経済大付属柏高-ＦＣ東京-ヴィトーリアＳＣ／ポルトガル-シント＝トロイデンＶＶ／ベルギー-ＦＣ東京-シント＝トロイデンＶＶ／ベルギー,148,0,53,20150321,明治安田J3第2節,J-22,山口,維新公園,20170715,明治安田J3第17節,Ｆ東23,鳥取,とりスタ,1,26854,26854
249,Ｊ１百年構想,120,鹿島,1500561,小池　龍太,KOIKE Ryuta,DF,25,東京都,170,65,19950829,松ヶ谷ＦＣ-横河武蔵野ＦＣジュニア-ＪＦＡアカデミー福島-レノファ山口ＦＣ-柏レイソル-ロケレン／ベルギー-横浜Ｆ・マリノス,179,63,30,20150315,明治安田J3第1節,山口,鳥取,維新公園,20151103,明治安田J3第36節,山口,藤枝,維新公園,1,152112,152112
249,Ｊ１百年構想,120,鹿島,1604671,千田　海人,CHIDA Kaito,DF,4,宮城県,186,82,19941017,黒松パルＦＣ-ＦＣみやぎバルセロナＪｒユース-ベガルタ仙台ユース-神奈川大-ブラウブリッツ秋田-東京ヴェルディ,35,64,95,20170625,明治安田J3第14節,秋田,相模原,Ａ‐スタ,20190727,明治安田J3第18節,秋田,岩手,ソユスタ,1,798289,798289
249,Ｊ１百年構想,120,鹿島,1614200,関川　郁万,SEKIGAWA Ikuma,DF,5,東京都,182,72,20000913,ＦＣ多摩-流通経済大付属柏高,141,0,0,20200223,明治安田J1第1節,鹿島,広島,Ｅスタ,20210403,明治安田J1第7節,鹿島,浦和,埼玉,1,254408,254408
249,Ｊ１百年構想,120,鹿島,1625413,キム　テヒョン,KIM Tae Hyeon,DF,3,大韓民国,187,82,20000917,蔚山現代ＦＣ／大韓民国-大田ハナシチズン／大韓民国-ソウルイーランドＦＣ／大韓民国-蔚山現代ＦＣ／大韓民国-ベガルタ仙台-蔚山現代ＦＣ／大韓民国-サガン鳥栖,56,53,0,20220330,明治安田J2第7節,仙台,大分,ユアスタ,20220702,明治安田J2第24節,仙台,町田,Ｇスタ,1,73729,73729
249,Ｊ１百年構想,120,鹿島,1636235,溝口　修平,MIZOGUCHI Shuhei,DF,16,茨城県,174,66,20040213,鹿島アントラーズノルテＪｒユース-鹿島アントラーズユース,15,0,0,20230415,明治安田J1第8節,鹿島,神戸,カシマ,,,,,,1,254576,254576
249,Ｊ１百年構想,120,鹿島,1640644,津久井　佳祐,TSUKUI Keisuke,DF,23,埼玉県,180,70,20040521,ＦＣ宮代東-ＦＣ　ＬＡＶＩＤＡ-昌平高,24,0,0,20240309,明治安田J1第3節,鹿島,町田,Ｇスタ,,,,,,1,813245,896105
249,Ｊ１百年構想,120,鹿島,1644451,松本　遥翔,MATSUMOTO Haruto,DF,32,埼玉県,176,73,20060929,江南南サッカー少年団-ＪＦＡアカデミー福島Ｕ－１５ＷＥＳＴ-鹿島アントラーズユース,0,0,0,,,,,,,,,,,1,799410,799410
249,Ｊ１百年構想,120,鹿島,1645865,濃野　公人,NONO Kimito,DF,22,福岡県,179,67,20020326,大阪ＤＲＥＡＭ-ヴァレンティアＦＣ-サガン鳥栖Ｕ－１５-大津高-関西学院大,58,0,0,20240223,明治安田J1第1節,鹿島,名古屋,豊田ス,20240413,明治安田J1第8節,鹿島,京都,カシマ,1,811870,811870
249,Ｊ１百年構想,120,鹿島,1646893,大川　佑梧,OKAWA Yugo,DF,28,茨城県,185,73,20070714,鹿島アントラーズジュニア-鹿島アントラーズＪｒユース-鹿島アントラーズユース,0,0,0,,,,,,,,,,,1,,
249,Ｊ１百年構想,120,鹿島,1647819,元砂　晏翔仁　ウデンバ,MOTOSUNA Anthony Udemba,DF,35,兵庫県,192,82,20090310,エストレラ津田ＳＣ-ＦＣフレスカ神戸Ｊｒユース,0,0,0,,,,,,,,,,,1,1006366,898381
249,Ｊ１百年構想,120,鹿島,1100202,柴崎　岳,SHIBASAKI Gaku,MF,10,青森県,175,64,19920528,野辺地ＳＳＳ-青森山田中-青森山田高-鹿島アントラーズ-ＣＤテネリフェ／スペイン-ヘタフェＣＦ／スペイン-デポルティーボ　ラ　コルーニャ／スペイン-ＣＤレガネス／スペイン,216,0,0,20110429,J1第8節,鹿島,福岡,レベスタ,20121006,J1第28節,鹿島,Ｆ東京,カシマ,1,11842,11842
249,Ｊ１百年構想,120,鹿島,1400757,三竿　健斗,MISAO Kento,MF,6,東京都,181,73,19960416,横河武蔵野ＦＣジュニア-東京ヴェルディジュニア-東京ヴェルディＪｒユース-東京ヴェルディユース-東京ヴェルディ-鹿島アントラーズ-ＣＤサンタクララ／ポルトガル-ＯＨルーヴェン／ベルギー,225,39,0,20150308,明治安田J2第1節,東京Ｖ,Ｃ大阪,味スタ,20171029,明治安田J1第31節,鹿島,札幌,札幌ド,1,26881,26881
249,Ｊ１百年構想,120,鹿島,1607292,知念　慶,CHINEN Kei,MF,13,沖縄県,177,73,19950317,北丘ＦＣ-南風原中-知念高-愛知学院大-川崎フロンターレ-大分トリニータ-川崎フロンターレ,213,0,0,20170401,明治安田J1第5節,川崎Ｆ,仙台,ユアスタ,20171029,明治安田J1第31節,川崎Ｆ,柏,柏,1,73681,73681
249,Ｊ１百年構想,120,鹿島,1622201,荒木　遼太郎,ARAKI Ryotaro,MF,71,熊本県,170,60,20020129,ロアッソ熊本Ｊｒユース-東福岡高-鹿島アントラーズ-ＦＣ東京,136,0,0,20200223,明治安田J1第1節,鹿島,広島,Ｅスタ,20200816,明治安田J1第10節,鹿島,神戸,カシマ,1,254406,254406
249,Ｊ１百年構想,120,鹿島,1624342,樋口　雄太,HIGUCHI Yuta,MF,14,佐賀県,168,66,19961030,サガン鳥栖Ｕ－１２-サガン鳥栖Ｕ－１５-サガン鳥栖Ｕ－１８-鹿屋体育大-サガン鳥栖,192,0,0,20190302,明治安田J1第2節,鳥栖,神戸,ノエスタ,20201216,明治安田J1第33節,鳥栖,Ｃ大阪,ヤンマー,1,26947,26947
249,Ｊ１百年構想,120,鹿島,1629407,松村　優太,MATSUMURA Yuta,MF,27,大阪府,173,63,20010413,大阪東淀川ＦＣ-静岡学園高-鹿島アントラーズ-東京ヴェルディ,124,0,0,20200816,明治安田J1第10節,鹿島,神戸,カシマ,20210509,明治安田J1第13節,鹿島,FC東京,カシマ,1,254580,254580
249,Ｊ１百年構想,120,鹿島,1631701,舩橋　佑,FUNABASHI Yu,MF,20,茨城県,175,67,20020712,鹿島アントラーズつくばジュニア-鹿島アントラーズつくばＪｒユース-鹿島アントラーズユース,58,0,0,20210403,明治安田J1第7節,鹿島,浦和,埼玉,20250511,明治安田J1第16節,鹿島,川崎Ｆ,国立,1,254494,254494
249,Ｊ１百年構想,120,鹿島,1639689,林　晴己,HAYASHI Haruki,MF,24,山口県,177,73,20031205,ＦＣリベルダーデ山口-高川学園中-高川学園高-明治大,0,0,0,,,,,,,,,,,1,1045781,
249,Ｊ１百年構想,120,鹿島,1400359,鈴木　優磨,SUZUKI Yuma,FW,40,千葉県,182,75,19960426,鹿島アントラーズＪｒユース-鹿島アントラーズユース-鹿島アントラーズ-シント＝トロイデンＶＶ／ベルギー,235,0,9,20150419,明治安田J3第6節,J-22,藤枝,藤枝サ,20150517,明治安田J3第12節,J-22,福島,とうスタ,1,27696,27696
249,Ｊ１百年構想,120,鹿島,1600257,レオ　セアラ,LEO CEARA,FW,9,ブラジル,178,78,19950203,ＥＣヴィトーリア／ブラジル-ＦＣ琉球-ＥＣヴィトーリア／ブラジル-ＡＤコンフィアンサ／ブラジル-ＥＣヴィトーリア／ブラジル-ＣＲＢ／ブラジル-ＥＣヴィトーリア／ブラジル-横浜Ｆ・マリノス-セレッソ大阪,163,0,23,20160320,明治安田J3第2節,琉球,Ｆ東23,味フィ西,20160320,明治安田J3第2節,琉球,Ｆ東23,味フィ西,1,152950,152950
249,Ｊ１百年構想,120,鹿島,1603090,田川　亨介,TAGAWA Kyosuke,FW,11,長崎県,181,70,19990211,雲仙アルディート-サガン鳥栖Ｕ－１８-サガン鳥栖-ＦＣ東京-ＣＤサンタクララ／ポルトガル-ＦＣ東京-ハート　オブ　ミドロシアンＦＣ／スコットランド,137,0,6,20170305,明治安田J1第2節,鳥栖,川崎Ｆ,等々力,20170408,明治安田J1第6節,鳥栖,新潟,ベアスタ,1,26853,26853
249,Ｊ１百年構想,120,鹿島,1632263,エウベル,ELBER,FW,17,ブラジル,170,70,19920527,クルゼイロ／ブラジル-コリチーバＦＣ／ブラジル-スポルチ　レシフェ／ブラジル-クルゼイロ／ブラジル-ＥＣバイーア／ブラジル-横浜Ｆ・マリノス,155,0,0,20210307,明治安田J1第2節,横浜FM,広島,日産ス,20210403,明治安田J1第7節,横浜FM,湘南,日産ス,1,31493,31493
249,Ｊ１百年構想,120,鹿島,1637049,師岡　柊生,MOROOKA Shu,FW,19,東京都,174,69,20001209,大和田ＳＣ-ＦＣ多摩Ｊｒユース-日本航空高-東京国際大,47,0,0,20230409,明治安田J1第7節,鹿島,柏,三協Ｆ柏,20240706,明治安田J1第22節,鹿島,札幌,カシマ,1,624834,624834
249,Ｊ１百年構想,120,鹿島,1644450,徳田　誉,TOKUDA Homare,FW,34,千葉県,186,83,20070218,鹿島アントラーズつくばジュニア-鹿島アントラーズつくばＪｒユース-鹿島アントラーズユース,21,0,0,20240616,明治安田J1第18節,鹿島,新潟,カシマ,20240914,明治安田J1第30節,鹿島,広島,カシマ,1,799411,799411
249,Ｊ１百年構想,120,鹿島,1646090,チャヴリッチ,CAVRIC,FW,77,セルビア,186,82,19940518,ＦＫバナト　ズレニャニン／セルビア-ＯＦＫベオグラード／セルビア-ＫＲＣゲンク／ベルギー-オーフスＧＦ／デンマーク-ＳＫスロヴァン　ブラチスラヴァ／スロバキア,56,0,0,20240223,明治安田J1第1節,鹿島,名古屋,豊田ス,20240223,明治安田J1第1節,鹿島,名古屋,豊田ス,1,417,417
249,Ｊ１百年構想,120,鹿島,1646924,吉田　湊海,YOSHIDA Minato,FW,30,神奈川県,172,72,20080715,ＪＦＣ　ＦＵＴＵＲＯ-ＦＣ多摩Ｊｒユース,1,0,0,20250429,明治安田J1第13節,鹿島,横浜FC,ニッパツ,,,,,,1,1006374,896534
249,Ｊ１百年構想,176,水戸,1000260,松原　修平,MATSUBARA Shuhei,GK,21,北海道,185,87,19920811,函館シーガル-コンサドーレ札幌ユース・Ｕ－１５-コンサドーレ札幌ユース・Ｕ－１８-ファジアーノ岡山-ファジアーノ岡山ネクスト-ファジアーノ岡山-ファジアーノ岡山ネクスト-ファジアーノ岡山-ファジアーノ岡山ネクスト-ファジアーノ岡山-ファジアーノ岡山ネクスト-ファジアーノ岡山-カマタマーレ讃岐-ザスパクサツ群馬-湘南ベルマーレ-ザスパクサツ群馬-京都サンガF.C.-北海道コンサドーレ札幌,0,61,32,20170611,明治安田J2第18節,讃岐,金沢,ピカスタ,,,,,,1,254569,254569
249,Ｊ１百年構想,176,水戸,1632233,西川　幸之介,NISHIKAWA Konosuke,GK,34,愛知県,181,78,20020911,グランパスみよし-シルフィードＦＣ-藤枝東高-大分トリニータ,0,64,0,20230219,明治安田J2第1節,大分,徳島,鳴門大塚,,,,,,1,790099,790099
249,Ｊ１百年構想,176,水戸,1632426,春名　竜聖,HARUNA Ryusei,GK,51,兵庫県,184,80,20040501,江井ヶ島イレブン-セレッソ大阪西Ｕ－１５-セレッソ大阪Ｕ－１８-水戸ホーリーホック-テゲバジャーロ宮崎,0,17,0,20230503,明治安田J2第13節,水戸,長崎,トラスタ,,,,,,1,74122,74122
249,Ｊ１百年構想,176,水戸,1646371,上山　海翔,KAMIYAMA Minato,GK,37,茨城県,203,98,20070910,ＦＣヴェレン大洗-水戸ホーリーホックＪｒユース-水戸ホーリーホックユース,0,0,0,,,,,,,,,,,1,,
249,Ｊ１百年構想,176,水戸,1650541,早川　ウワブライト,HAYAKAWA Uwabright,GK,77,神奈川県,190,84,20061029,小雀ＳＣ-ＦＣ湘南Ｊｒユース-日本体育大学柏高,0,0,0,,,,,,,,,,,1,,
249,Ｊ１百年構想,176,水戸,1603283,飯田　貴敬,IIDA Takahiro,DF,6,茨城県,180,73,19940831,真壁ジュニオール-下館西中-野洲高-専修大-清水エスパルス-京都サンガF.C.-大宮アルディージャ-京都サンガF.C.-ヴァンフォーレ甲府-京都サンガF.C.,33,145,0,20170401,明治安田J1第5節,清水,磐田,エコパ,20210417,明治安田J2第8節,京都,北九州,サンガＳ,1,255021,255021
249,Ｊ１百年構想,176,水戸,1607143,真瀬　拓海,MASE Takumi,DF,25,千葉県,175,70,19980503,南市川ＪＦＣ-ＪＳＣ　ＣＨＩＢＡ-市立船橋高-阪南大-ベガルタ仙台,48,121,0,20200708,明治安田J1第3節,仙台,浦和,ユアスタ,20210710,明治安田J1第22節,仙台,札幌,ユアスタ,1,789901,789901
249,Ｊ１百年構想,176,水戸,1632532,井上　聖也,INOUE Seiya,DF,5,兵庫県,187,80,19991109,末広ＦＣ-宝梅中-西宮高-甲南大-アビスパ福岡-徳島ヴォルティス-アビスパ福岡,31,7,0,20230625,明治安田J1第18節,福岡,神戸,ベススタ,,,,,,1,254596,254596
249,Ｊ１百年構想,176,水戸,1636260,大森　渚生,OMORI Sho,DF,7,東京都,177,75,19990819,ＡＺ８６東京青梅-東京ヴェルディジュニア-東京ヴェルディＪｒユース-東京ヴェルディユース-日本大-栃木ＳＣ,0,142,0,20220219,明治安田J2第1節,栃木,秋田,カンセキ,20230503,明治安田J2第13節,栃木,金沢,カンセキ,1,790054,790054
249,Ｊ１百年構想,176,水戸,1637055,板倉　健太,ITAKURA Kenta,DF,17,埼玉県,182,78,20020615,レジスタＦＣ-ＣＡアレグレ-山梨学院高-東京国際大,0,36,0,20250215,明治安田J2第1節,水戸,磐田,ヤマハ,,,,,,1,999881,895937
249,Ｊ１百年構想,176,水戸,1641535,牛澤　健,USHIZAWA Takeshi,DF,4,中国,178,73,20010411,守西ＦＣ-名古屋グランパスＵ－１２-名古屋グランパスＵ－１５-名古屋グランパスＵ－１８-中央大,0,39,0,20240302,明治安田J2第2節,水戸,甲府,Ｋｓスタ,,,,,,1,813833,815357
249,Ｊ１百年構想,176,水戸,1645975,尾野　優日,ONO Yuhi,DF,18,,,,,,0,0,0,,,,,,,,,,,0,,
249,Ｊ１百年構想,176,水戸,1646520,佐々木　輝大,SASAKI Kirato,DF,89,東京都,185,80,20030929,小柳小まむし坂ＳＣ-川崎フロンターレＵ－１２-川崎フロンターレＵ－１５-鹿島学園高-関東学院大,0,1,0,20250913,明治安田J2第29節,水戸,仙台,ユアスタ,,,,,,1,1028069,903628
249,Ｊ１百年構想,176,水戸,1647897,フォファナ　マリック,FOFANA Malick,DF,71,東京都,185,80,20000502,町田相原ＦＣ-尚志高-山梨学院大-ＦＣティアモ枚方-ＦＣ大阪-ＦＣティアモ枚方,0,2,4,20241004,明治安田J3第31節,FC大阪,岩手,たけびし,,,,,,1,1016412,897581
249,Ｊ１百年構想,176,水戸,1650818,ダニーロ,DANILO,DF,2,ブラジル,183,78,19970327,パルメイリーニャ／ブラジル-ヴィラ　ノヴァ／ブラジル-アトレチックＭＧ／ブラジル-コインブラＭＧ／ブラジル-アトレチックＭＧ／ブラジル-インテル　デ　リメイラ／ブラジル-べチンＥＣ／ブラジル-ボストン　シティ　ブラジル／ブラジル-アトレチックＭＧ／ブラジル-ヴィトリア／ブラジル-ゴイアスＥＣ／ブラジル-アトレチックＭＧ／ブラジル-ナウチコ／ブラジル-アトレチックＭＧ／ブラジル-ＦＣ今治,0,33,0,20250216,明治安田J2第1節,今治,秋田,アシさと,,,,,,1,173893,173893
249,Ｊ１百年構想,176,水戸,1656838,林　和喜,HAYASHI Kazuki,DF,55,千葉県,184,78,20080417,宮本ＪＳＣ-船橋ＦＣ-ＦＣ習志野,0,0,0,,,,,,,,,,,1,,
249,Ｊ１百年構想,176,水戸,1500277,加藤　千尋,KATO Chihiro,MF,8,東京都,175,72,19981212,尾山台ＳＣ-ヴィトーリア目黒ＦＣ-ヴェルディＳ．Ｓ．アジュント-流通経済大付属柏高-流通経済大-ベガルタ仙台-モンテディオ山形,34,84,0,20210306,明治安田J1第2節,仙台,川崎Ｆ,ユアスタ,20210424,明治安田J1第11節,仙台,札幌,札幌厚別,1,789904,789904
249,Ｊ１百年構想,176,水戸,1600011,鳥海　芳樹,TORIKAI Yoshiki,MF,11,神奈川県,165,62,19980801,村岡キッカーズ-村岡中-桐光学園高-桐蔭横浜大-ヴァンフォーレ甲府,0,171,0,20210228,明治安田J2第1節,甲府,千葉,フクアリ,20210509,明治安田J2第13節,甲府,東京Ｖ,ＪＩＴス,1,726999,726999
249,Ｊ１百年構想,176,水戸,1605464,仙波　大志,SEMBA Taishi,MF,19,広島県,164,62,19990819,サンフレッチェ広島ジュニア-サンフレッチェ広島Ｊｒユース-サンフレッチェ広島ユース-流通経済大-サンフレッチェ広島-ファジアーノ岡山-サンフレッチェ広島-ファジアーノ岡山-サンフレッチェ広島-ファジアーノ岡山-サンフレッチェ広島-ザスパ群馬-サンフレッチェ広島-水戸ホーリーホック-サンフレッチェ広島,2,83,0,20220219,明治安田J1第1節,広島,鳥栖,Ｅスタ,20220925,明治安田J2第38節,岡山,仙台,Ｃスタ,1,254581,254581
249,Ｊ１百年構想,176,水戸,1614109,新井　瑞希,ARAI Mizuki,MF,14,埼玉県,170,64,19970414,浦和レッズユース-ＳＶホルン／オーストリア-ＳＣ相模原-カターレ富山-東京ヴェルディ-カターレ富山-東京ヴェルディ-ジル　ビセンテＦＣ／ポルトガル-横浜ＦＣ-ヴィッセル神戸-横浜ＦＣ,17,77,44,20170924,明治安田J3第24節,相模原,YS横浜,ギオンス,20171022,明治安田J3第28節,相模原,藤枝,エコパ,1,178585,178585
249,Ｊ１百年構想,176,水戸,1624844,長尾　優斗,NAGAO Yuto,MF,15,大阪府,178,72,20010831,摂津ＦＣ-摂津イレブンＪＣＳ-千里丘ＦＣ-ガンバ大阪ユース-関西学院大,0,43,11,20190413,明治安田J3第6節,Ｇ大23,熊本,万博,,,,,,1,813831,815322
249,Ｊ１百年構想,176,水戸,1630059,山下　優人,YAMASHITA Yuto,MF,48,千葉県,174,78,19960524,千城台ＦＣ-ジェフユナイテッド千葉Ｕ－１５-青森山田高-桐蔭横浜大-いわきＦＣ,0,116,34,20220313,明治安田J3第1節,いわき,鹿児島,白波スタ,20230827,明治安田J2第32節,いわき,熊本,えがおＳ,1,798280,798280
249,Ｊ１百年構想,176,水戸,1632269,大崎　航詩,OSAKI Koshi,MF,3,大阪府,178,73,19980630,ＳＴＡＹ　ＣＯＯＬ　ＦＣ-大阪セントラルＦＣ-東海大仰星高-大阪体育大,0,139,0,20210505,明治安田J2第12節,水戸,金沢,石川西部,20210613,明治安田J2第18節,水戸,相模原,Ｋｓスタ,1,727178,727178
249,Ｊ１百年構想,176,水戸,1635562,川上　航立,KAWAKAMI Kotatsu,MF,82,大阪府,173,68,20020907,セレッソ大阪Ｕ－１２-ガンバ大阪門真Ｊｒユース-帝京長岡高-立正大-水戸ホーリーホック-松本山雅ＦＣ,0,5,12,20250215,明治安田J2第1節,水戸,磐田,ヤマハ,,,,,,1,999884,895938
249,Ｊ１百年構想,176,水戸,1641542,山﨑　希一,YAMAZAKI Kiichi,MF,24,和歌山県,167,60,20011012,富田ＳＳＳ-カナリーニョＦＣリオ-興国高-中央大,0,37,0,20240224,明治安田J2第1節,水戸,いわき,Ｋｓスタ,20250330,明治安田J2第7節,水戸,いわき,Ｋｓスタ,1,813835,815324
249,Ｊ１百年構想,176,水戸,1646766,島谷　義進,SHIMATANI Kishin,MF,41,愛知県,176,67,20080323,東海スポーツ-ＦＣ　ＶＩＤＡ-東海スポーツ-ＦＣフェルボール愛知-流通経済大付属柏高,0,0,0,,,,,,,,,,,1,,
249,Ｊ１百年構想,176,水戸,1647012,山本　隼大,YAMAMOTO Hayata,MF,39,愛知県,180,74,20030212,愛知ＦＣ　Ｕ－１２-刈谷ＪＹ-名古屋高-専修大,0,53,0,20240518,明治安田J2第16節,水戸,大分,Ｋｓスタ,20240629,明治安田J2第22節,水戸,山口,Ｋｓスタ,1,825694,892591
249,Ｊ１百年構想,176,水戸,1650722,安藤　晃希,ANDO Koki,MF,33,東京都,170,60,20070922,ヘラクレスＦＣ-大森ＦＣ-ｔｆａ　Ｊｒユース-流通経済大付属柏高,0,0,0,,,,,,,,,,,1,1066802,
249,Ｊ１百年構想,176,水戸,1650884,嵯峨　康太,SAGA Kouta,MF,28,,,,,,0,0,0,,,,,,,,,,,0,,
249,Ｊ１百年構想,176,水戸,1655790,山下　翔大,YAMASHITA Shota,MF,53,愛知県,173,73,20080229,Ｎａｇｏｙａ．Ｓ．Ｓ．-名古屋高,0,0,0,,,,,,,,,,,1,1067079,
249,Ｊ１百年構想,176,水戸,1503340,渡邉　新太,WATANABE Arata,FW,10,新潟県,171,67,19950805,ＦＣ五十嵐Ｊｒユース-アルビレックス新潟ユース-流通経済大-アルビレックス新潟-大分トリニータ,31,194,0,20180317,明治安田J2第4節,新潟,横浜FC,ニッパツ,20180503,明治安田J2第12節,新潟,金沢,石川西部,1,790096,790096
249,Ｊ１百年構想,176,水戸,1604675,奥田　晃也,OKUDA Koya,FW,44,和歌山県,181,72,19941001,三佐木ＳＳＳ-三佐木アルマボーラ-アルビレックス新潟ユース-神奈川大-Ｙ．Ｓ．Ｃ．Ｃ．横浜-水戸ホーリーホック-Ｖ・ファーレン長崎-ツエーゲン金沢-Ｖ・ファーレン長崎-栃木ＳＣ,0,191,89,20170430,明治安田J3第6節,YS横浜,北九州,ミクスタ,20170701,明治安田J3第15節,YS横浜,琉球,ニッパツ,1,798187,798187
249,Ｊ１百年構想,176,水戸,1621200,久保　征一郎,KUBO Seiichiro,FW,22,,,,,,0,0,0,,,,,,,,,,,0,798097,798097
249,Ｊ１百年構想,176,水戸,1624311,粟飯原　尚平,AIHARA Shohei,FW,13,北海道,178,75,19960526,ＳＳＳ札幌-北海道コンサドーレ札幌Ｕ－１８-近畿大-ＦＣ岐阜-ロアッソ熊本-ＦＣ岐阜,0,86,102,20190330,明治安田J2第6節,岐阜,京都,長良川,20190330,明治安田J2第6節,岐阜,京都,長良川,1,789914,789914
249,Ｊ１百年構想,176,水戸,1630109,根本　凌,NEMOTO Ryo,FW,9,神奈川県,184,83,20000203,茅ヶ崎小和田ＦＣ-シュートＪｒユースＦＣ-上田西高-鹿屋体育大-湘南ベルマーレ-栃木ＳＣ-湘南ベルマーレ-栃木ＳＣ-湘南ベルマーレ,27,54,0,20200905,明治安田J1第14節,湘南,神戸,ＢＭＷス,20220618,明治安田J2第22節,栃木,大分,栃木グ,1,798104,798104
249,Ｊ１百年構想,176,水戸,1634967,マテウス　レイリア,MATHEUS LEIRIA,FW,70,ブラジル,179,69,19950122,フルミネンセＦＣ　Ｕ－２０／ブラジル-ＧＥジュベントス／ブラジル-ホブロＩＫ／デンマーク-ＧＥジュベントス／ブラジル-グロリア／ブラジル-バーラＦＣ／ブラジル-ＦＣヘルシンゲル／デンマーク-プラタニアス／ギリシャ-ＦＫクケシ／アルバニア-カターレ富山-ヴァンフォーレ甲府,0,31,81,20210828,明治安田J3第16節,富山,藤枝,富山,20210905,明治安田J3第17節,富山,沼津,愛鷹,1,929132,815567
249,Ｊ１百年構想,176,水戸,1635561,多田　圭佑,TADA Keisuke,FW,29,茨城県,175,72,20020927,坂本サッカースポーツ少年団-坂本中-矢板中央高-立正大,0,16,0,20250215,明治安田J2第1節,水戸,磐田,ヤマハ,20251005,明治安田J2第32節,水戸,愛媛,ニンスタ,1,999885,895941
249,Ｊ１百年構想,176,水戸,1641668,五木田　季晋,GOKITA Kishin,FW,87,兵庫県,184,78,20040712,西神中央ＦＣ-はるひ野ＢＳＣ-川崎フロンターレＵ－１５-川崎フロンターレＵ－１８-日本大在学中,0,1,0,20251019,明治安田J2第33節,水戸,千葉,Ｋｓスタ,,,,,,1,1031915,904424
249,Ｊ１百年構想,176,水戸,1656732,パトリッキ,PATRYCK,FW,20,ブラジル,180,88,19980905,インテル　デ　ベベドウロ／ブラジル-インテルナシオナル／ブラジル-金海ＦＣ／大韓民国-ＥＣウニオン　スザーノ／ブラジル-ソシアル　ヴィーダ／ホンデュラス-サンクリストバン／ブラジル-マドゥレイラＥＣ／ブラジル-ペトロポリス／ブラジル-ブラジリエンセＦＣ／ブラジル-サンクリストバン／ブラジル-ホーチミン　シティＦＣ／ベトナム-バングー／ブラジル-サンクリストバン／ブラジル-バングー／ブラジル-マドゥレイラＥＣ／ブラジル,0,0,0,,,,,,,,,,,1,560995,
249,Ｊ１百年構想,122,浦和,400563,西川　周作,NISHIKAWA Shusaku,GK,1,大分県,183,81,19860618,宇佐ＦＣＪｒユース-大分トリニータＵ－１５-大分トリニータＵ－１８-大分トリニータ-サンフレッチェ広島,660,0,0,20050702,J1第13節,大分,横浜FM,大分ス,,,,,,1,151027,151027
249,Ｊ１百年構想,122,浦和,1200619,牲川　歩見,NIEKAWA Ayumi,GK,16,静岡県,195,90,19940512,ジュビロ磐田Ｊｒユース-ジュビロ磐田Ｕ－１８-ジュビロ磐田-サガン鳥栖-ジュビロ磐田-ザスパクサツ群馬-ジュビロ磐田-アスルクラロ沼津-ジュビロ磐田-アスルクラロ沼津-水戸ホーリーホック,6,71,77,20140720,J3第18節,J-22,相模原,ギオンス,,,,,,1,155850,155850
249,Ｊ１百年構想,122,浦和,1500285,吉田　舜,YOSHIDA Shun,GK,31,埼玉県,185,83,19961128,江南南ＳＳＳ-クマガヤＳＣ-前橋育英高-法政大-ザスパクサツ群馬-大分トリニータ-浦和レッズ-湘南ベルマーレ,2,11,34,20190310,明治安田J3第1節,群馬,秋田,正田スタ,,,,,,1,796954,796954
249,Ｊ１百年構想,122,浦和,1636992,佐藤　瑠星,SATO Ryusei,GK,35,熊本県,190,86,20031024,熊本アクアＳＣ-合志中-大津高-筑波大,0,0,0,,,,,,,,,,,1,,
249,Ｊ１百年構想,122,浦和,1400104,片山　瑛一,KATAYAMA Eiichi,DF,32,埼玉県,181,75,19911130,ＦＣ鶴ヶ島-川越西中-川越高-早稲田大-ファジアーノ岡山-セレッソ大阪-清水エスパルス-柏レイソル,157,146,2,20140302,J2第1節,岡山,富山,カンスタ,20140330,J2第5節,岡山,大分,カンスタ,1,26821,26821
249,Ｊ１百年構想,122,浦和,1603257,石原　広教,ISHIHARA Hirokazu,DF,4,神奈川県,169,65,19990226,藤沢ＦＣ-湘南ベルマーレジュニア-湘南ベルマーレＵ－１５平塚-湘南ベルマーレユース-湘南ベルマーレ-アビスパ福岡-湘南ベルマーレ,189,47,0,20170409,明治安田J2第7節,湘南,東京Ｖ,駒沢,20240630,明治安田J1第21節,浦和,磐田,埼玉,1,254478,254478
249,Ｊ１百年構想,122,浦和,1605916,荻原　拓也,OGIWARA Takuya,DF,26,埼玉県,175,73,19991123,１ＦＣ川越水上公園-浦和レッズＪｒユース-浦和レッズユース-浦和レッズ-アルビレックス新潟-浦和レッズ-京都サンガF.C.-浦和レッズ-京都サンガF.C.-浦和レッズ-ＧＮＫディナモ　ザグレブ／クロアチア,88,64,0,20180318,明治安田J1第4節,浦和,横浜FM,埼玉,20210717,明治安田J2第23節,京都,新潟,サンガＳ,1,27008,27008
249,Ｊ１百年構想,122,浦和,1631769,宮本　優太,MIYAMOTO Yuta,DF,2,東京都,171,70,19991215,田柄ＦＣ-Ｆｏｒｚａ０２-流通経済大付属柏高-流通経済大-浦和レッズ-ＫＭＳＫデインズ／ベルギー-浦和レッズ-京都サンガF.C.-浦和レッズ-京都サンガF.C.,81,0,0,20220226,明治安田J1第2節,浦和,Ｇ大阪,埼玉,20240707,明治安田J1第22節,京都,福岡,ベススタ,1,151022,151022
249,Ｊ１百年構想,122,浦和,1636965,根本　健太,NEMOTO Kenta,DF,5,千葉県,184,81,20021213,柏レイソルＡ．Ａ．長生-ジェフユナイテッド千葉Ｊｒユース-東京学館高-流通経済大,5,0,0,20250809,明治安田J1第25節,浦和,横浜FC,ニッパツ,20251206,明治安田J1第38節,浦和,川崎Ｆ,埼玉,1,1014282,896103
249,Ｊ１百年構想,122,浦和,1651281,ダニーロ　ボザ,DANILO BOZA,DF,3,ブラジル,184,72,19980506,ミラソウＦＣ／ブラジル-ＳＣブラガ／ポルトガル-アトレチコ　パラナエンセ／ブラジル-フィゲイレンセＦＣ／ブラジル-ミラソルＦＣ／ブラジル-サントスＦＣ／ブラジル-ＥＣジュべントゥージ／ブラジル-ＣＲヴァスコ　ダ　ガマ／ブラジル-ＥＣジュべントゥージ／ブラジル,35,0,0,20250215,明治安田J1第1節,浦和,神戸,ノエスタ,20250420,明治安田J1第11節,浦和,横浜FM,埼玉,1,53354,53354
249,Ｊ１百年構想,122,浦和,1651661,田中　義峯,TANAKA Yoshitaka,DF,42,福岡県,186,85,20080405,ＦＣリベルタＵ－１２-ＦＣリベルタＵ－１５,0,0,0,,,,,,,,,,,1,,
249,Ｊ１百年構想,122,浦和,1655794,ルカ　ディドゥリカ,LUKA DIDULICA,DF,40,オーストラリア,200,84,20070918,ノース　ジーロング　ウォリアーズ／オーストラリア-ノース　ジーロング　ウォリアーズＶＰＬ１／オーストラリア-メルボルン　ビクトリーＮＰＬ１／オーストラリア,0,0,0,,,,,,,,,,,1,,
249,Ｊ１百年構想,122,浦和,1200171,中島　翔哉,NAKAJIMA Shoya,MF,10,東京都,164,64,19940823,松が谷ＦＣ-東京ヴェルディ１９６９ジュニア-東京ヴェルディＪｒユース-東京ヴェルディユース-東京ヴェルディ-ＦＣ東京-カターレ富山-ＦＣ東京-ポルティモネンセＳＣ／ポルトガル-ＦＣ東京-ポルティモネンセＳＣ／ポルトガル-アル　ドゥハイル／カタール-ＦＣポルト／ポルトガル-アル　アインＦＣ／アラブ首長国連邦-ＦＣポルト／ポルトガル-ポルティモネンセＳＣ／ポルトガル-ＦＣポルト／ポルトガル-アンタルヤスポル／トルコ,96,57,10,20120914,J2第33節,東京Ｖ,福岡,味フィ西,20120914,J2第33節,東京Ｖ,福岡,味フィ西,1,16208,16208
249,Ｊ１百年構想,122,浦和,1400040,関根　貴大,SEKINE Takahiro,MF,14,埼玉県,167,61,19950419,ＦＣ鶴ヶ島サッカー少年団-浦和レッズＪｒユース-浦和レッズユース-浦和レッズ-インゴルシュタット０４／ドイツ-シント＝トロイデン／ベルギー,300,0,0,20140323,J1第4節,浦和,清水,埼玉,20140517,J1第14節,浦和,Ｃ大阪,埼玉,1,14613,14613
249,Ｊ１百年構想,122,浦和,1401506,長沼　洋一,NAGANUMA Yoichi,MF,88,山梨県,178,70,19970414,ＵスポーツクラブＵ－１２-ＵスポーツクラブＵ－１５-サンフレッチェ広島ユース-サンフレッチェ広島-モンテディオ山形-サンフレッチェ広島-ＦＣ岐阜-サンフレッチェ広島-愛媛ＦＣ-サンフレッチェ広島-愛媛ＦＣ-サンフレッチェ広島-サガン鳥栖,123,92,0,20170909,明治安田J2第32節,山形,京都,ＮＤスタ,20200705,明治安田J2第3節,愛媛,山口,みらスタ,1,254395,254395
249,Ｊ１百年構想,122,浦和,1500294,渡邊　凌磨,WATANABE Ryoma,MF,13,埼玉県,176,72,19961002,前橋育英高-早稲田大-インゴルシュタットＩＩ／ドイツ-インゴルシュタット０４／ドイツ-アルビレックス新潟-モンテディオ山形-ＦＣ東京,143,67,0,20180725,明治安田J2第25節,新潟,東京Ｖ,味スタ,20190403,明治安田J2第7節,新潟,町田,デンカＳ,1,254428,254428
249,Ｊ１百年構想,122,浦和,1617891,柴戸　海,SHIBATO Kai,MF,22,神奈川県,180,70,19951124,いぶき野ＦＣヘリオス-町田ＪＦＣ-市立船橋高-明治大-浦和レッズ-ＦＣ町田ゼルビア,147,0,0,20180411,明治安田J1第7節,浦和,神戸,ノエスタ,20181201,明治安田J1第34節,浦和,FC東京,埼玉,1,27009,27009
249,Ｊ１百年構想,122,浦和,1624851,金子　拓郎,KANEKO Takuro,MF,77,埼玉県,178,75,19970730,小川サッカースポーツ少年団-クマガヤＳＣ-前橋育英高-日本大-北海道コンサドーレ札幌-ＧＮＫディナモ　ザグレブ／クロアチア-ＫＶコルトレイク／ベルギー,156,0,0,20190330,明治安田J1第5節,札幌,名古屋,豊田ス,20200726,明治安田J1第7節,札幌,横浜FM,札幌ド,1,26845,26845
249,Ｊ１百年構想,122,浦和,1626167,松尾　佑介,MATSUO Yusuke,MF,24,埼玉県,170,65,19970723,戸塚フットボールジュニアクラブ-浦和レッズＪｒユース-浦和レッズユース-仙台大-横浜ＦＣ-浦和レッズ-ＫＶＣウェステルロー／ベルギー,129,21,0,20190629,明治安田J2第20節,横浜FC,岡山,ニッパツ,20190804,明治安田J2第26節,横浜FC,福岡,レベスタ,1,26042,26042
249,Ｊ１百年構想,122,浦和,1627458,マテウス　サヴィオ,MATHEUS SAVIO,MF,8,ブラジル,175,74,19970415,ＣＲフラメンゴ／ブラジル-エストリール／ポルトガル-ＣＲフラメンゴ／ブラジル-ＣＳＡ／ブラジル-柏レイソル-ＣＲフラメンゴ／ブラジル-柏レイソル,164,19,0,20190727,明治安田J2第24節,柏,栃木,栃木グ,20190731,明治安田J2第25節,柏,岡山,Ｃスタ,1,31891,31891
249,Ｊ１百年構想,122,浦和,1633165,安居　海渡,YASUI Kaito,MF,25,埼玉県,174,69,20000209,川口朝日リボルバーサッカー少年団-武南ＪｒユースＦＣ-浦和学院高-流通経済大,107,0,0,20220219,明治安田J1第1節,浦和,京都,サンガＳ,20230304,明治安田J1第3節,浦和,Ｃ大阪,浦和駒場,1,151019,151019
249,Ｊ１百年構想,122,浦和,1636532,早川　隼平,HAYAKAWA Jumpei,MF,39,埼玉県,163,65,20051205,１ＦＣ川越水上公園-浦和レッズＪｒユース-浦和レッズユース-浦和レッズ-ファジアーノ岡山,17,15,0,20230423,明治安田J1第9節,浦和,川崎Ｆ,等々力,20240526,明治安田J2第17節,岡山,仙台,ユアスタ,1,254599,254599
249,Ｊ１百年構想,122,浦和,1641597,植木　颯,UEKI Hayate,MF,37,神奈川県,173,71,20031011,横浜Ｆ・マリノスＪｒユース追浜-日大藤沢高-日本大,0,0,0,,,,,,,,,,,1,1036372,
249,Ｊ１百年構想,122,浦和,1645913,サミュエル　グスタフソン,SAMUEL GUSTAFSON,MF,11,スウェーデン,187,79,19950111,ＢＫヘッケン／スウェーデン-トリノＦＣ／イタリア-ペルージャ／イタリア-トリノＦＣ／イタリア-エラス　ヴェローナ／イタリア-トリノＦＣ／イタリア-ＵＳクレモネーゼ／イタリア-ＢＫヘッケン／スウェーデン,60,0,0,20240223,明治安田J1第1節,浦和,広島,Ｅピース,20240317,明治安田J1第4節,浦和,湘南,レモンＳ,1,19691,19691
249,Ｊ１百年構想,122,浦和,1651678,和田　武士,WADA Takeshi,MF,43,埼玉県,170,65,20090605,東川口ＦＣ-浦和レッズジュニア-浦和レッズＪｒユース,0,0,0,,,,,,,,,,,1,,
249,Ｊ１百年構想,122,浦和,1400082,オナイウ　阿道,ONAIWU Ado,FW,45,埼玉県,180,75,19951108,神川パルフェ-ＦＣコルージャ-正智深谷高-ジェフユナイテッド千葉-浦和レッズ-レノファ山口ＦＣ-浦和レッズ-大分トリニータ-浦和レッズ-横浜Ｆ・マリノス-トゥールーズＦＣ／フランス-ＡＪオセール／フランス-１．ＦＣマクデブルク／ドイツ,76,104,2,20140810,J3第21節,J-22,福島,とうスタ,20140914,J2第31節,千葉,北九州,フクアリ,1,59955,
249,Ｊ１百年構想,122,浦和,1502882,イサーク　キーセ　テリン,ISAAC KIESE THELIN,FW,9,スウェーデン,190,85,19920624,カールスルンズＩＦ　ＦＫ／スウェーデン-ＩＦＫノルシェーピン／スウェーデン-マルメＦＦ　Ｕ１９／スウェーデン-ジロンディンス　ボルドー／フランス-ＲＳＣアンデルレヒト／ベルギー-ベフェレン／ベルギー-バイヤー　レバークーゼン／ドイツ-ＲＳＣアンデルレヒト／ベルギー-マルメＦＦ／スウェーデン-カスムパシャＳＫ／トルコ-バニーヤースＳＣ／アラブ首長国連邦-マルメＦＦ／スウェーデン,10,0,0,20250913,明治安田J1第29節,浦和,Ｇ大阪,パナスタ,20251004,明治安田J1第33節,浦和,神戸,埼玉,1,4479,4479
249,Ｊ１百年構想,122,浦和,1607183,安部　裕葵,ABE Hiroki,FW,7,東京都,171,65,19990128,城北アスカＦＣ-Ｓ．Ｔ．ＦＣ-瀬戸内高-鹿島アントラーズ-ＦＣバルセロナ　アトレティック／スペイン,51,0,0,20170401,明治安田J1第5節,鹿島,大宮,ＮＡＣＫ,20170729,明治安田J1第19節,鹿島,甲府,カシマ,1,53345,53345
249,Ｊ１百年構想,122,浦和,1634323,二田　理央,NITTA Rio,FW,41,大分県,174,70,20030410,ＦＣ佐伯Ｓ－ｐｌａｙ　ＭＩＮＡＭＩ-サガン鳥栖Ｕ－１８-ＦＣヴァッカー　インスブルック／オーストリア-ザンクト　ペルテン／オーストリア-浦和レッズ-湘南ベルマーレ,28,0,0,20210623,明治安田J1第19節,鳥栖,横浜FM,ニッパツ,20240720,明治安田J1第24節,浦和,札幌,埼玉,1,507843,507843
249,Ｊ１百年構想,122,浦和,1636974,松永　颯汰,MATSUNAGA Sota,FW,38,兵庫県,180,75,20031005,西宮ＳＳ-ガンバ大阪門真Ｊｒユース-静岡学園高-流通経済大,0,0,0,,,,,,,,,,,1,1060530,
249,Ｊ１百年構想,122,浦和,1639183,小森　飛絢,KOMORI Hiiro,FW,17,富山県,178,74,20000806,ＦＣひがし-富山第一高-新潟医療福祉大-ジェフユナイテッド千葉-シント＝トロイデンＶＶ／ベルギー-ジェフユナイテッド千葉,11,73,0,20220903,明治安田J2第34節,千葉,長崎,フクアリ,20230218,明治安田J2第1節,千葉,長崎,トラスタ,1,727357,727357
249,Ｊ１百年構想,122,浦和,1643560,肥田野　蓮治,HIDANO Renji,FW,36,千葉県,181,75,20031201,東習志野ＦＣ-ＦＣ東京Ｕ－１５深川-関東第一高-桐蔭横浜大,1,0,0,20251130,明治安田J1第37節,浦和,岡山,ＪＦＥス,20251130,明治安田J1第37節,浦和,岡山,ＪＦＥス,1,1036373,904874
249,Ｊ１百年構想,122,浦和,1647891,照内　利和,TERUUCHI Toshikazu,FW,27,静岡県,172,68,20061108,大宮春岡ＦＣ-浦和レッズジュニア-浦和レッズＪｒユース-浦和レッズユース,1,0,0,20251206,明治安田J1第38節,浦和,川崎Ｆ,埼玉,,,,,,1,1017539,896104
249,Ｊ１百年構想,121,千葉,1000632,鈴木　椋大,SUZUKI Ryota,GK,23,愛知県,192,93,19940210,豊川中部サッカー少年団-名古屋グランパスエイトＵ－１２-名古屋グランパス三好Ｊｒユース-横浜Ｆ・マリノスユース-横浜Ｆ・マリノス-東京ヴェルディ-横浜Ｆ・マリノス-ガンバ大阪-ジェフユナイテッド千葉-ガンバ大阪,0,84,14,20140413,J3第6節,J-22,福島,とうスタ,,,,,,1,727366,727366
249,Ｊ１百年構想,121,千葉,1601841,若原　智哉,WAKAHARA Tomoya,GK,35,滋賀県,186,83,19991228,矢倉ＦＣ-京都サンガF.C.Ｕ－１５-京都サンガF.C.Ｕ－１８-京都サンガF.C.-Ｖ・ファーレン長崎-京都サンガF.C.,18,96,0,20180512,明治安田J2第14節,京都,徳島,鳴門大塚,,,,,,1,255009,255009
249,Ｊ１百年構想,121,千葉,1633180,薄井　覇斗,USUI Haruto,GK,21,東京都,186,85,19990711,杉並ＦＣ-Ｆｏｒｚａ’０２-流通経済大付属柏高-流通経済大-松本山雅ＦＣ-サンフレッチェ広島-松本山雅ＦＣ,0,0,0,,,,,,,,,,,1,978605,895935
249,Ｊ１百年構想,121,千葉,1636859,ホセ　スアレス,JOSE SUAREZ,GK,19,スペイン,187,85,19951218,バルセロナＢ／スペイン-ＣＦペララーダ／スペイン-ジローナＦＣ／スペイン-ジムナスティック　タラゴナ／スペイン-ＡＤアルコルコン／スペイン-徳島ヴォルティス,0,118,0,20220330,明治安田J2第7節,徳島,山口,みらスタ,,,,,,1,13986,13986
249,Ｊ１百年構想,121,千葉,701094,鈴木　大輔,SUZUKI Daisuke,DF,13,東京都,182,74,19900129,仲良しスポーツ少年団-テイヘンズＦＣＪｒユース-星稜高-アルビレックス新潟-柏レイソル-ジムナスティック　タラゴナ／スペイン-柏レイソル-浦和レッズ,175,145,0,20100501,J1第9節,新潟,神戸,ホームズ,20110528,J1第13節,新潟,浦和,埼玉,1,26997,26997
249,Ｊ１百年構想,121,千葉,1100302,前　貴之,MAE Takayuki,DF,15,北海道,172,68,19930916,コンサドーレ札幌ユース・Ｕ－１２-コンサドーレ札幌ユース・Ｕ－１５-コンサドーレ札幌Ｕ－１８-コンサドーレ札幌-カターレ富山-北海道コンサドーレ札幌-レノファ山口ＦＣ-北海道コンサドーレ札幌-レノファ山口ＦＣ-横浜Ｆ・マリノス-松本山雅ＦＣ-横浜Ｆ・マリノス-松本山雅ＦＣ-レノファ山口ＦＣ,15,299,17,20110924,J2第29節,札幌,徳島,札幌厚別,20141011,J2第36節,富山,水戸,Ｋｓスタ,1,727152,727152
249,Ｊ１百年構想,121,千葉,1604890,河野　貴志,KAWANO Takashi,DF,28,宮崎県,186,82,19960617,都農ＦＣジュニア-都農中-鵬翔高-関西大-ギラヴァンツ北九州-ブラウブリッツ秋田,0,123,48,20190427,明治安田J3第7節,北九州,秋田,ソユスタ,20190810,明治安田J3第20節,北九州,Ｇ大23,ミクスタ,1,789890,789890
249,Ｊ１百年構想,121,千葉,1618063,鳥海　晃司,TORIUMI Koji,DF,24,千葉県,183,73,19950509,ＦＣウーノ木更津-ジェフユナイテッド千葉Ｕ－１５-ジェフユナイテッド千葉Ｕ－１８-明治大-ジェフユナイテッド千葉-セレッソ大阪,83,109,0,20180225,明治安田J2第1節,千葉,東京Ｖ,味スタ,20200919,明治安田J2第20節,千葉,岡山,フクアリ,1,74125,74125
249,Ｊ１百年構想,121,千葉,1635215,植田　悠太,UEDA Yuta,DF,26,滋賀県,173,62,20040706,ＦＣ瀬田-京都サンガF.C.Ｕ－１５-京都サンガF.C.Ｕ－１８-京都サンガF.C.-大宮アルディージャ-京都サンガF.C.,0,5,9,20240224,明治安田J3第1節,大宮,八戸,ＮＡＣＫ,,,,,,1,929452,815891
249,Ｊ１百年構想,121,千葉,1641150,久保庭　良太,KUBONIWA Ryota,DF,3,千葉県,182,70,20011014,千葉美浜ＦＣコパソル-ジェフユナイテッド千葉Ｕ－１５-ジェフユナイテッド千葉Ｕ－１８-立教大,0,15,0,20230923,明治安田J2第36節,千葉,仙台,フクアリ,,,,,,1,727364,727364
249,Ｊ１百年構想,121,千葉,1641392,石尾　陸登,ISHIO Rikuto,DF,39,愛知県,181,72,20010807,南姫ＦＣジャーボア-ＪＦＡアカデミー福島Ｕ－１５-ＪＦＡアカデミー福島Ｕ－１８-仙台大-ベガルタ仙台,0,54,0,20240225,明治安田J2第1節,仙台,大分,レゾド,20250308,明治安田J2第4節,仙台,長崎,Ｑスタ,1,813829,815348
249,Ｊ１百年構想,121,千葉,1656021,齋藤　隼士,SAITO Shunji,DF,46,千葉県,182,72,20080412,七栄ＦＣ-ＦＣラルクヴェール千葉,0,0,0,,,,,,,,,,,1,,
249,Ｊ１百年構想,121,千葉,700762,米倉　恒貴,YONEKURA Koki,MF,11,千葉県,176,71,19880517,西小中台ＦＣ-ＦＣ千葉なのはな-八千代高-ジェフユナイテッド千葉-ジェフリザーブズ-ジェフユナイテッド千葉-ガンバ大阪-ジェフユナイテッド千葉-ガンバ大阪,147,233,1,20070630,J1第18節,千葉,横浜FC,日産ス,20100314,J2第2節,千葉,鳥栖,フクアリ,1,727356,727356
249,Ｊ１百年構想,121,千葉,900106,田口　泰士,TAGUCHI Taishi,MF,4,沖縄県,176,76,19910316,小禄中-流通経済大付属柏高-名古屋グランパス-ジュビロ磐田,175,221,0,20090502,J1第9節,名古屋,京都,西京極,20120811,J1第21節,名古屋,清水,アウスタ,1,727358,727358
249,Ｊ１百年構想,121,千葉,1200953,小林　祐介,KOBAYASHI Yusuke,MF,5,埼玉県,172,64,19941023,尾間木サッカースポーツ少年団-柏レイソルＵ－１５-柏レイソルＵ－１８-柏レイソル-湘南ベルマーレ-柏レイソル,70,125,4,20140309,J3第1節,J-22,琉球,沖縄県陸,20170305,明治安田J1第2節,柏,Ｇ大阪,柏,1,727363,727363
249,Ｊ１百年構想,121,千葉,1504442,髙橋　壱晟,TAKAHASHI Issei,MF,2,青森県,180,81,19980420,造道小-青森山田中-青森山田高-ジェフユナイテッド千葉-レノファ山口ＦＣ-ジェフユナイテッド千葉-モンテディオ山形,0,200,0,20170226,明治安田J2第1節,千葉,町田,町田,20170408,明治安田J2第7節,千葉,群馬,フクアリ,1,727359,727359
249,Ｊ１百年構想,121,千葉,1600012,イサカ　ゼイン,ISSAKA Zain,MF,42,東京都,174,78,19970529,町田ＪＦＣ-町田ＪＦＣＪｒユース-桐光学園高-桐蔭横浜大-川崎フロンターレ-横浜ＦＣ-川崎フロンターレ-モンテディオ山形,1,143,0,20210602,明治安田J1第21節,川崎Ｆ,横浜FC,ニッパツ,20220501,明治安田J2第13節,横浜FC,群馬,正田スタ,1,73679,73679
249,Ｊ１百年構想,121,千葉,1602931,安井　拓也,YASUI Takuya,MF,41,兵庫県,175,67,19981121,天満南ＦＣ-パルセイロ稲美ＦＣ-ヴィッセル神戸Ｕ－１５-ヴィッセル神戸Ｕ－１８-ヴィッセル神戸-ＦＣ町田ゼルビア-ジェフユナイテッド千葉-ＦＣ今治,49,83,0,20171021,明治安田J1第30節,神戸,鳥栖,ノエスタ,20200912,明治安田J1第16節,神戸,FC東京,ノエスタ,1,26033,26033
249,Ｊ１百年構想,121,千葉,1604245,品田　愛斗,SHINADA Manato,MF,44,埼玉県,180,72,19990919,レジスタＦＣ-ＦＣ東京Ｕ－１５深川-ＦＣ東京Ｕ－１８-ＦＣ東京-ヴァンフォーレ甲府-ＦＣ東京-ジェフユナイテッド千葉-ＦＣ東京,20,76,82,20160911,明治安田J3第21節,Ｆ東23,盛岡,いわスタ,20200916,明治安田J1第24節,FC東京,大分,味スタ,1,26857,26857
249,Ｊ１百年構想,121,千葉,1604302,椿　直起,TSUBAKI Naoki,MF,14,東京都,172,65,20000623,横河武蔵野ＦＣジュニア-横河武蔵野ＦＣＪｒユース-横浜Ｆ・マリノスユース-横浜Ｆ・マリノス-ギラヴァンツ北九州-横浜Ｆ・マリノス-ギラヴァンツ北九州-横浜Ｆ・マリノス-メルボルンシティＦＣ／オーストラリア-横浜Ｆ・マリノス-ギラヴァンツ北九州-横浜Ｆ・マリノス-水戸ホーリーホック-横浜Ｆ・マリノス,0,166,5,20190907,明治安田J3第22節,北九州,Ｆ東23,味フィ西,20200729,明治安田J2第8節,北九州,徳島,ミクスタ,1,798063,798063
249,Ｊ１百年構想,121,千葉,1622683,津久井　匠海,TSUKUI Takumi,MF,8,群馬県,180,75,20020430,太田南サッカー少年団-江南南サッカー少年団-クマガヤサッカースポーツクラブ-横浜Ｆ・マリノスユース-横浜Ｆ・マリノス-ラインメール青森ＦＣ-横浜Ｆ・マリノス-ラインメール青森ＦＣ-横浜Ｆ・マリノス-アスルクラロ沼津-横浜Ｆ・マリノス-アスルクラロ沼津-水戸ホーリーホック-ＲＢ大宮アルディージャ,0,37,67,20230305,明治安田J3第1節,沼津,讃岐,ピカスタ,20230325,明治安田J3第4節,沼津,岩手,いわスタ,1,929088,815639
249,Ｊ１百年構想,121,千葉,1630056,日高　大,HIDAKA Masaru,MF,67,広島県,168,62,19950314,戸坂ＦＣ-広島大河ＦＣ-広島観音高-流通経済大-Ｈｏｎｄａ　ＦＣ-いわきＦＣ,0,88,32,20220313,明治安田J3第1節,いわき,鹿児島,白波スタ,20220612,明治安田J3第12節,いわき,讃岐,ピカスタ,1,727360,727360
249,Ｊ１百年構想,121,千葉,1630190,天笠　泰輝,AMAGASA Taiki,MF,32,群馬県,176,69,20000511,太田南サッカー少年団-前橋ＦＣ-青森山田高-関西大-ザスパ群馬-大分トリニータ,0,137,0,20210509,明治安田J2第13節,群馬,大宮,正田スタ,20220330,明治安田J2第7節,群馬,長崎,正田スタ,1,789867,789867
249,Ｊ１百年構想,121,千葉,1632219,杉山　直宏,SUGIYAMA Naohiro,MF,18,福岡県,176,69,19980907,折尾ＦＣ-アビスパ福岡Ｕ－１５-大津高-順天堂大-ロアッソ熊本-ガンバ大阪-モンテディオ山形-ガンバ大阪-ジェフユナイテッド千葉-ガンバ大阪,8,96,28,20210314,明治安田J3第1節,熊本,今治,夢スタ,20210516,明治安田J3第8節,熊本,長野,えがおＳ,1,606599,606599
249,Ｊ１百年構想,121,千葉,1632784,岩井　琢朗,IWAI Takuro,MF,27,岡山県,175,66,20021127,オオタＦＣ-アヴァンサールＦＣ-東福岡高-順天堂大,0,13,0,20240706,明治安田J2第23節,千葉,清水,アイスタ,,,,,,1,832899,892568
249,Ｊ１百年構想,121,千葉,1636316,エドゥアルド,EDUARDO,MF,6,ブラジル,170,69,19970201,ヴィラ　ノヴァＦＣ／ブラジル-グレミオ／ブラジル-ヴィラ　ノヴァＦＣ／ブラジル-クルーベ　ド　レモ／ブラジル-ＣＡヴォトゥポランゲンセ／ブラジル-ジャラグアＥＣ／ブラジル-ヴィラ　ノヴァＦＣ／ブラジル-ジュビロ磐田,2,83,0,20220529,明治安田J1第16節,磐田,横浜FM,ヤマハ,20230408,明治安田J2第8節,磐田,水戸,Ｋｓスタ,1,254445,254445
249,Ｊ１百年構想,121,千葉,1647011,猪狩　祐真,IGARI Yuma,MF,33,神奈川県,167,63,20030303,川崎フロンターレＵ－１２-川崎フロンターレＵ－１５-日大藤沢高-産業能率大,0,0,0,,,,,,,,,,,1,1049805,
249,Ｊ１百年構想,121,千葉,1653085,姫野　誠,HIMENO Makoto,MF,37,千葉県,171,66,20080812,ジェフユナイテッド千葉Ｕ－１２-ジェフユナイテッド千葉Ｕ－１５,0,0,0,,,,,,,,,,,1,1006363,905005
249,Ｊ１百年構想,121,千葉,1656019,伊藤　暖,ITO Haru,MF,47,東京都,171,66,20090303,ジェフユナイテッド千葉Ｕ－１２-ジェフユナイテッド千葉Ｕ－１５,0,0,0,,,,,,,,,,,1,,
249,Ｊ１百年構想,121,千葉,1503479,呉屋　大翔,GOYA Hiroto,FW,9,大阪府,179,73,19940102,ケヤキＦＣ-ヴィッセル神戸Ｊｒユース-流通経済大付属柏高-関西学院大-ガンバ大阪-徳島ヴォルティス-ガンバ大阪-Ｖ・ファーレン長崎-ガンバ大阪-柏レイソル-大分トリニータ,69,159,13,20160306,明治安田J1 1st第2節,Ｇ大阪,甲府,中銀スタ,20160320,明治安田J3第2節,Ｇ大23,盛岡,吹田Ｓ,1,727367,727367
249,Ｊ１百年構想,121,千葉,1503723,石川　大地,ISHIKAWA Daichi,FW,20,茨城県,176,70,19960222,神栖第二中-水戸啓明高-桐蔭横浜大-ＦＣ岐阜-アスルクラロ沼津-ＦＣ岐阜-ガイナーレ鳥取-ロアッソ熊本,0,91,84,20180811,明治安田J2第28節,岐阜,京都,長良川,20181013,明治安田J2第37節,岐阜,岡山,長良川,1,798151,798151
249,Ｊ１百年構想,121,千葉,1612122,田中　和樹,TANAKA Kazuki,FW,7,栃木県,173,67,20000113,パルＳＣ-ヴェルディＳＳ小山-浦和学院高-法政大-京都サンガF.C.-ジェフユナイテッド千葉-京都サンガF.C.,1,92,3,20170521,明治安田J3第9節,Ｆ東23,盛岡,いわスタ,20231008,明治安田J2第38節,千葉,水戸,フクアリ,1,255022,255022
249,Ｊ１百年構想,121,千葉,1629926,カルリーニョス　ジュニオ,CARLINHOS JUNIOR,FW,10,ブラジル,174,71,19940808,パラナ　クルーベ／ブラジル-ボタフォゴＦＣ／ブラジル-ＦＣルガーノ／スイス-清水エスパルス,72,98,0,20200704,明治安田J1第2節,清水,名古屋,アイスタ,20200722,明治安田J1第6節,清水,鳥栖,駅スタ,1,23971,23971
249,Ｊ１百年構想,121,千葉,1655840,松村　拓実,MATSUMURA Takumi,FW,30,大阪府,178,73,20040103,大阪東淀川ＦＣジュニア-大阪東淀川ＦＣＪｒユース-静岡学園高-拓殖大,0,0,0,,,,,,,,,,,1,1060612,
249,Ｊ１百年構想,132,柏,1300058,永井　堅梧,NAGAI Kengo,GK,29,埼玉県,184,80,19941106,新座片山ＦＣ少年団-三菱養和巣鴨Ｊｒユース-三菱養和ＳＣ-松本山雅ＦＣ-カターレ富山-松本山雅ＦＣ-カターレ富山-松本山雅ＦＣ-カターレ富山-松本山雅ＦＣ-カターレ富山-松本山雅ＦＣ-徳島ヴォルティス-松本山雅ＦＣ-ギラヴァンツ北九州-松本山雅ＦＣ-清水エスパルス-横浜ＦＣ-清水エスパルス-徳島ヴォルティス,18,41,99,20140323,J3第3節,J-22,盛岡,盛岡南,,,,,,1,254519,254519
249,Ｊ１百年構想,132,柏,1300961,小島　亨介,KOJIMA Ryosuke,GK,25,愛知県,183,85,19970130,下山ＦＣ-名古屋グランパス三好ＦＣ-名古屋グランパスＵ－１８-早稲田大-大分トリニータ-アルビレックス新潟-大分トリニータ-アルビレックス新潟-大分トリニータ-アルビレックス新潟,101,73,0,20200223,明治安田J2第1節,新潟,群馬,正田スタ,,,,,,1,606987,606987
249,Ｊ１百年構想,132,柏,1607370,猿田　遥己,SARUTA Haruki,GK,1,東京都,191,83,19990423,ＦＣ大泉学園-横河武蔵野ＦＣジュニア-横河武蔵野ＦＣＪｒユース-柏レイソルＵ－１８-柏レイソル-鹿児島ユナイテッドＦＣ-柏レイソル-ガンバ大阪-柏レイソル-横浜ＦＣ,0,0,2,20200628,明治安田J3第1節,Ｇ大23,讃岐,ピカスタ,,,,,,1,254549,254549
249,Ｊ１百年構想,132,柏,1627755,松本　健太,MATSUMOTO Kenta,GK,46,千葉県,186,83,19970504,柏イーグルスＴＯＲ８２-柏レイソルＵ－１５-柏レイソルＵ－１８-東洋大-柏レイソル-大宮アルディージャ,61,0,0,20220618,明治安田J1第17節,柏,神戸,三協Ｆ柏,,,,,,1,254528,254528
249,Ｊ１百年構想,132,柏,1630052,坂田　大樹,SAKATA Daiki,GK,41,千葉県,184,84,19940911,梅郷ＳＣ-柏イーグルスＴＯＲ８２-流通経済大付属柏高-流通経済大-いわきＦＣ-アビスパ福岡,0,0,20,20220702,明治安田J3第15節,いわき,宮崎,Ｊスタ,,,,,,1,,
249,Ｊ１百年構想,132,柏,1200017,犬飼　智也,INUKAI Tomoya,DF,13,静岡県,182,78,19930512,東源台ＦＣ-清水エスパルスＪｒユース-清水エスパルスユース-清水エスパルス-松本山雅ＦＣ-清水エスパルス-松本山雅ＦＣ-清水エスパルス-鹿島アントラーズ-浦和レッズ-柏レイソル-浦和レッズ,202,89,0,20120825,J1第23節,清水,浦和,エコパ,20130818,J2第29節,松本,千葉,松本,1,26879,26879
249,Ｊ１百年構想,132,柏,1401518,野田　裕喜,NODA Hiroki,DF,22,熊本県,181,73,19970727,ブレイズ熊本ジュニア-ブレイズ熊本Ｊｒユース-大津高-ガンバ大阪-モンテディオ山形-ガンバ大阪-モンテディオ山形,6,156,67,20141123,J2第42節,熊本,福岡,レベスタ,20160529,明治安田J3第11節,Ｇ大23,鹿児島,鴨池,1,727012,727012
249,Ｊ１百年構想,132,柏,1600029,杉岡　大暉,SUGIOKA Daiki,DF,26,東京都,182,75,19980908,レジスタＦＣ-ＦＣ東京Ｕ－１５深川-市立船橋高-湘南ベルマーレ-鹿島アントラーズ-湘南ベルマーレ-鹿島アントラーズ-湘南ベルマーレ-ＦＣ町田ゼルビア-湘南ベルマーレ,183,37,0,20170226,明治安田J2第1節,湘南,水戸,Ｋｓスタ,20170304,明治安田J2第2節,湘南,群馬,ＢＭＷス,1,254477,254477
249,Ｊ１百年構想,132,柏,1600210,三丸　拡,MITSUMARU Hiromu,DF,2,栃木県,172,72,19930706,大谷北ＦＣ-小山第三中-真岡高-筑波大-サガン鳥栖,176,0,0,20160402,明治安田J1 1st第5節,鳥栖,柏,ベアスタ,20211016,明治安田J1第32節,柏,清水,アイスタ,1,254448,254448
249,Ｊ１百年構想,132,柏,1603080,古賀　太陽,KOGA Taiyo,DF,4,新潟県,184,80,19981028,舞浜ＦＣファルコンズ-柏レイソルＵ－１２-柏レイソルＵ－１５-柏レイソルＵ－１８-柏レイソル-アビスパ福岡,219,58,0,20170305,明治安田J1第2節,柏,Ｇ大阪,柏,20190403,明治安田J2第7節,柏,長崎,三協Ｆ柏,1,254452,254452
249,Ｊ１百年構想,132,柏,1604178,成瀬　竣平,NARUSE Shumpei,DF,31,愛知県,166,63,20010117,瀬戸ＦＣジュニア-名古屋グランパスＵ－１５-名古屋グランパスＵ－１８-名古屋グランパス-ファジアーノ岡山-名古屋グランパス-モンテディオ山形-名古屋グランパス-水戸ホーリーホック-名古屋グランパス-Ｖ・ファーレン長崎-名古屋グランパス,46,49,0,20180318,明治安田J1第4節,名古屋,川崎Ｆ,豊田ス,,,,,,1,26914,26914
249,Ｊ１百年構想,132,柏,1613331,馬場　晴也,BABA Seiya,DF,88,千葉県,181,76,20011024,Ｒｅｆｉｎｏ-東京ヴェルディＪｒユース-東京ヴェルディユース-東京ヴェルディ-北海道コンサドーレ札幌,68,56,0,20201213,明治安田J2第40節,東京Ｖ,長崎,味スタ,20240403,明治安田J1第6節,札幌,名古屋,札幌ド,1,606602,606602
249,Ｊ１百年構想,132,柏,1627436,原田　亘,HARADA Wataru,DF,42,兵庫県,178,77,19960722,霞ケ丘学園ＳＣ-ヴィッセル神戸Ｕ－１５-星稜高-日本体育大-ＦＣ今治-サガン鳥栖,120,0,53,20200627,明治安田J3第1節,今治,岐阜,長良川,20201007,明治安田J3第20節,今治,岐阜,夢スタ,1,254400,254400
249,Ｊ１百年構想,132,柏,1637309,山之内　佑成,YAMANOUCHI Yusei,DF,32,愛知県,179,78,20030901,浅井北ＳＳ-ＦＣディバイン-ＪＦＡアカデミー福島Ｕ－１５-ＪＦＡアカデミー福島Ｕ－１８-東洋大,5,0,0,20251004,明治安田J1第33節,柏,横浜FM,三協Ｆ柏,,,,,,1,1030797,896721
249,Ｊ１百年構想,132,柏,1641612,常藤　奏,TSUNETO Kanade,DF,56,広島県,183,78,20040713,福山西ＳＣ-福山ローザス　セレソン-ＦＣバイエルンツネイシ-興國高-中央大在学中,0,0,0,,,,,,,,,,,1,,
249,Ｊ１百年構想,132,柏,900649,原川　力,HARAKAWA Riki,MF,40,山口県,175,72,19930818,レオーネ山口-京都サンガF.C.Ｕ－１８-京都サンガF.C.-愛媛ＦＣ-京都サンガF.C.-川崎フロンターレ-サガン鳥栖-川崎フロンターレ-サガン鳥栖-セレッソ大阪-ＦＣ東京-セレッソ大阪-ＦＣ東京,226,71,1,20120722,J2第25節,京都,愛媛,西京極,20140726,J2第23節,愛媛,札幌,ニンスタ,1,26941,26941
249,Ｊ１百年構想,132,柏,1100131,仲間　隼斗,NAKAMA Hayato,MF,19,群馬県,171,69,19920516,吾妻ジュニア-柏レイソルＵ－１５-柏レイソルＵ－１８-ロアッソ熊本-カマタマーレ讃岐-ロアッソ熊本-カマタマーレ讃岐-ファジアーノ岡山-柏レイソル-鹿島アントラーズ,151,295,0,20110306,J2第1節,熊本,東京Ｖ,熊本,20110423,J2第8節,熊本,岐阜,熊本,1,254412,254412
249,Ｊ１百年構想,132,柏,1300447,汰木　康也,YURUKI Koya,MF,16,神奈川県,183,72,19950703,原ＦＣ-横浜Ｆ・マリノスプライマリー-横浜Ｆ・マリノスＪｒユース-横浜Ｆ・マリノスユース-モンテディオ山形-浦和レッズ-ヴィッセル神戸,164,91,18,20140302,J2第1節,山形,湘南,ＢＭＷス,20151025,明治安田J3第35節,J-22,藤枝,エコパ,1,27006,27006
249,Ｊ１百年構想,132,柏,1400848,手塚　康平,TEZUKA Kohei,MF,17,栃木県,177,71,19960406,ともぞうＳＣジュニア-柏レイソルＵ－１５-柏レイソルＵ－１８-オネハンガスポーツ／ニュージーランド-柏レイソル-横浜ＦＣ-柏レイソル-横浜ＦＣ-サガン鳥栖,137,40,0,20170401,明治安田J1第5節,柏,広島,Ｅスタ,20170430,明治安田J1第9節,柏,新潟,デンカＳ,1,26043,26043
249,Ｊ１百年構想,132,柏,1500292,小泉　佳穂,KOIZUMI Yoshio,MF,8,東京都,172,64,19961005,光が丘ＫＩＤ　ＳＣ-ＦＣ東京Ｕ－１５むさし-前橋育英高-青山学院大-ＦＣ琉球-浦和レッズ,142,50,0,20190403,明治安田J2第7節,琉球,千葉,フクアリ,20200909,明治安田J2第18節,琉球,大宮,タピスタ,1,151016,151016
249,Ｊ１百年構想,132,柏,1600146,瀬川　祐輔,SEGAWA Yusuke,MF,20,東京都,170,70,19940207,雪谷ＦＣ-日大二中-日大二高-明治大-ザスパクサツ群馬-大宮アルディージャ-柏レイソル-湘南ベルマーレ-川崎フロンターレ,185,82,0,20160228,明治安田J2第1節,群馬,岐阜,正田スタ,20160228,明治安田J2第1節,群馬,岐阜,正田スタ,1,254483,254483
249,Ｊ１百年構想,132,柏,1601436,小西　雄大,KONISHI Yudai,MF,21,徳島県,170,71,19980418,林ＳＣ-プルミエール徳島ＳＣ-ガンバ大阪Ｊｒユース-ガンバ大阪ユース-徳島ヴォルティス-モンテディオ山形,34,203,2,20160501,明治安田J3第7節,Ｇ大23,秋田,Ａ‐スタ,20180512,明治安田J2第14節,徳島,京都,鳴門大塚,1,727019,727019
249,Ｊ１百年構想,132,柏,1611125,戸嶋　祥郎,TOSHIMA Sachiro,MF,28,埼玉県,170,69,19950926,浦和常盤サッカースポーツ少年団-浦和レッズＪｒユース-市立浦和高-筑波大-アルビレックス新潟,129,66,0,20180325,明治安田J2第6節,新潟,徳島,デンカＳ,20180908,明治安田J2第32節,新潟,岐阜,デンカＳ,1,254453,254453
249,Ｊ１百年構想,132,柏,1617910,渡井　理己,WATAI Masaki,MF,11,静岡県,168,66,19990718,富丘サッカースポーツ少年団-リベルダージＦＣ-静岡学園高-徳島ヴォルティス-ボアヴィスタＦＣ／ポルトガル-徳島ヴォルティス,55,92,0,20190330,明治安田J2第6節,徳島,新潟,鳴門大塚,20190615,明治安田J2第18節,徳島,横浜FC,ニッパツ,1,188381,188381
249,Ｊ１百年構想,132,柏,1620802,山田　雄士,YAMADA Yuto,MF,6,千葉県,169,63,20000517,ＦＣ高津-柏レイソルＵ－１５-柏レイソルＵ－１８-柏レイソル-栃木ＳＣ,76,25,0,20200722,明治安田J1第6節,柏,浦和,埼玉,20230503,明治安田J2第13節,栃木,金沢,カンセキ,1,254504,254504
249,Ｊ１百年構想,132,柏,1627551,大久保　智明,OKUBO Tomoaki,MF,14,東京都,170,62,19980723,ビートルイレブン-東京ヴェルディジュニア-東京ヴェルディＪｒユース-東京ヴェルディユース-中央大-浦和レッズ,110,0,0,20210317,明治安田J1第5節,浦和,札幌,埼玉,20210911,明治安田J1第28節,浦和,横浜FC,ニッパツ,1,151017,151017
249,Ｊ１百年構想,132,柏,1634324,久保　藤次郎,KUBO Tojiro,MF,24,愛知県,167,64,19990405,ＦＣヴェルダン-グランパスみよしＦＣ-帝京大可児高-中京大-藤枝ＭＹＦＣ-名古屋グランパス-サガン鳥栖-名古屋グランパス,59,27,36,20210626,明治安田J3第13節,藤枝,宮崎,藤枝サ,20210919,明治安田J3第19節,藤枝,福島,藤枝サ,1,731816,731816
249,Ｊ１百年構想,132,柏,1635453,中川　敦瑛,NAKAGAWA Nobuteru,MF,39,神奈川県,173,71,20020515,横浜サッカークラブつばさ-横浜ＦＣＪｒユース-横浜ＦＣユース-法政大,21,0,0,20250510,明治安田J1第16節,柏,岡山,三協Ｆ柏,20250810,明治安田J1第25節,柏,湘南,三協Ｆ柏,1,1006291,896131
249,Ｊ１百年構想,132,柏,1635485,山内　日向汰,YAMAUCHI Hinata,MF,87,愛知県,170,66,20010530,横浜バディＳＣ-横浜港北ＳＣ-川崎フロンターレＵ－１２-川崎フロンターレＵ－１５-川崎フロンターレＵ－１８-桐蔭横浜大-川崎フロンターレ-ベガルタ仙台-川崎フロンターレ,19,8,0,20240330,明治安田J1第5節,川崎Ｆ,FC東京,Ｕ等々力,20250215,明治安田J1第1節,川崎Ｆ,名古屋,Ｕ等々力,1,810776,810776
249,Ｊ１百年構想,132,柏,1636246,土屋　巧,TSUCHIYA Takumi,MF,34,栃木県,180,77,20031025,ともぞうＳＣジュニア-ヴェルフェたかはら那須-ウイングスＳＣ-日本体育大柏高-柏レイソル-ヴァンフォーレ甲府,41,30,0,20220806,明治安田J1第24節,柏,京都,サンガＳ,20250309,明治安田J2第4節,甲府,藤枝,ＪＩＴス,1,254455,254455
249,Ｊ１百年構想,132,柏,1637046,熊坂　光希,KUMASAKA Koki,MF,27,埼玉県,185,80,20010415,彦成ＦＣ-南郷ＦＣ-戸ヶ崎イレブン-柏レイソルＵ－１５-柏レイソルＵ－１８-東京国際大,28,0,0,20240330,明治安田J1第5節,柏,新潟,デンカＳ,,,,,,1,816677,895949
249,Ｊ１百年構想,132,柏,1637253,島野　怜,SHIMANO Rei,MF,38,石川県,183,83,20040107,愛知ＦＣ　Ｕ－１２-美川ＦＣジュニア-鹿島アントラーズＪｒユース-仙台育英学園高-明治大,0,0,0,,,,,,,,,,,1,1045799,
249,Ｊ１百年構想,132,柏,1641583,古谷　柊介,FURUYA Shusuke,MF,30,千葉県,174,73,20050126,柏レイソルＡ．Ａ．ＴＯＲ’８２-日本体育大柏高-東京国際大在学中,0,0,0,,,,,,,,,,,1,,
249,Ｊ１百年構想,132,柏,1643559,岩永　創太,IWANAGA Sota,MF,33,熊本県,166,64,20051007,ＣＯＳＭＯＳ．ＳＣ-ＵＫＩ－Ｃ．ＦＣ-アビスパ福岡Ｕ－１８-九州産業大在学中,0,0,0,,,,,,,,,,,1,,
249,Ｊ１百年構想,132,柏,1649826,長南　開史,CHONAN Kaiji,MF,23,栃木県,176,70,20090407,柳崎ＳＣジュニア-柏レイソルＵ－１２-柏レイソルＵ－１５,0,0,0,,,,,,,,,,,1,,
249,Ｊ１百年構想,132,柏,1651576,角田　惠風,TSUNODA Yoshikaze,MF,37,神奈川県,171,68,20030818,鵠南ＦＣ-ＳＣＨ　ＦＣ-横浜Ｆ・マリノスＪｒユース追浜-横浜Ｆ・マリノスユース-慶応義塾大,0,0,0,,,,,,,,,,,1,,
249,Ｊ１百年構想,132,柏,1600141,垣田　裕暉,KAKITA Yuki,FW,18,群馬県,187,78,19970714,板倉ＳＣジュニア-鹿島アントラーズＪｒユース-鹿島アントラーズユース-鹿島アントラーズ-ツエーゲン金沢-鹿島アントラーズ-ツエーゲン金沢-鹿島アントラーズ-ツエーゲン金沢-鹿島アントラーズ-徳島ヴォルティス-鹿島アントラーズ-サガン鳥栖-鹿島アントラーズ,151,147,0,20160713,明治安田J1 2nd第3節,鹿島,名古屋,カシマ,20170811,明治安田J2第27節,金沢,山形,ＮＤスタ,1,254465,254465
249,Ｊ１百年構想,132,柏,1625303,細谷　真大,HOSOYA Mao,FW,9,茨城県,178,78,20010907,柏レイソルＡ．Ａ．ＴＯＲ’８２-柏レイソルＵ－１５-柏レイソルＵ－１８,165,6,0,20190330,明治安田J2第6節,柏,東京Ｖ,味スタ,20210703,明治安田J1第21節,柏,横浜FM,三協Ｆ柏,1,254449,254449
249,Ｊ１百年構想,132,柏,1632203,小見　洋太,KOMI Yota,FW,15,埼玉県,169,67,20020811,ＦＣリアン-ＦＣ　ＬＡＶＩＤＡ-昌平高-アルビレックス新潟,81,27,0,20211031,明治安田J2第36節,新潟,岡山,Ｃスタ,20220521,明治安田J2第17節,新潟,横浜FC,デンカＳ,1,606993,606993
249,Ｊ１百年構想,132,柏,1637066,古澤　ナベル慈宇,FURUSAWA NaberuYoshitaka,FW,36,埼玉県,182,86,20030328,ＰＩＯＮＥＩＲＯ-クリアージュＦＣ-青森山田高-東京国際大,0,0,0,,,,,,,,,,,1,,896132
249,Ｊ１百年構想,270,FC東京,801425,キム　スンギュ,KIM Seung Gyu,GK,81,大韓民国,189,83,19900930,チョナ小／大韓民国-ヒョンデ中／大韓民国-ヒョンデ高／大韓民国-蔚山現代ＦＣ／大韓民国-ヴィッセル神戸-蔚山現代ＦＣ／大韓民国-柏レイソル-アル　シャバブ／サウジアラビア,193,0,0,20160227,明治安田J1 1st第1節,神戸,甲府,ノエスタ,,,,,,1,11917,11917
249,Ｊ１百年構想,270,FC東京,1636249,田中　颯,TANAKA Hayate,GK,1,東京都,184,79,19990610,東京ヴェルディジュニア-東京ヴェルディＪｒユース-東京ヴェルディユース-京都産業大-徳島ヴォルティス,0,60,0,20230312,明治安田J2第4節,徳島,東京Ｖ,鳴門大塚,,,,,,1,790933,790933
249,Ｊ１百年構想,270,FC東京,1636506,小林　将天,KOBAYASHI Masataka,GK,31,東京都,191,87,20050920,荻小ＳＣ-ＦＣ東京Ｕ－１５むさし-ＦＣ東京Ｕ－１８,0,0,0,,,,,,,,,,,1,978598,896124
249,Ｊ１百年構想,270,FC東京,1642031,後藤　亘,GOTO Wataru,GK,58,千葉県,193,85,20060508,Ｗｉｎｇｓ　Ｕ－１２-ＦＣ東京Ｕ－１５深川-ＦＣ東京Ｕ－１８,0,0,0,,,,,,,,,,,1,,
249,Ｊ１百年構想,270,FC東京,1646458,新堀　恵太,NIIBORI Keita,GK,52,東京都,191,84,20080925,松が谷ＦＣ-Ｇｒａｎｔ　ＦＣ-ＦＣ東京Ｕ－１５むさし,0,0,0,,,,,,,,,,,1,,
249,Ｊ１百年構想,270,FC東京,1646459,渡邊　麻舟,WATANABE Matthew,GK,51,東京都,186,85,20080424,ＦＣトリプレッタ-ＦＣ東京Ｕ－１５深川,0,0,0,,,,,,,,,,,1,,
249,Ｊ１百年構想,270,FC東京,600085,森重　真人,MORISHIGE Masato,DF,3,広島県,183,80,19870521,高陽ＦＣ-サンフレッチェ広島Ｊｒユース-広島皆実高-大分トリニータ,513,37,0,20060312,J1第2節,大分,広島,九石ド,20071201,J1第34節,大分,新潟,東北電ス,1,26850,26850
249,Ｊ１百年構想,270,FC東京,701087,長友　佑都,NAGATOMO Yuto,DF,5,愛媛県,170,68,19860912,神拝小-北中-東福岡高-明治大-ＦＣ東京-チェゼーナ／イタリア-ＦＣ東京-チェゼーナ／イタリア-インテル　ミラノ／イタリア-チェゼーナ／イタリア-インテル　ミラノ／イタリア-ガラタサライ／トルコ-オリンピック　マルセイユ／フランス,197,0,0,20080308,J1第1節,Ｆ東京,神戸,味スタ,20080503,J1第10節,Ｆ東京,大宮,ＮＡＣＫ,1,11062,11062
249,Ｊ１百年構想,270,FC東京,1400642,木本　恭生,KIMOTO Yasuki,DF,4,静岡県,184,78,19930806,富士見台サッカースポーツ少年団-静岡学園中-静岡学園高-福岡大-セレッソ大阪-名古屋グランパス-ＦＣ東京-サガン鳥栖,216,7,23,20160313,明治安田J3第1節,Ｃ大23,盛岡,金鳥スタ,20160608,明治安田J2第17節,Ｃ大阪,長崎,長崎県立,1,26820,26820
249,Ｊ１百年構想,270,FC東京,1400645,室屋　成,MUROYA Sei,DF,2,大阪府,176,70,19940405,ゼッセル熊取ＦＣ-青森山田高-明治大-ＦＣ東京-ハノーファー９６／ドイツ,125,0,5,20160612,明治安田J3第12節,Ｆ東23,藤枝,味フィ西,20180411,明治安田J1第7節,FC東京,鹿島,味スタ,1,26855,26855
249,Ｊ１百年構想,270,FC東京,1502901,アレクサンダー　ショルツ,ALEXANDER SCHOLZ,DF,24,デンマーク,189,84,19921024,ヴェイレＢＫ／デンマーク-ＵＭＦストヤルナン／アイスランド-スポルティング　ロケレン／ベルギー-スタンダール　リエージュ／ベルギー-クラブ　ブルージュ／ベルギー-ＦＣミッティラン／デンマーク-浦和レッズ-アル　ワクラＳＣ／カタール,110,0,0,20210814,明治安田J1第24節,浦和,鳥栖,浦和駒場,20220319,明治安田J1第5節,浦和,磐田,埼玉,1,544,544
249,Ｊ１百年構想,270,FC東京,1618671,バングーナガンデ　佳史扶,BANGNAGANDE Kashif,DF,6,東京都,176,74,20010924,ＦＣアビリスタ-ＦＣ東京Ｕ－１５深川-ＦＣ東京Ｕ－１８,68,0,25,20180311,明治安田J3第1節,Ｆ東23,沼津,夢の島,20220827,明治安田J1第27節,FC東京,柏,三協Ｆ柏,1,254426,254426
249,Ｊ１百年構想,270,FC東京,1625428,大森　理生,OMORI Rio,DF,15,東京都,186,82,20020721,ＪＡＣＰＡ東京ＦＣ-ＦＣ東京Ｕ－１５むさし-ＦＣ東京Ｕ－１８-ＦＣ東京-ＦＣ琉球-ＦＣ東京-大宮アルディージャ-ＦＣ東京-いわきＦＣ-ＦＣ東京-ＦＣ今治,1,102,21,20190505,明治安田J3第8節,Ｆ東23,Ｃ大23,味フィ西,20220706,明治安田J2第25節,琉球,岩手,いわスタ,1,798092,798092
249,Ｊ１百年構想,270,FC東京,1630141,橋本　健人,HASHIMOTO Kento,DF,42,神奈川県,173,68,19991208,横浜港北ＳＣ-横浜ＦＣＪｒユース-横浜ＦＣユース-慶応大-レノファ山口ＦＣ-横浜ＦＣ-レノファ山口ＦＣ-徳島ヴォルティス-アルビレックス新潟,43,74,0,20200715,明治安田J2第5節,山口,徳島,鳴門大塚,20211205,明治安田J2第42節,山口,愛媛,ニンスタ,1,606625,606625
249,Ｊ１百年構想,270,FC東京,1636504,東　廉太,HIGASHI Renta,DF,50,山口県,190,84,20040617,柳東サッカースポーツ少年団-高川学園中-ＦＣ東京Ｕ－１８-ＦＣ東京-ＳＣ相模原-ＦＣ東京-ギラヴァンツ北九州,0,0,16,20230805,明治安田J3第21節,相模原,讃岐,ギオンス,,,,,,1,254527,254527
249,Ｊ１百年構想,270,FC東京,1636505,土肥　幹太,DOI Kanta,DF,32,東京都,186,78,20041110,Ｏｄｄ　Ｐｅｒｓｏｎ　Ｊｕｎｉｏｒ　ＦＣ-ＦＣ東京Ｕ－１５むさし-ＦＣ東京Ｕ－１８,38,0,0,20231203,明治安田J1第34節,FC東京,湘南,レモンＳ,,,,,,1,750521,750521
249,Ｊ１百年構想,270,FC東京,1637095,稲村　隼翔,INAMURA Hayato,DF,17,東京都,182,72,20020506,ＦＣ東京Ｕ－１５深川-前橋育英高-東洋大-アルビレックス新潟-セルティックＦＣ／スコットランド,28,0,0,20240427,明治安田J1第10節,新潟,FC東京,デンカＳ,20250621,明治安田J1第21節,新潟,福岡,ベススタ,1,818625,890359
249,Ｊ１百年構想,270,FC東京,1643405,鈴木　楓,SUZUKI Kaede,DF,44,東京都,180,78,20070605,ホワイトダックスＳ．Ｃ．-ＦＣ東京Ｕ－１５むさし-ＦＣ東京Ｕ－１８,0,0,0,,,,,,,,,,,1,,
249,Ｊ１百年構想,270,FC東京,900048,東　慶悟,HIGASHI Keigo,MF,10,福岡県,178,72,19900720,深町ＳＣ-若松中-大分トリニータＵ－１８-大分トリニータ-大宮アルディージャ,410,29,0,20090404,J1第4節,大分,浦和,埼玉,20090801,J1第20節,大分,名古屋,九石ド,1,26847,26847
249,Ｊ１百年構想,270,FC東京,1000641,橋本　拳人,HASHIMOTO Kento,MF,18,東京都,183,74,19930816,フナトアミーゴＳＣ-ＦＣ東京Ｕ－１５深川-ＦＣ東京Ｕ－１８-ＦＣ東京-ロアッソ熊本-ＦＣ東京-ロアッソ熊本-ＦＣ東京-ＦＣロストフ／ロシア連邦-ヴィッセル神戸-ＳＤウエスカ／スペイン-ＳＤエイバル／スペイン,169,60,5,20130503,J2第12節,熊本,水戸,うまスタ,20150607,明治安田J1 1st第15節,FC東京,松本,松本,1,26851,26851
249,Ｊ１百年構想,270,FC東京,1400051,小泉　慶,KOIZUMI Kei,MF,37,東京都,171,70,19950419,柏ラッセルＦＣ-横浜Ｆ・マリノスプライマリー-横浜Ｆ・マリノスＪｒユース-流通経済大付属柏高-アルビレックス新潟-柏レイソル-鹿島アントラーズ-サガン鳥栖,321,1,1,20140329,J1第5節,新潟,Ｃ大阪,金鳥スタ,20150711,明治安田J1 2nd第1節,新潟,鹿島,デンカＳ,1,26884,26884
249,Ｊ１百年構想,270,FC東京,1600022,高　宇洋,KO Takahiro,MF,8,神奈川県,172,69,19980420,ＦＣ中原-川崎フロンターレＵ－１２-川崎フロンターレＵ－１５-市立船橋高-ガンバ大阪-レノファ山口ＦＣ-ガンバ大阪-レノファ山口ＦＣ-ガンバ大阪-アルビレックス新潟,117,133,51,20170312,明治安田J3第1節,Ｇ大23,鳥取,吹田Ｓ,20180401,明治安田J3第5節,Ｇ大23,藤枝,吹田Ｓ,1,606995,606995
249,Ｊ１百年構想,270,FC東京,1600177,遠藤　渓太,ENDO Keita,MF,22,神奈川県,176,73,19971122,二俣川ＳＣ-横浜Ｆ・マリノスＪｒユース-横浜Ｆ・マリノスユース-横浜Ｆ・マリノス-１．ＦＣ　ウニオンベルリン／ドイツ-アイントラハト　ブラウンシュヴァイク／ドイツ-１．ＦＣ　ウニオンベルリン／ドイツ,153,0,0,20160312,明治安田J1 1st第3節,横浜FM,新潟,デンカＳ,20170930,明治安田J1第28節,横浜FM,Ｇ大阪,吹田Ｓ,1,27040,27040
249,Ｊ１百年構想,270,FC東京,1627192,常盤　亨太,TOKIWA Kyota,MF,27,東京都,173,69,20020409,レジスタＦＣ-ＦＣ東京Ｕ－１５深川-ＦＣ東京Ｕ－１８-明治大,7,0,15,20190608,明治安田J3第11節,Ｆ東23,長野,味フィ西,20191109,明治安田J3第30節,Ｆ東23,秋田,夢の島,1,999864,896123
249,Ｊ１百年構想,270,FC東京,1628223,山田　楓喜,YAMADA Fuki,MF,71,滋賀県,181,73,20010710,土山スポーツ少年団-京都サンガF.C.Ｕ－１５-京都サンガF.C.Ｕ－１８-京都サンガF.C.-東京ヴェルディ-京都サンガF.C.-ＣＤナシオナル／ポルトガル-京都サンガF.C.,64,0,0,20220402,明治安田J1第6節,京都,神戸,ノエスタ,20220402,明治安田J1第6節,京都,神戸,ノエスタ,1,255019,255019
249,Ｊ１百年構想,270,FC東京,1636503,荒井　悠汰,ARAI Yuta,MF,48,埼玉県,175,71,20040613,ＦＣ白岡南-ＦＣ　ＬＡＶＩＤＡ-昌平高-ＦＣ東京-カターレ富山,2,0,3,20230304,明治安田J1第3節,FC東京,京都,サンガＳ,,,,,,1,,
249,Ｊ１百年構想,270,FC東京,1636792,俵積田　晃太,TAWARATSUMIDA Kota,MF,33,神奈川県,175,73,20040514,ＡＲＴＥ八王子ＦＣジュニア-ＦＣ東京Ｕ－１５むさし-ＦＣ東京Ｕ－１８,94,0,0,20230226,明治安田J1第2節,FC東京,柏,三協Ｆ柏,20230923,明治安田J1第28節,FC東京,鳥栖,味スタ,1,606607,606607
249,Ｊ１百年構想,270,FC東京,1641151,佐藤　龍之介,SATO Ryunosuke,MF,23,東京都,171,65,20061016,ＪＡＣＰＡ東京ＦＣ-ＦＣ東京Ｕ－１５むさし-ＦＣ東京Ｕ－１８-ＦＣ東京-ファジアーノ岡山,31,0,0,20240421,明治安田J1第9節,FC東京,町田,味スタ,20250402,明治安田J1第8節,岡山,Ｃ大阪,ヨドコウ,1,799402,799402
249,Ｊ１百年構想,270,FC東京,1643407,菅原　悠太,SUGAWARA Yuta,MF,21,東京都,173,67,20070907,ＦＣ保谷-ＪＡＣＰＡ東京ＦＣ-ＦＣ東京Ｕ－１５むさし-ＦＣ東京Ｕ－１８,0,0,0,,,,,,,,,,,1,1065737,
249,Ｊ１百年構想,270,FC東京,1644476,田中　希和,TANAKA Kio,MF,38,東京都,172,66,20070807,府中新町ＦＣ-ＦＣ東京Ｕ－１５むさし-ＦＣ東京Ｕ－１８,0,0,0,,,,,,,,,,,1,,
249,Ｊ１百年構想,270,FC東京,1646471,北原　槙,KITAHARA Maki,MF,77,東京都,175,68,20090707,ＪＡＣＰＡ東京ＦＣ-ＦＣ東京Ｕ－１５むさし,7,0,0,20250301,明治安田J1第4節,FC東京,鹿島,カシマ,,,,,,1,1000908,896247
249,Ｊ１百年構想,270,FC東京,1400647,仲川　輝人,NAKAGAWA Teruhito,FW,39,神奈川県,161,58,19920727,川崎フロンターレＵ－１５-川崎フロンターレＵ－１８-専修大-横浜Ｆ・マリノス-ＦＣ町田ゼルビア-横浜Ｆ・マリノス-アビスパ福岡-横浜Ｆ・マリノス,234,30,0,20150912,明治安田J1 2nd第10節,横浜FM,新潟,デンカＳ,20160918,明治安田J2第32節,町田,金沢,石川西部,1,27039,27039
249,Ｊ１百年構想,270,FC東京,1627742,野澤　零温,NOZAWA Leon,FW,28,東京都,174,69,20030721,アミーゴＦＣ-ＦＣ東京Ｕ－１５深川-ＦＣ東京Ｕ－１８-ＦＣ東京-ＳＣ相模原-ＦＣ東京-松本山雅ＦＣ,42,0,26,20190831,明治安田J3第21節,Ｆ東23,岩手,いわスタ,20221113,明治安田J3第33節,相模原,いわき,ギオンス,1,606604,606604
249,Ｊ１百年構想,270,FC東京,1630184,小柏　剛,OGASHIWA Tsuyoshi,FW,11,群馬県,167,67,19980709,ファナティコス-大宮アルディージャＪｒユース-大宮アルディージャユース-明治大-北海道コンサドーレ札幌,83,0,0,20200815,明治安田J1第10節,札幌,川崎Ｆ,札幌ド,20210424,明治安田J1第11節,札幌,仙台,札幌厚別,1,254439,254439
249,Ｊ１百年構想,270,FC東京,1632774,長倉　幹樹,NAGAKURA Motoki,FW,26,埼玉県,177,71,19991007,ＮＥＯＳ　ＦＣ-浦和レッズＪｒユース-浦和レッズユース-順天堂大-東京ユナイテッドＦＣ-ザスパクサツ群馬-アルビレックス新潟-浦和レッズ-ＦＣ東京-浦和レッズ,64,26,0,20220816,明治安田J2第31節,群馬,横浜FC,ニッパツ,20220820,明治安田J2第32節,群馬,仙台,正田スタ,1,731251,731251
249,Ｊ１百年構想,270,FC東京,1635332,佐藤　恵允,SATO Kein,FW,16,東京都,179,77,20010711,バディＳＣ世田谷-実践学園高-明治大-ヴェルダーブレーメン／ドイツ,36,0,0,20250215,明治安田J1第1節,FC東京,横浜FC,ニッパツ,20250226,明治安田J1第3節,FC東京,名古屋,味スタ,1,801899,801899
249,Ｊ１百年構想,270,FC東京,1639139,マルセロ　ヒアン,MARCELO RYAN,FW,9,ブラジル,189,86,20020608,ＡＤコンフィアンサ／ブラジル-ＥＣバイーア／ブラジル-横浜ＦＣ-サガン鳥栖-ＦＣ東京-サガン鳥栖,83,9,0,20220827,明治安田J2第33節,横浜FC,町田,Ｇスタ,20220924,明治安田J2第38節,横浜FC,長崎,トラスタ,1,35615,35615
249,Ｊ１百年構想,270,FC東京,1642064,小湊　絆,KOMINATO Tsuna,FW,25,東京都,178,76,20041118,品川ＳＪＣ-横浜ＦＣＪｒユース-青森山田高-法政大在学中,1,0,0,20250824,明治安田J1第27節,FC東京,京都,味スタ,,,,,,1,1024367,898640
249,Ｊ１百年構想,270,FC東京,1643393,山口　太陽,YAMAGUCHI Taiyo,FW,88,,,,,,0,0,0,,,,,,,,,,,0,1023079,896125
249,Ｊ１百年構想,270,FC東京,1643410,尾谷　ディヴァインチネドゥ,OTANI Divine Chinedu,FW,55,東京都,191,86,20070504,いづみＦＣ-ＦＣ東京Ｕ－１５むさし-ＦＣ東京Ｕ－１８,0,0,0,,,,,,,,,,,1,978601,
249,Ｊ１百年構想,123,東京Ｖ,1607363,馬渡　洋樹,MAWATARI Hiroki,GK,31,福岡県,187,82,19940816,福翔トナカイＦＣ　Ｕ－１５-東福岡高-鹿屋体育大-愛媛ＦＣ-川崎フロンターレ-愛媛ＦＣ-川崎フロンターレ-ファジアーノ岡山-湘南ベルマーレ-ファジアーノ岡山-湘南ベルマーレ,7,1,0,20170722,明治安田J2第24節,愛媛,松本,松本,,,,,,1,,
249,Ｊ１百年構想,123,東京Ｖ,1624403,長沢　祐弥,NAGASAWA Yuya,GK,21,静岡県,185,85,19960701,トライアングルＳＣ-ＡＣＮジュビロ沼津-藤枝東高-明治大-アスルクラロ沼津,0,6,37,20190519,明治安田J3第9節,沼津,八戸,ダイスタ,,,,,,1,798260,798260
249,Ｊ１百年構想,123,東京Ｖ,1629480,マテウス,MATHEUS,GK,1,ブラジル,190,80,19930410,ＳＣコリンチャンス　アカデミア／ブラジル-ＳＣコリンチャンス／ブラジル-フィゲイレンセＦＣ／ブラジル,76,133,0,20200711,明治安田J2第4節,東京Ｖ,大宮,ＮＡＣＫ,,,,,,1,798256,798256
249,Ｊ１百年構想,123,東京Ｖ,1645943,中村　圭佑,NAKAMURA Keisuke,GK,41,埼玉県,187,85,20050427,尾間木サッカースポーツ少年団-ＦＣ東京Ｕ－１５むさし-静岡学園高,0,0,0,,,,,,,,,,,1,,
249,Ｊ１百年構想,123,東京Ｖ,1300182,宮原　和也,MIYAHARA Kazuya,DF,6,広島県,172,68,19960322,佐東ＦＣ-サンフレッチェ広島Ｊｒユース-サンフレッチェ広島ユース-サンフレッチェ広島-名古屋グランパス-サンフレッチェ広島-名古屋グランパス-サンフレッチェ広島-名古屋グランパス,191,82,7,20140301,J1第1節,広島,Ｃ大阪,ヤンマー,20150711,明治安田J1 2nd第1節,広島,仙台,ユアスタ,1,26911,26911
249,Ｊ１百年構想,123,東京Ｖ,1606879,松田　陸,MATSUDA Riku,DF,36,群馬県,176,70,19990503,美土里ＳＣ-前橋ＦＣ-前橋育英高-ガンバ大阪-ツエーゲン金沢-ジェフユナイテッド千葉,2,113,78,20180317,明治安田J3第2節,Ｇ大23,鹿児島,鴨池,20190721,明治安田J3第17節,Ｇ大23,Ｃ大23,ヤンマー,1,727365,727365
249,Ｊ１百年構想,123,東京Ｖ,1622187,鈴木　海音,SUZUKI Kaito,DF,15,静岡県,182,72,20020825,ジュビロ磐田Ｕ－１５-ジュビロ磐田Ｕ－１８-ジュビロ磐田-栃木ＳＣ-ジュビロ磐田,31,62,0,20200819,明治安田J2第13節,磐田,町田,Ｇスタ,20230423,明治安田J2第11節,磐田,金沢,石川西部,1,727115,727115
249,Ｊ１百年構想,123,東京Ｖ,1622199,佐古　真礼,SAKO Maaya,DF,29,東京都,193,88,20021202,東京ヴェルディジュニア-東京ヴェルディＪｒユース-東京ヴェルディユース-東京ヴェルディ-藤枝ＭＹＦＣ-東京ヴェルディ-ＡＣ長野パルセイロ-東京ヴェルディ-いわてグルージャ盛岡,0,4,43,20210321,明治安田J3第2節,藤枝,岐阜,藤枝サ,20210912,明治安田J3第18節,藤枝,今治,夢スタ,1,928984,815690
249,Ｊ１百年構想,123,東京Ｖ,1629919,深澤　大輝,FUKAZAWA Daiki,DF,23,東京都,174,70,19980821,西原少年ＳＣ-東京ヴェルディジュニア-東京ヴェルディＪｒユース-東京ヴェルディユース-中央大,35,76,0,20210516,明治安田J2第14節,東京Ｖ,北九州,味スタ,20211205,明治安田J2第42節,東京Ｖ,相模原,味スタ,1,798288,798288
249,Ｊ１百年構想,123,東京Ｖ,1632226,林　尚輝,HAYASHI Naoki,DF,4,大阪府,182,79,19980609,ＲＩＰ　ＡＣＥ　Ｊｒ-ＲＩＰ　ＡＣＥ　Ｊｒユース-立正大淞南高-大阪体育大-鹿島アントラーズ-東京ヴェルディ-鹿島アントラーズ-東京ヴェルディ-鹿島アントラーズ,52,23,0,20210620,明治安田J1第18節,鹿島,仙台,カシマ,20230408,明治安田J2第8節,東京Ｖ,清水,アイスタ,1,254521,254521
249,Ｊ１百年構想,123,東京Ｖ,1632232,田邉　秀斗,TANABE Shuto,DF,35,京都府,181,74,20020505,山田荘ＳＣ-奈良ＹＭＣＡＳＣＪｒユース-静岡学園高-川崎フロンターレ-ジェフユナイテッド千葉-川崎フロンターレ-ジェフユナイテッド千葉-川崎フロンターレ,18,17,0,20220730,明治安田J2第29節,千葉,岡山,Ｃスタ,,,,,,1,73677,73677
249,Ｊ１百年構想,123,東京Ｖ,1635351,内田　陽介,UCHIDA Yosuke,DF,22,埼玉県,167,65,20020820,熊谷さくらスポーツ少年団-熊谷東サッカースポーツ少年団-クマガヤＳＣ-青森山田高-明治大,10,0,0,20250915,明治安田J1第29節,東京Ｖ,FC東京,味スタ,,,,,,1,1003814,896120
249,Ｊ１百年構想,123,東京Ｖ,1635527,井上　竜太,INOUE Ryota,DF,5,埼玉県,186,85,20000725,伊奈小針中-武南高-立正大-ツエーゲン金沢-ブラウブリッツ秋田,1,42,33,20230219,明治安田J2第1節,金沢,東京Ｖ,味スタ,20240406,明治安田J3第8節,金沢,松本,ゴースタ,1,798192,798192
249,Ｊ１百年構想,123,東京Ｖ,1639000,吉田　泰授,YOSHIDA Taiju,DF,55,福島県,174,67,20000421,赤木ＳＳＳ-ラッセル郡山ＦＣ-尚志高-山梨学院大-モンテディオ山形,3,33,0,20220831,明治安田J2第8節,山形,岡山,ＮＤスタ,,,,,,1,798096,798096
249,Ｊ１百年構想,123,東京Ｖ,1504484,福田　湧矢,FUKUDA Yuya,MF,14,福岡県,174,65,19990404,小倉南ＦＣ-小倉南ＦＣＪｒユース-東福岡高-ガンバ大阪,129,0,34,20180224,明治安田J1第1節,Ｇ大阪,名古屋,吹田Ｓ,20180321,明治安田J3第3節,Ｇ大23,秋田,吹田Ｓ,1,26869,26869
249,Ｊ１百年構想,123,東京Ｖ,1600180,齋藤　功佑,SAITO Kosuke,MF,8,神奈川県,172,63,19970616,横浜ＦＣＪｒユース-横浜ＦＣユース-横浜ＦＣ,105,96,0,20170708,明治安田J2第22節,横浜FC,松本,松本,20180624,明治安田J2第20節,横浜FC,甲府,ニッパツ,1,798252,798252
249,Ｊ１百年構想,123,東京Ｖ,1601785,平川　怜,HIRAKAWA Rei,MF,16,東京都,177,72,20000420,上ノ原ＳＣ-ＦＣ東京Ｕ－１５むさし-ＦＣ東京Ｕ－１８-ＦＣ東京-鹿児島ユナイテッドＦＣ-ＦＣ東京-松本山雅ＦＣ-ＦＣ東京-ロアッソ熊本-ジュビロ磐田,66,78,53,20161030,明治安田J3第27節,Ｆ東23,相模原,味フィ西,20171111,明治安田J3第31節,Ｆ東23,藤枝,夢の島,1,255025,255025
249,Ｊ１百年構想,123,東京Ｖ,1614206,森田　晃樹,MORITA Koki,MF,10,東京都,167,63,20000808,豊島ＳＣ-東京ヴェルディジュニア-東京ヴェルディＪｒユース-東京ヴェルディユース,66,155,0,20190309,明治安田J2第3節,東京Ｖ,金沢,味スタ,20190824,明治安田J2第29節,東京Ｖ,水戸,Ｋｓスタ,1,798254,798254
249,Ｊ１百年構想,123,東京Ｖ,1629684,松橋　優安,MATSUHASHI Yuan,MF,7,神奈川県,174,66,20011027,鳶尾ジュニアＳＣ-東京ヴェルディジュニア-東京ヴェルディＪｒユース-東京ヴェルディユース-東京ヴェルディ-ＳＣ相模原-東京ヴェルディ-ＳＣ相模原-東京ヴェルディ-レノファ山口ＦＣ,64,63,20,20200819,明治安田J2第13節,東京Ｖ,松本,味スタ,20211003,明治安田J2第32節,相模原,水戸,ギオンス,1,727158,727158
249,Ｊ１百年構想,123,東京Ｖ,1634685,稲見　哲行,INAMI Tetsuyuki,MF,17,栃木県,178,75,19990405,喜連川ＳＣ-ＡＳ栃木ｂｏｍ　ｄｅ　ｂｏｌａ-矢板中央高-明治大,39,40,0,20220710,明治安田J2第26節,東京Ｖ,大宮,ＮＡＣＫ,20230517,明治安田J2第16節,東京Ｖ,栃木,カンセキ,1,798257,798257
249,Ｊ１百年構想,123,東京Ｖ,1637097,新井　悠太,ARAI Yuta,MF,40,群馬県,166,65,20030324,高崎ＦＣ中川-前橋ＦＣ-前橋育英高-東洋大,40,8,0,20230705,明治安田J2第24節,東京Ｖ,長崎,味スタ,20230705,明治安田J2第24節,東京Ｖ,長崎,味スタ,1,798304,798304
249,Ｊ１百年構想,123,東京Ｖ,1643251,川村　楽人,KAWAMURA Gakuto,MF,30,東京都,178,72,20060406,ＦＣトレーロス-ＦＣトリプレッタ-東京ヴェルディジュニアユース-東京ヴェルディユース,0,0,0,,,,,,,,,,,1,799406,799406
249,Ｊ１百年構想,123,東京Ｖ,1643252,山本　丈偉,YAMAMOTO Joi,MF,28,神奈川県,187,75,20060518,つくい中央ＦＣ-東京ヴェルディジュニア-東京ヴェルディＪｒユース-東京ヴェルディユース,0,0,0,,,,,,,,,,,1,799397,799397
249,Ｊ１百年構想,123,東京Ｖ,1643253,仲山　獅恩,NAKAYAMA Shion,MF,24,東京都,170,61,20071016,ＦＣ８５オールスターズ-東京ヴェルディＪｒユース-東京ヴェルディユース,0,0,0,,,,,,,,,,,1,1029197,
249,Ｊ１百年構想,123,東京Ｖ,1647791,今井　健人,IMAI Kento,MF,42,神奈川県,173,63,20071031,中野島ＦＣ-東京ヴェルディＪｒユース-東京ヴェルディユース,0,0,0,,,,,,,,,,,1,,
249,Ｊ１百年構想,123,東京Ｖ,1629408,染野　唯月,SOMENO Itsuki,FW,9,茨城県,181,73,20010912,鹿島アントラーズつくばＪｒユース-尚志高-鹿島アントラーズ-東京ヴェルディ-鹿島アントラーズ-東京ヴェルディ-鹿島アントラーズ-東京ヴェルディ-鹿島アントラーズ,111,34,0,20200704,明治安田J1第2節,鹿島,川崎Ｆ,等々力,20220525,明治安田J1第15節,鹿島,鳥栖,カシマ,1,254543,254543
249,Ｊ１百年構想,123,東京Ｖ,1633603,山見　大登,YAMAMI Hiroto,FW,11,大阪府,166,64,19990816,千里ひじりＳＣ-千里丘ＦＣ-豊中第八中-大阪学院大高-関西学院大-ガンバ大阪-東京ヴェルディ-ガンバ大阪,92,0,0,20210813,明治安田J1第24節,Ｇ大阪,清水,アイスタ,20210813,明治安田J1第24節,Ｇ大阪,清水,アイスタ,1,254500,254500
249,Ｊ１百年構想,123,東京Ｖ,1635352,熊取谷　一星,KUMATORIYA Issei,FW,25,静岡県,166,62,20030214,Ｈｏｎｄａ　ＦＣ-浜松開誠館中-浜松開誠館高-明治大,11,0,0,20250222,明治安田J1第2節,東京Ｖ,鹿島,カシマ,20250506,明治安田J1第15節,東京Ｖ,横浜FC,味スタ,1,999860,896119
249,Ｊ１百年構想,123,東京Ｖ,1635473,寺沼　星文,TERANUMA Shimon,FW,45,東京都,188,88,20010308,九曜ＦＣジュニア-九曜ＦＣジュニアユース-ＦＣトリプレッタユース-桐蔭横浜大-水戸ホーリーホック,8,71,0,20220827,明治安田J2第33節,水戸,琉球,Ｋｓスタ,20230226,明治安田J2第2節,水戸,いわき,Ｋｓスタ,1,727185,727185
249,Ｊ１百年構想,123,東京Ｖ,1640430,山田　剛綺,YAMADA Gouki,FW,13,京都府,170,65,20000919,嵯峨ＳＳＳ-ヴェルヴェント京都ＦＣ-京都橘高-関西学院大,29,30,0,20230325,明治安田J2第6節,東京Ｖ,熊本,味スタ,20230507,明治安田J2第14節,東京Ｖ,長崎,トラスタ,1,798258,798258
249,Ｊ１百年構想,123,東京Ｖ,1642054,白井　亮丞,SHIRAI Ryosuke,FW,27,東京都,185,77,20050517,緑山ＳＣ-ＦＣパーシモン-ＦＣトリアネーロ町田-東京ヴェルディＪｒユース-東京ヴェルディユース,11,1,0,20230729,明治安田J2第28節,東京Ｖ,水戸,味スタ,,,,,,1,798313,798313
249,Ｊ１百年構想,123,東京Ｖ,1642068,平尾　勇人,HIRAO Hayato,FW,71,三重県,178,76,20050106,ラピド名張ＦＣ-セレッソ大阪Ｕ－１５-四日市中央工高-日本大在学中,6,0,0,20250809,明治安田J1第25節,東京Ｖ,横浜FM,味スタ,20250920,明治安田J1第30節,東京Ｖ,岡山,味スタ,1,1022308,897862
249,Ｊ１百年構想,123,東京Ｖ,1646772,大藤　颯太,OFUJI Sota,FW,51,千葉県,190,82,20070807,成田ＳＳＳ-成田ＳＣ-流通経済大付属柏高,0,0,0,,,,,,,,,,,1,,
249,Ｊ１百年構想,30532,町田,900072,守田　達弥,MORITA Tatsuya,GK,13,千葉県,191,87,19900803,イーグルス-ＦＣ　リベレオ-習志野高-京都サンガF.C.-カターレ富山-京都サンガF.C.-カターレ富山-京都サンガF.C.-アルビレックス新潟-松本山雅ＦＣ-サガン鳥栖-柏レイソル-サガン鳥栖-柏レイソル,165,100,0,20100911,J1第22節,京都,神戸,西京極,,,,,,1,254454,254454
249,Ｊ１百年構想,30532,町田,1602204,谷　晃生,TANI Kosei,GK,1,大阪府,187,84,20001122,ガンバ大阪Ｊｒユース-ガンバ大阪ユース-ガンバ大阪-湘南ベルマーレ-ガンバ大阪-湘南ベルマーレ-ガンバ大阪-湘南ベルマーレ-ガンバ大阪-ＦＣＶデンデルＥＨ／ベルギー-ガンバ大阪-ＦＣ町田ゼルビア-ガンバ大阪,174,0,33,20170312,明治安田J3第1節,Ｇ大23,鳥取,吹田Ｓ,,,,,,1,163809,163809
249,Ｊ１百年構想,30532,町田,1613204,新井　栄聡,ARAI Yoshiaki,GK,44,埼玉県,189,85,19950927,坂戸カンガルーＳＣ-坂戸ディプロマッツＦＣ-西武台高-流通経済大-清水エスパルス-ツエーゲン金沢-清水エスパルス-ブラウブリッツ秋田-大分トリニータ,0,15,0,20210421,明治安田J2第9節,秋田,金沢,石川西部,,,,,,1,790103,790103
249,Ｊ１百年構想,30532,町田,1630155,カウン　ゼン　マラ,KAUNG ZAN MARA,GK,17,ミャンマー,190,86,20021111,バディＳＣ江東-東京ヴェルディＪｒユース-東京ヴェルディユース-産業能率大,0,0,0,,,,,,,,,,,1,,
249,Ｊ１百年構想,30532,町田,1100212,昌子　源,SHOJI Gen,DF,3,兵庫県,182,76,19921211,フレスカ神戸Ｕ－１２-ガンバ大阪Ｊｒユース-米子北高-鹿島アントラーズ-トゥールーズＦＣ／フランス-ガンバ大阪-鹿島アントラーズ,320,0,0,20120324,J1第3節,鹿島,広島,広島ビ,20140301,J1第1節,鹿島,甲府,国立,1,11833,11833
249,Ｊ１百年構想,30532,町田,1300071,今井　智基,IMAI Tomoki,DF,2,東京都,178,78,19901129,市川ＫＩＦＣ-市川カネヅカＳＣ-大宮アルディージャユース-中央大-大宮アルディージャ-柏レイソル-松本山雅ＦＣ-ウェスタンユナイテッド／オーストラリア,76,12,0,20130330,J1第4節,大宮,鹿島,ＮＡＣＫ,20130713,J1第16節,大宮,横浜FM,日産ス,1,51008,51008
249,Ｊ１百年構想,30532,町田,1300872,中山　雄太,NAKAYAMA Yuta,DF,19,茨城県,181,76,19970216,柏レイソルＵ－１５-柏レイソルＵ－１８-柏レイソル-ＰＥＣズヴォレ／オランダ-ハダースフィールド　タウンＦＣ／イングランド,114,0,12,20150517,明治安田J3第12節,J-22,福島,とうスタ,20160713,明治安田J1 2nd第3節,柏,広島,柏,1,26209,26209
249,Ｊ１百年構想,30532,町田,1500301,岡村　大八,OKAMURA Daihachi,DF,50,東京都,183,85,19970215,バディＦＣ世田谷-キンダー善光ＳＣ-ＦＣ　ＨＯＲＴＥＮＣＩＡ-前橋育英高-立正大-ザスパクサツ群馬-テゲバジャーロ宮崎-ザスパクサツ群馬-北海道コンサドーレ札幌,143,42,3,20190406,明治安田J3第5節,群馬,YS横浜,ニッパツ,20200822,明治安田J2第14節,群馬,岡山,Ｃスタ,1,254433,254433
249,Ｊ１百年構想,30532,町田,1500538,キム　ミンテ,KIM Min Tae,DF,24,大韓民国,187,84,19931126,富平高／大韓民国-光云大／大韓民国-ベガルタ仙台-北海道コンサドーレ札幌-名古屋グランパス-北海道コンサドーレ札幌-鹿島アントラーズ-湘南ベルマーレ-鹿島アントラーズ-湘南ベルマーレ-清水エスパルス-湘南ベルマーレ,226,0,0,20150510,明治安田J1 1st第11節,仙台,浦和,ユアスタ,20150510,明治安田J1 1st第11節,仙台,浦和,ユアスタ,1,26833,26833
249,Ｊ１百年構想,30532,町田,1624302,菊池　流帆,KIKUCHI Ryuho,DF,4,岩手県,188,80,19961209,青森山田高-大阪体育大-レノファ山口ＦＣ-ヴィッセル神戸,106,35,0,20190317,明治安田J2第4節,山口,愛媛,ニンスタ,20190414,明治安田J2第9節,山口,鹿児島,みらスタ,1,130339,130339
249,Ｊ１百年構想,30532,町田,1627745,中村　帆高,NAKAMURA Hotaka,DF,88,神奈川県,177,72,19970812,横浜Ｆ・マリノスプライマリー追浜-横浜Ｆ・マリノスＪｒユース追浜-日大藤沢高-明治大-ＦＣ東京,89,0,0,20200223,明治安田J1第1節,FC東京,清水,アイスタ,20201212,明治安田J1第31節,FC東京,広島,味スタ,1,254430,254430
249,Ｊ１百年構想,30532,町田,1635337,林　幸多郎,HAYASHI Kotaro,DF,26,佐賀県,170,70,20001116,嬉野ＪＳＣ-サガン鳥栖Ｕ－１５-サガン鳥栖Ｕ－１８-明治大学-横浜ＦＣ,96,0,0,20230304,明治安田J1第3節,横浜FC,鹿島,ニッパツ,20230716,明治安田J1第21節,横浜FC,広島,Ｅスタ,1,606613,606613
249,Ｊ１百年構想,30532,町田,1635501,望月　ヘンリー海輝,MOCHIZUKI Henry Heroki,DF,6,栃木県,192,81,20010920,ＦＣ上福岡サンダース-大宮アルディージャジュニア-三菱養和ＳＣ巣鴨Ｊｒユース-三菱養和ＳＣユース-国士舘大,58,0,0,20240224,明治安田J1第1節,町田,Ｇ大阪,Ｇスタ,20250507,明治安田J1第15節,町田,京都,Ｇスタ,1,811966,811966
249,Ｊ１百年構想,30532,町田,1641608,西川　楓人,NISHIKAWA Futo,DF,29,大阪府,185,76,20040428,太子町ＪＳＣ-川上ＦＣ-興國高-流通経済大在学中,0,0,0,,,,,,,,,,,1,,
249,Ｊ１百年構想,30532,町田,1645998,ドレシェヴィッチ,DRESEVIC,DF,5,スウェーデン,186,84,19970124,ノルビーＩＦ／スウェーデン-ＩＦエルフスボリＵ－１９／スウェーデン-ＩＦエルフスボリ／スウェーデン-ＳＣヘーレンフェーン／オランダ-ファティ　カラギュムリュク　スポル　クリュビュ／トルコ,64,0,0,20240224,明治安田J1第1節,町田,Ｇ大阪,Ｇスタ,20240316,明治安田J1第4節,町田,札幌,札幌ド,1,23614,23614
249,Ｊ１百年構想,30532,町田,1200059,白崎　凌兵,SHIRASAKI Ryohei,MF,23,東京都,181,70,19930518,東京ＢＩＧスポーツクラブ-横河武蔵野ＦＣ-ＦＣ東京Ｕ－１５むさし-山梨学院大附属高-清水エスパルス-カターレ富山-清水エスパルス-カターレ富山-清水エスパルス-鹿島アントラーズ-サガン鳥栖-鹿島アントラーズ-清水エスパルス-ＦＣ町田ゼルビア-清水エスパルス,206,135,0,20120310,J1第1節,清水,名古屋,豊田ス,20131020,J2第37節,富山,Ｇ大阪,万博,1,26878,26878
249,Ｊ１百年構想,30532,町田,1400049,下田　北斗,SHIMODA Hokuto,MF,18,神奈川県,171,66,19911107,崇善ＦＣ-勝原ＳＣ-江陽中-大清水高-専修大-ヴァンフォーレ甲府-湘南ベルマーレ-川崎フロンターレ-大分トリニータ,187,76,0,20140301,J1第1節,甲府,鹿島,国立,20150530,明治安田J1 1st第14節,甲府,新潟,デンカＳ,1,26897,26897
249,Ｊ１百年構想,30532,町田,1400075,前　寛之,MAE Hiroyuki,MF,16,北海道,173,70,19950801,コンサドーレ札幌ユース・Ｕ－１２-コンサドーレ札幌ユース・Ｕ－１５-コンサドーレ札幌Ｕ－１８-コンサドーレ札幌-コンケーン／タイ-北海道コンサドーレ札幌-水戸ホーリーホック-北海道コンサドーレ札幌-水戸ホーリーホック-アビスパ福岡,180,130,4,20140406,J3第5節,J-22,YS横浜,ニッパ球,20150601,明治安田J2第16節,札幌,Ｃ大阪,札幌ド,1,254534,254534
249,Ｊ１百年構想,30532,町田,1500498,増山　朝陽,MASUYAMA Asahi,MF,11,福岡県,173,72,19970129,板付ウイングＳＣ-板付中-東福岡高-ヴィッセル神戸-横浜ＦＣ-ヴィッセル神戸-アビスパ福岡-ヴィッセル神戸-大分トリニータ-Ｖ・ファーレン長崎,62,166,0,20150607,明治安田J1 1st第15節,神戸,Ｇ大阪,万博,20161029,明治安田J1 2nd第16節,神戸,名古屋,ノエスタ,1,26060,26060
249,Ｊ１百年構想,30532,町田,1607204,仙頭　啓矢,SENTO Keiya,MF,8,大阪府,171,64,19941229,ＦＣジョカーレ-ガンバ大阪門真ジュニア-ＦＣグリーンウェーブＵ－１５-京都橘高-東洋大-京都サンガF.C.-横浜Ｆ・マリノス-京都サンガF.C.-横浜Ｆ・マリノス-サガン鳥栖-名古屋グランパス-柏レイソル,162,118,0,20170226,明治安田J2第1節,京都,山形,西京極,20170312,明治安田J2第3節,京都,福岡,レベスタ,1,254415,254415
249,Ｊ１百年構想,30532,町田,1636311,バスケス　バイロン,VASQUEZ BYRON,MF,39,チリ,174,71,20000516,新明サッカースポーツ少年団-東松山ペレーニアＪｒユース-青森山田高-いわきＦＣ-ウニベルシダ　カトリカ／チリ-いわきＦＣ-東京ヴェルディ-ＦＣ町田ゼルビア-栃木シティ,13,66,14,20220227,明治安田J2第2節,東京Ｖ,栃木,味スタ,20220501,明治安田J2第13節,東京Ｖ,岡山,Ｃスタ,1,798111,798111
249,Ｊ１百年構想,30532,町田,1640980,ネタ　ラヴィ,NETA LAVI,MF,31,イスラエル,177,76,19960825,マッカビ　ハイファＦＣ／イスラエル-ガンバ大阪,72,0,0,20230218,明治安田J1第1節,Ｇ大阪,柏,三協Ｆ柏,20250214,明治安田J1第1節,Ｇ大阪,Ｃ大阪,パナスタ,1,24141,24141
249,Ｊ１百年構想,30532,町田,1642041,高崎　天史郎,TAKASAKI Tenshiro,MF,38,大阪府,172,60,20060213,センアーノ神戸ジュニア-千里丘ＦＣ-ＱＵＯＮ　ＦＤ-ＦＣ町田ゼルビア-渋谷シティＦＣ,0,0,0,,,,,,,,,,,1,,
249,Ｊ１百年構想,30532,町田,1648369,真也加　チュイ　大夢,MAYAKA Chui hiromu,MF,60,群馬県,167,63,20060811,東京町田忠生ＳＣ-ＦＣ町田ゼルビアＪｒユース-ＦＣ町田ゼルビアユース,0,0,0,,,,,,,,,,,1,,
249,Ｊ１百年構想,30532,町田,1650543,チャ　ジェフン,CHA Je Hoon,MF,28,大韓民国,185,72,20060503,海雲台ＦＣ／大韓民国-大新中／大韓民国-中京高／大韓民国,0,0,0,,,,,,,,,,,1,,
249,Ｊ１百年構想,30532,町田,1500452,西村　拓真,NISHIMURA Takuma,FW,20,愛知県,178,73,19961022,名東クラブジュニア-名東クラブＪｒユース-富山第一高-ベガルタ仙台-ＣＳＫＡ　モスクワ／ロシア連邦-ポルティモネンセＳＣ／ポルトガル-ベガルタ仙台-ＣＳＫＡ　モスクワ／ロシア連邦-ベガルタ仙台-横浜Ｆ・マリノス-セルベッテＦＣ／スイス-横浜Ｆ・マリノス,217,0,14,20150531,明治安田J3第14節,J-22,山口,下関,20150809,明治安田J3第25節,J-22,YS横浜,ニッパツ,1,12837,12837
249,Ｊ１百年構想,30532,町田,1604777,相馬　勇紀,SOMA Yuki,FW,7,東京都,166,68,19970225,布田ＳＣ-三菱養和調布ＳＳ-三菱養和ＳＣ調布Ｊｒユース-三菱養和ＳＣユース-早稲田大-名古屋グランパス-鹿島アントラーズ-名古屋グランパス-カーザ　ピアＡＣ／ポルトガル-名古屋グランパス,174,0,0,20180811,明治安田J1第21節,名古屋,鹿島,豊田ス,20181106,明治安田J1第28節,名古屋,Ｃ大阪,金鳥スタ,1,73580,73580
249,Ｊ１百年構想,30532,町田,1618640,藤尾　翔太,FUJIO Shota,FW,9,大阪府,184,79,20010502,リップエースＳＣ-リップエースＳＣＪｒユース-セレッソ大阪Ｕ－１８-セレッソ大阪-水戸ホーリーホック-セレッソ大阪-徳島ヴォルティス-セレッソ大阪-ＦＣ町田ゼルビア-セレッソ大阪,71,85,42,20180616,明治安田J3第14節,Ｃ大23,鹿児島,白波スタ,20191006,明治安田J3第25節,Ｃ大23,北九州,ミクスタ,1,798112,798112
249,Ｊ１百年構想,30532,町田,1621161,ナ　サンホ,NA Sangho,FW,10,大韓民国,173,70,19960812,檀国大／大韓民国-光州ＦＣ／大韓民国-ＦＣ東京-城南ＦＣ／大韓民国-ＦＣソウル／大韓民国,82,0,1,20190223,明治安田J1第1節,FC東京,川崎Ｆ,等々力,20190406,明治安田J1第6節,FC東京,清水,味スタ,1,25428,25428
249,Ｊ１百年構想,30532,町田,1627565,エリキ,ERIK,FW,27,ブラジル,170,65,19940718,ゴイアスＥＣ／ブラジル-ＳＥパルメイラス／ブラジル-アトレチコ　ミネイロ／ブラジル-ボタフォゴＦＲ／ブラジル-横浜Ｆ・マリノス-ＳＥパルメイラス／ブラジル-長春亜泰足球倶楽部／中国-ＦＣ町田ゼルビア-ヴィッセル神戸,96,30,0,20190817,明治安田J1第23節,横浜FM,Ｃ大阪,日産ス,20190824,明治安田J1第24節,横浜FM,名古屋,パロ瑞穂,1,27036,27036
249,Ｊ１百年構想,30532,町田,1636242,沼田　駿也,NUMATA Takaya,FW,22,大阪府,173,67,19990419,真上ＦＣ-高槻市立第二中-摂津高-関西大-レノファ山口ＦＣ-ＦＣ町田ゼルビア-鹿児島ユナイテッドＦＣ,13,84,0,20220220,明治安田J2第1節,山口,熊本,みらスタ,20220227,明治安田J2第2節,山口,秋田,みらスタ,1,798122,798122
249,Ｊ１百年構想,30532,町田,1641528,桑山　侃士,KUWAYAMA Kanji,FW,49,埼玉県,184,80,20021128,浦和レッズジュニア-ＧＲＡＮＤＥ　ＦＣ　Ｕ－１５-東海大高輪台高-東海大,24,0,0,20240626,明治安田J1第20節,町田,神戸,ノエスタ,20250308,明治安田J1第5節,町田,横浜FC,ニッパツ,1,831962,894420
249,Ｊ１百年構想,30532,町田,1654126,徳村　楓大,TOKUMURA Futa,FW,34,沖縄県,168,63,20071126,サガン鳥栖Ｕ－１２-サガン鳥栖Ｕ－１５-神村学園中-神村学園高,0,0,0,,,,,,,,,,,1,1059231,
249,Ｊ１百年構想,30532,町田,1656011,テテ　イェンギ,TETE YENGI,FW,99,オーストラリア,197,83,20001128,アデレードコメッツＦＣ／オーストラリア-ニューカッスルユナイテッドジェッツＦＣ／オーストラリア-イプスウィッチ　タウンＦＣ／イングランド-ヴァーサン　パロセウラ／フィンランド-ノーサンプトン　タウンＦＣ／イングランド-クオピオン　パロセウラ／フィンランド-リヴィングストンＦＣ／スコットランド,0,0,0,,,,,,,,,,,1,51688,
249,Ｊ１百年構想,86,川崎Ｆ,1602297,山口　瑠伊,YAMAGUCHI Louis,GK,1,東京都,187,80,19980528,ＦＣ　ＷＡＳＥＤＡ-ＦＣ東京Ｕ－１５深川-ＦＣ東京Ｕ－１８-ＦＣロリアンＵ－１８／フランス-エストレマドゥーラＵＤ／スペイン-レクレアティボ　ウエルバ／スペイン-水戸ホーリーホック-ＦＣ町田ゼルビア-川崎フロンターレ-ＦＣ町田ゼルビア,35,63,0,20220403,明治安田J2第8節,水戸,群馬,正田スタ,,,,,,1,25656,25656
249,Ｊ１百年構想,86,川崎Ｆ,1632987,早坂　勇希,HAYASAKA Yuki,GK,21,東京都,184,83,19990522,ＦＣ　Ｗｉｎｓ-川崎フロンターレＵ－１２-川崎フロンターレＵ－１５-川崎フロンターレＵ－１８-桐蔭横浜大-川崎フロンターレ-いわきＦＣ,1,16,0,20240817,明治安田J1第27節,川崎Ｆ,横浜FM,Ｕ等々力,,,,,,1,254520,254520
249,Ｊ１百年構想,86,川崎Ｆ,1634662,スベンド　ブローダーセン,SVEND BRODERSEN,GK,49,ドイツ,188,87,19970322,ＦＣザンクトパウリ／ドイツ-横浜ＦＣ-ファジアーノ岡山,66,73,0,20210809,明治安田J1第23節,横浜FC,名古屋,ニッパツ,,,,,,1,19243,19243
249,Ｊ１百年構想,86,川崎Ｆ,1650544,イ　クンヒョン,LEE Keun Hyeong,GK,33,大韓民国,194,86,20060522,水原三星Ｕ－１２／大韓民国-水原三星Ｕ－１５／大韓民国-全北現代モータースＵ－１８／大韓民国-輔仁高／大韓民国,0,0,0,,,,,,,,,,,1,,
249,Ｊ１百年構想,86,川崎Ｆ,1101476,丸山　祐市,MARUYAMA Yuichi,DF,28,東京都,184,77,19890616,バディＳＣ-ＦＣ東京Ｕ－１５-国学院久我山高-明治大-ＦＣ東京-湘南ベルマーレ-ＦＣ東京-名古屋グランパス,266,41,1,20120811,J1第21節,Ｆ東京,柏,柏,20140309,J2第2節,湘南,長崎,長崎県立,1,26907,26907
249,Ｊ１百年構想,86,川崎Ｆ,1632749,山原　怜音,YAMAHARA Reon,DF,29,京都府,165,68,19990608,京都紫光ＳＣ-ＪＦＡアカデミー福島Ｕ－１５-ＪＦＡアカデミー福島Ｕ－１８-筑波大-清水エスパルス,68,53,0,20210911,明治安田J1第28節,清水,鳥栖,駅スタ,20220716,明治安田J1第22節,清水,浦和,アイスタ,1,254471,254471
249,Ｊ１百年構想,86,川崎Ｆ,1633162,佐々木　旭,SASAKI Asahi,DF,5,埼玉県,180,76,20000126,ＦＣジョカーレ-ＥＣ　ＪＯＧＡＤＯＲ-埼玉平成高-流通経済大,110,0,0,20220223,明治安田J1第9節,川崎Ｆ,横浜FM,日産ス,20220226,明治安田J1第2節,川崎Ｆ,鹿島,カシマ,1,148274,148274
249,Ｊ１百年構想,86,川崎Ｆ,1634321,三浦　颯太,MIURA Sota,DF,13,東京都,178,74,20000907,ＦＣゴロアーズ-ＦＣ東京Ｕ－１５むさし-帝京高-日本体育大-ヴァンフォーレ甲府,44,26,0,20220220,明治安田J2第1節,甲府,岡山,Ｃスタ,20241005,明治安田J1第33節,川崎Ｆ,町田,Ｇスタ,1,727000,727000
249,Ｊ１百年構想,86,川崎Ｆ,1634419,谷口　栄斗,TANIGUCHI Hiroto,DF,3,神奈川県,181,77,19990930,荻野ＳＣ-東京ヴェルディジュニア-東京ヴェルディＪｒユース-東京ヴェルディユース-国士舘大-東京ヴェルディ,64,54,0,20220227,明治安田J2第2節,東京Ｖ,栃木,味スタ,20220326,明治安田J2第6節,東京Ｖ,山形,ＮＤスタ,1,798253,798253
249,Ｊ１百年構想,86,川崎Ｆ,1635370,神橋　良汰,KAMIHASHI Ryota,DF,27,神奈川県,193,92,20020616,南百合丘ＳＣ-川崎フロンターレＵ－１５-川崎フロンターレＵ－１８-早稲田大,3,0,0,20250823,明治安田J1第27節,川崎Ｆ,名古屋,豊田ス,,,,,,1,1018388,896136
249,Ｊ１百年構想,86,川崎Ｆ,1639108,松長根　悠仁,MATSUNAGANE Yuto,DF,2,神奈川県,180,77,20040914,新城ＳＣ-川崎フロンターレＵ－１２-川崎フロンターレＵ－１５-川崎フロンターレＵ－１８-川崎フロンターレ-福島ユナイテッドＦＣ-川崎フロンターレ-福島ユナイテッドＦＣ,2,0,62,20230304,明治安田J1第3節,川崎Ｆ,湘南,等々力,20240428,明治安田J3第11節,福島,岩手,とうスタ,1,606591,606591
249,Ｊ１百年構想,86,川崎Ｆ,1643987,林　駿佑,HAYASHI Shunsuke,DF,32,和歌山県,181,75,20070529,セレソン中之島ＦＣ-川崎フロンターレＵ－１２-川崎フロンターレＵ－１５-川崎フロンターレＵ－１８,0,0,0,,,,,,,,,,,1,1064106,
249,Ｊ１百年構想,86,川崎Ｆ,1644608,関　德晴,KAN Noriharu,DF,31,東京都,186,74,20070411,松が谷ＦＣ-川崎フロンターレＵ－１２-川崎フロンターレＵ－１５-川崎フロンターレＵ－１８,0,0,0,,,,,,,,,,,1,,
249,Ｊ１百年構想,86,川崎Ｆ,1650535,野田　裕人,NODA Hiroto,DF,30,岐阜県,172,67,20060405,川島サッカー少年団-ＦＣ．ＤＩＶＩＮＥ-静岡学園高,3,0,0,20250816,明治安田J1第26節,川崎Ｆ,新潟,デンカＳ,,,,,,1,1000027,896138
249,Ｊ１百年構想,86,川崎Ｆ,1652877,フィリップ　ウレモヴィッチ,FILIP UREMOVIC,DF,22,クロアチア,184,81,19970211,ＨＮＫツィバリア／クロアチア-ＧＮＫディナモ　ザグレブ／クロアチア-ＮＫオリンピア　リュブリャナ／スロベニア-ＦＣルビン　カザン／ロシア連邦-シェフィールド　ユナイテッド／イングランド-ヘルタ　ベルリン／ドイツ-ハイデュク　スプリト／クロアチア,11,0,0,20250809,明治安田J1第25節,川崎Ｆ,福岡,Ｕ等々力,,,,,,1,15807,15807
249,Ｊ１百年構想,86,川崎Ｆ,4609,家長　昭博,IENAGA Akihiro,MF,41,兵庫県,175,72,19860613,ガンバ大阪Ｊｒユース-ガンバ大阪ユース-ガンバ大阪-大分トリニータ-ガンバ大阪-大分トリニータ-ガンバ大阪-セレッソ大阪-ＲＣＤマジョルカ／スペイン-蔚山現代／大韓民国-ガンバ大阪-ＲＣＤマジョルカ／スペイン-大宮アルディージャ,496,50,0,20040626,J1-1st第15節,Ｇ大阪,新潟,新潟ス,20040626,J1-1st第15節,Ｇ大阪,新潟,新潟ス,1,26904,26904
249,Ｊ１百年構想,86,川崎Ｆ,1100153,大島　僚太,OSHIMA Ryota,MF,10,静岡県,168,66,19930123,船越ＳＳＳ-静岡学園中-静岡学園高,267,0,1,20110507,J1第10節,川崎Ｆ,神戸,ホームズ,20120503,J1第9節,川崎Ｆ,磐田,等々力,1,11844,11844
249,Ｊ１百年構想,86,川崎Ｆ,1614103,脇坂　泰斗,WAKIZAKA Yasuto,MF,14,神奈川県,173,69,19950611,ＦＣ本郷-エスペランサＪｒユース-川崎フロンターレＵ－１８-阪南大,216,0,0,20190419,明治安田J1第8節,川崎Ｆ,湘南,等々力,20190512,明治安田J1第11節,川崎Ｆ,清水,アイスタ,1,26901,26901
249,Ｊ１百年構想,86,川崎Ｆ,1624510,紺野　和也,KONNO Kazuya,MF,18,埼玉県,161,59,19970711,吉川ホワイトシャーク-Ｃ．Ａ．ＡＬＥＧＲＥ-武南高-法政大-ＦＣ東京-アビスパ福岡,144,0,4,20190323,明治安田J3第3節,Ｆ東23,藤枝,味フィ西,20211127,明治安田J1第37節,FC東京,広島,Ｅスタ,1,254425,254425
249,Ｊ１百年構想,86,川崎Ｆ,1627763,山本　悠樹,YAMAMOTO Yuki,MF,6,滋賀県,173,71,19971106,野洲ジュニアＦＣ-ＳＡＧＡＷＡ　ＳＨＩＧＡ　ＦＣ-ＦＣ湖東-草津東高-関西学院大-ガンバ大阪,152,0,2,20200704,明治安田J1第2節,Ｇ大阪,Ｃ大阪,パナスタ,20200905,明治安田J1第14節,Ｇ大阪,仙台,ユアスタ,1,73821,73821
249,Ｊ１百年構想,86,川崎Ｆ,1629412,河原　創,KAWAHARA So,MF,19,熊本県,169,65,19980313,山鹿ＦＣＪ-ロアッソ熊本Ｊｒユース-ソレッソ熊本-大津高-福岡大-ロアッソ熊本-サガン鳥栖,106,42,62,20200627,明治安田J3第1節,熊本,鹿児島,えがおＳ,20200711,明治安田J3第3節,熊本,Ｃ大23,えがおＳ,1,606593,606593
249,Ｊ１百年構想,86,川崎Ｆ,1630136,橘田　健人,TACHIBANADA Kento,MF,8,鹿児島県,169,68,19980529,国分西サッカースポーツ少年団-舞鶴中-神村学園高-桐蔭横浜大,156,0,0,20210226,明治安田J1第1節,川崎Ｆ,横浜FM,等々力,20220914,明治安田J1第22節,川崎Ｆ,名古屋,豊田ス,1,73671,73671
249,Ｊ１百年構想,86,川崎Ｆ,1637126,山市　秀翔,YAMAICHI Shuto,MF,25,神奈川県,170,68,20040120,あざみ野Ｆ．Ｃ．-横浜Ｆ・マリノスプライマリー-東急ＳレイエスＦＣ-桐光学園高-早稲田大,0,0,0,,,,,,,,,,,1,,
249,Ｊ１百年構想,86,川崎Ｆ,1639107,大関　友翔,OZEKI Yuto,MF,16,神奈川県,178,67,20050206,真福寺ＦＣ-ＦＣ多摩ジュニア-ＦＣ多摩Ｊｒユース-川崎フロンターレＵ－１８-川崎フロンターレ-福島ユナイテッドＦＣ,25,0,32,20240224,明治安田J3第1節,福島,岐阜,長良川,20240302,明治安田J3第2節,福島,宮崎,いちご,1,770959,770959
249,Ｊ１百年構想,86,川崎Ｆ,1640480,名願　斗哉,MYOGAN Toya,MF,15,大阪府,178,70,20040629,ＳＳクリエイト-ガンバ大阪Ｊｒユース-履正社高-川崎フロンターレ-ベガルタ仙台-川崎フロンターレ-ベガルタ仙台,1,29,0,20240316,明治安田J2第4節,仙台,秋田,ソユスタ,20250323,明治安田J2第6節,仙台,磐田,Ｑスタ,1,639543,639543
249,Ｊ１百年構想,86,川崎Ｆ,1641370,由井　航太,YUI Kota,MF,26,神奈川県,180,70,20050610,駒林ＳＣ-川崎フロンターレＵ－１２-川崎フロンターレＵ－１５-川崎フロンターレＵ－１８-川崎フロンターレ-福島ユナイテッドＦＣ,0,0,12,20250323,明治安田J3第6節,福島,長野,長野Ｕ,,,,,,1,801445,801445
249,Ｊ１百年構想,86,川崎Ｆ,1644660,長　璃喜,OSA Ryuki,MF,34,埼玉県,168,64,20071013,杉戸ゼウシスＦＣ-ＦＣ　ＬＡＶＩＤＡ-昌平高,0,0,0,,,,,,,,,,,1,1066178,
249,Ｊ１百年構想,86,川崎Ｆ,801035,小林　悠,KOBAYASHI Yu,FW,11,東京都,177,72,19870923,町田ＪＦＣ-町田ＪＦＣＪｒユース-麻布大附属渕野辺高-拓殖大,405,5,0,20080720,J2第27節,水戸,甲府,小瀬,20110503,J1第9節,川崎Ｆ,磐田,等々力,1,26892,26892
249,Ｊ１百年構想,86,川崎Ｆ,1614208,伊藤　達哉,ITO Tatsuya,FW,17,東京都,167,65,19970626,ブルーファイターズＳＣ-柏レイソルＵ－１２-柏レイソルＵ－１５-柏レイソルＵ－１８-ハンブルガーＳＶ／ドイツ-シント＝トロイデンＶＶ／ベルギー-１．ＦＣマクデブルク／ドイツ-シント＝トロイデンＶＶ／ベルギー-１．ＦＣマクデブルク／ドイツ,35,0,0,20250222,明治安田J1第2節,川崎Ｆ,柏,三協Ｆ柏,20250329,明治安田J1第7節,川崎Ｆ,FC東京,味スタ,1,19365,19365
249,Ｊ１百年構想,86,川崎Ｆ,1627747,宮城　天,MIYAGI Ten,FW,24,神奈川県,177,70,20010602,川崎フロンターレＵ－１２-川崎フロンターレＵ－１５-川崎フロンターレＵ－１８-川崎フロンターレ-カターレ富山-川崎フロンターレ-Ｖ・ファーレン長崎-川崎フロンターレ-モンテディオ山形,56,20,20,20200715,明治安田J3第4節,富山,秋田,富山,20200719,明治安田J3第5節,富山,岩手,北上,1,73678,73678
249,Ｊ１百年構想,86,川崎Ｆ,1635026,マルシーニョ,MARCINHO,FW,23,ブラジル,173,64,19950516,ノーヴァ　ハンブルゴ／ブラジル-インテルナシオナル／ブラジル-イピランガＦＣ／ブラジル-ブラジル　ジ　ペロタス／ブラジル-インテルナシオナル／ブラジル-フォルタレーザＥＣ／ブラジル-重慶両江競技足球倶楽部／中国,134,0,0,20210918,明治安田J1第29節,川崎Ｆ,徳島,鳴門大塚,20211120,明治安田J1第36節,川崎Ｆ,Ｃ大阪,ヨドコウ,1,27974,27974
249,Ｊ１百年構想,86,川崎Ｆ,1641674,持山　匡佑,MOCHIYAMA Kyosuke,FW,20,静岡県,180,71,20030818,服織サッカースポーツ少年団-キューズＦＣ-清水エスパルスＪｒユース-静岡学園高-中央大,1,0,0,20250823,明治安田J1第27節,川崎Ｆ,名古屋,豊田ス,,,,,,1,1024128,898634
249,Ｊ１百年構想,86,川崎Ｆ,1645985,エリソン,ERISON,FW,9,ブラジル,180,83,19990413,フィゲレンセＦＣ／ブラジル-ＸＶピラシィカバ／ブラジル-ブラジル　ジ　ペロタス／ブラジル-ＸＶピラシィカバ／ブラジル-ボタフォゴ／ブラジル-ＧＤエストリル　プライア／ポルトガル-サンパウロＦＣ／ブラジル,54,0,0,20240224,明治安田J1第1節,川崎Ｆ,湘南,レモンＳ,20240224,明治安田J1第1節,川崎Ｆ,湘南,レモンＳ,1,145059,145059
249,Ｊ１百年構想,86,川崎Ｆ,1646000,神田　奏真,KANDA Soma,FW,38,大阪府,178,73,20051229,大阪東淀川ＦＣジュニア-大阪東淀川ＦＣＪｒユース-静岡学園高,9,0,0,20241208,明治安田J1第38節,川崎Ｆ,福岡,Ｕ等々力,20250625,明治安田J1第15節,川崎Ｆ,新潟,Ｕ等々力,1,967294,891794
249,Ｊ１百年構想,86,川崎Ｆ,1652878,ラザル　ロマニッチ,LAZAR ROMANIC,FW,91,セルビア,183,81,19980325,レッドスター　ベオグラード／セルビア-ＯＦＫベオグラード／セルビア-ＦＫボラツ１９２６／セルビア-ＰＡＳラミア１９６４／ギリシャ-ＦＫジェレズニチャル　パンチェヴォ／セルビア-ＦＫヴォイヴォディナ／セルビア,8,0,0,20250809,明治安田J1第25節,川崎Ｆ,福岡,Ｕ等々力,20250928,明治安田J1第32節,川崎Ｆ,柏,Ｕ等々力,1,29036,29036
249,Ｊ１百年構想,124,横浜FM,700801,飯倉　大樹,IIKURA Hiroki,GK,21,神奈川県,181,75,19860601,ＦＣイーグルス-横浜Ｆ・マリノスプライマリー追浜-横浜Ｆ・マリノスＪｒユース追浜-横浜Ｆ・マリノスユース-横浜Ｆ・マリノス-ロッソ熊本-横浜Ｆ・マリノス-ヴィッセル神戸,315,0,0,20071020,J1第29節,横浜FM,清水,日産ス,,,,,,1,26032,26032
249,Ｊ１百年構想,124,横浜FM,1400253,朴　一圭,PARK Ilgyu,GK,1,埼玉県,180,74,19891222,東京朝鮮中高級学校-朝鮮大学校-藤枝ＭＹＦＣ-ＦＣ　ＫＯＲＥＡ-藤枝ＭＹＦＣ-ＦＣ琉球-横浜Ｆ・マリノス-サガン鳥栖-横浜Ｆ・マリノス-サガン鳥栖,219,0,147,20140309,J3第1節,藤枝,町田,町田,,,,,,1,254398,254398
249,Ｊ１百年構想,124,横浜FM,1605619,坪井　湧也,TSUBOI Yuya,GK,20,兵庫県,183,75,19990823,自由が丘中-ヴィッセル神戸Ｕ－１８-中央大-ヴィッセル神戸-ジュビロ磐田-ヴィッセル神戸-ＲＢ大宮アルディージャ-ヴィッセル神戸,4,0,0,20221029,明治安田J1第33節,神戸,川崎Ｆ,等々力,,,,,,1,,
249,Ｊ１百年構想,124,横浜FM,1634154,木村　凌也,KIMURA Ryoya,GK,31,神奈川県,188,83,20030610,横浜Ｆ・マリノスＪｒユース追浜-横浜Ｆ・マリノスユース-日本大,1,0,0,20251130,明治安田J1第37節,横浜FM,Ｃ大阪,日産ス,,,,,,1,698112,698112
249,Ｊ１百年構想,124,横浜FM,1000273,松原　健,MATSUBARA Ken,DF,27,大分県,180,77,19930216,四日市南ＳＳＣ-ＦＣ中津-大分トリニータＵ－１８-大分トリニータ-アルビレックス新潟-大分トリニータ-アルビレックス新潟,264,29,1,20100502,J2第10節,大分,千葉,大銀ド,20170527,明治安田J1第13節,横浜FM,清水,アイスタ,1,27035,27035
249,Ｊ１百年構想,124,横浜FM,1504374,渡邊　泰基,WATANABE Taiki,DF,15,新潟県,181,80,19990422,アルビレックス新潟ジュニア-アルビレックス新潟Ｕ－１５-前橋育英高-アルビレックス新潟-ツエーゲン金沢-アルビレックス新潟-ツエーゲン金沢-アルビレックス新潟,50,107,0,20180616,明治安田J2第19節,新潟,福岡,レベスタ,20210505,明治安田J2第12節,金沢,水戸,石川西部,1,606983,606983
249,Ｊ１百年構想,124,横浜FM,1600663,トーマス　デン,THOMAS JOK DENG,DF,44,オーストラリア,182,79,19970320,メルボルンビクトリー／オーストラリア-ＰＳＶ　ＩＩ／オランダ-メルボルンビクトリー／オーストラリア-浦和レッズ-アルビレックス新潟,99,8,0,20200704,明治安田J1第2節,浦和,横浜FM,埼玉,20200823,明治安田J1第12節,浦和,神戸,埼玉,1,285156,285156
249,Ｊ１百年構想,124,横浜FM,1631700,角田　涼太朗,TSUNODA Ryotaro,DF,22,埼玉県,185,80,19990627,北浦和ＳＳＳ-浦和レッズＪｒユース-前橋育英高-筑波大-横浜Ｆ・マリノス-カーディフ　シティ／イングランド-ＫＶコルトレイク／ベルギー-カーディフ　シティ／イングランド,47,0,0,20201010,明治安田J1第21節,横浜FM,大分,ニッパツ,20250816,明治安田J1第26節,横浜FM,清水,アイスタ,1,152113,152113
249,Ｊ１百年構想,124,横浜FM,1631768,諏訪間　幸成,SUWAMA Kosei,DF,33,神奈川県,186,85,20030606,ＦＣ六会湘南台-横浜Ｆ・マリノスＪｒユース-横浜Ｆ・マリノスユース-筑波大,12,0,0,20250223,明治安田J1第2節,横浜FM,広島,Ｅピース,,,,,,1,978586,896095
249,Ｊ１百年構想,124,横浜FM,1635315,加藤　蓮,KATO Ren,DF,2,北海道,176,72,19991228,銭函サッカー少年団-北海道コンサドーレ札幌Ｕ－１２-北海道コンサドーレ札幌Ｕ－１５-北海道コンサドーレ札幌Ｕ－１８-明治大-東京ヴェルディ,54,69,0,20220313,明治安田J2第4節,東京Ｖ,群馬,正田スタ,20220403,明治安田J2第8節,東京Ｖ,大分,味スタ,1,798251,798251
249,Ｊ１百年構想,124,横浜FM,1637156,井上　太聖,INOUE Taisei,DF,13,東京都,184,83,20021001,ＦＣインテリオール-堀越高-順天堂大-サガン鳥栖,1,38,0,20240703,明治安田J1第16節,鳥栖,横浜FM,ニッパツ,20250405,明治安田J2第8節,鳥栖,藤枝,駅スタ,1,833727,895943
249,Ｊ１百年構想,124,横浜FM,1643434,関富　貫太,SEKITOMI Kanta,DF,35,千葉県,177,75,20051023,ＦＣ相模野-ファサネイトＪｒユース-日本体育大柏高-柏レイソルＵ－１８-桐蔭横浜大,5,0,0,20250913,明治安田J1第29節,横浜FM,川崎Ｆ,日産ス,,,,,,1,1028070,896545
249,Ｊ１百年構想,124,横浜FM,1650799,ジェイソン　キニョーネス,JEISSON QUINONES,DF,17,コロンビア,185,82,19970817,ボゴタＦＣ／コロンビア-アトレティコ　ブカラマンガ／コロンビア-アギラス　ドラダス／コロンビア-デポルティボ　パスト／コロンビア-アギラス　ドラダス／コロンビア,22,0,0,20250215,明治安田J1第1節,横浜FM,新潟,日産ス,20251018,明治安田J1第34節,横浜FM,浦和,日産ス,1,66421,66421
249,Ｊ１百年構想,124,横浜FM,1654491,村上　慶,MURAKAMI Kei,DF,49,福岡県,181,72,20070411,アビスパ福岡Ｕ－１２-アビスパ福岡Ｕ－１５-大津高,0,0,0,,,,,,,,,,,1,,
249,Ｊ１百年構想,124,横浜FM,1200129,喜田　拓也,KIDA Takuya,MF,8,神奈川県,170,65,19940823,横浜Ｆ・マリノスプライマリー-横浜Ｆ・マリノスＪｒユース-横浜Ｆ・マリノスユース,293,0,10,20140309,J3第1節,J-22,琉球,沖縄県陸,20140608,J3第15節,J-22,琉球,沖縄市陸,1,27034,27034
249,Ｊ１百年構想,124,横浜FM,1400045,天野　純,AMANO Jun,MF,40,神奈川県,175,67,19910719,横浜Ｆ・マリノスプライマリー追浜-横浜Ｆ・マリノスＪｒユース追浜-横浜Ｆ・マリノスユース-順天堂大-横浜Ｆ・マリノス-ロケレン／ベルギー-横浜Ｆ・マリノス-蔚山現代ＦＣ／大韓民国-横浜Ｆ・マリノス-全北現代モータース／大韓民国,223,0,0,20150607,明治安田J1 1st第15節,横浜FM,甲府,中銀スタ,20170618,明治安田J1第15節,横浜FM,FC東京,味スタ,1,27038,27038
249,Ｊ１百年構想,124,横浜FM,1503650,渡辺　皓太,WATANABE Kota,MF,6,神奈川県,166,66,19981018,Ｆ．Ｆ．ＶＩＧＯＲＥ-東京ヴェルディジュニア-東京ヴェルディＪｒユース-東京ヴェルディユース-東京ヴェルディ,173,90,0,20160503,明治安田J2第11節,東京Ｖ,山形,味スタ,20170625,明治安田J2第20節,東京Ｖ,町田,町田,1,27043,27043
249,Ｊ１百年構想,124,横浜FM,1601786,鈴木　冬一,SUZUKI Toichi,MF,25,大阪府,165,62,20000530,セレッソ大阪Ｕ－１２-セレッソ大阪Ｕ－１５-セレッソ大阪Ｕ－１８-長崎総合科学大附属高-湘南ベルマーレ-ＦＣローザンヌ　スポルト／スイス-京都サンガF.C.,74,0,3,20170924,明治安田J3第24節,Ｃ大23,福島,金鳥スタ,20200708,明治安田J1第3節,湘南,横浜FM,ニッパツ,1,26985,26985
249,Ｊ１百年構想,124,横浜FM,1631771,山根　陸,YAMANE Riku,MF,28,神奈川県,174,70,20030817,津田山ＦＣ-横浜Ｆ・マリノスプライマリー-横浜Ｆ・マリノスＪｒユース-横浜Ｆ・マリノスユース,89,0,0,20220302,明治安田J1第10節,横浜FM,神戸,日産ス,20250420,明治安田J1第11節,横浜FM,浦和,埼玉,1,152117,152117
249,Ｊ１百年構想,124,横浜FM,1635326,木村　卓斗,KIMURA Takuto,MF,34,兵庫県,170,72,20000516,横浜Ｆ・マリノスＪｒユース-横浜Ｆ・マリノスユース-明治大-横浜Ｆ・マリノス-愛媛ＦＣ-横浜Ｆ・マリノス-ヴァンフォーレ甲府,1,31,18,20230805,明治安田J3第21節,愛媛,岐阜,長良川,20240302,明治安田J2第2節,甲府,水戸,Ｋｓスタ,1,810996,810996
249,Ｊ１百年構想,124,横浜FM,1639094,松村　晃助,MATSUMURA Kosuke,MF,41,神奈川県,170,63,20040502,横浜Ｆ・マリノスプライマリー-横浜Ｆ・マリノスＪｒユース-横浜Ｆ・マリノスユース-法政大在学中,9,0,0,20250405,明治安田J1第9節,横浜FM,東京Ｖ,日産ス,,,,,,1,698118,698118
249,Ｊ１百年構想,124,横浜FM,1651575,田中　雄大,TANAKA Yuta,MF,32,東京都,175,72,20021011,三菱養和ＳＣ調布ジュニア-三菱養和ＳＣ調布Ｊｒユース-三菱養和ＳＣユース-三菱養和ＳＣ-慶応義塾大,0,0,0,,,,,,,,,,,1,,
249,Ｊ１百年構想,124,横浜FM,1655876,樋口　有斗,HIGUCHI Aruto,MF,29,埼玉県,174,65,20050310,東スポーツセンター少年ＳＣ-埼玉栄中-埼玉栄高-中部大,0,0,0,,,,,,,,,,,1,1066554,
249,Ｊ１百年構想,124,横浜FM,1656651,三井寺　眞,MIIDERA Shin,MF,47,青森県,174,65,20100402,ＡＣ弘前-ＦＣフォーリクラッセ仙台,0,0,0,,,,,,,,,,,1,,
249,Ｊ１百年構想,124,横浜FM,1100118,宮市　亮,MIYAICHI Ryo,FW,23,愛知県,183,79,19921214,シルフィードＦＣ-中京大附属中京高-アーセナル／イングランド-フェイエノールト／オランダ-アーセナル／イングランド-ボルトン　ワンダラーズ／イングランド-アーセナル／イングランド-ウィガンアスレティック／イングランド-アーセナル／イングランド-ＦＣトゥエンテ／オランダ-アーセナル／イングランド-ＦＣザンクトパウリ／ドイツ,89,0,0,20210918,明治安田J1第29節,横浜FM,名古屋,豊田ス,20220518,明治安田J1第11節,横浜FM,浦和,埼玉,1,9433,9433
249,Ｊ１百年構想,124,横浜FM,1626015,遠野　大弥,TONO Daiya,FW,7,静岡県,166,66,19990314,藤枝明誠ＳＣ-藤枝明誠高-Ｈｏｎｄａ　ＦＣ-川崎フロンターレ-アビスパ福岡-川崎フロンターレ,144,41,0,20200223,明治安田J2第1節,福岡,北九州,ミクスタ,20200223,明治安田J2第1節,福岡,北九州,ミクスタ,1,73680,73680
249,Ｊ１百年構想,124,横浜FM,1630058,谷村　海那,TANIMURA Kaina,FW,9,岩手県,183,81,19980305,グルージャ盛岡ジュニア-大宮中-花巻東高-国士舘大-いわきＦＣ,15,101,29,20220313,明治安田J3第1節,いわき,鹿児島,白波スタ,20220702,明治安田J3第15節,いわき,宮崎,Ｊスタ,1,798292,798292
249,Ｊ１百年構想,124,横浜FM,1632280,ジョルディ　クルークス,JORDY CROUX,FW,11,ベルギー,173,70,19940115,ＫＲＣゲンク／ベルギー-ＯＨルーヴェン／ベルギー-ＭＶＶマーストリヒト／オランダ-ヴィレムⅡ／オランダ-ローダＪＣ／オランダ-アビスパ福岡-セレッソ大阪-ジュビロ磐田,118,26,0,20210417,明治安田J1第10節,福岡,FC東京,ベススタ,20210530,明治安田J1第17節,福岡,大分,昭和電ド,1,5339,5339
249,Ｊ１百年構想,124,横浜FM,1634319,近藤　友喜,KONDO Tomoki,FW,24,愛知県,174,68,20010321,名古屋グランパスＵ－１２-名古屋グランパスＵ－１５-前橋育英高-日本大-横浜ＦＣ-北海道コンサドーレ札幌,61,41,0,20210623,明治安田J1第19節,横浜FC,神戸,ノエスタ,20230429,明治安田J1第10節,横浜FC,札幌,ニッパツ,1,606608,606608
249,Ｊ１百年構想,124,横浜FM,1637709,オナイウ　情滋,ONAIWU George,FW,18,埼玉県,168,67,20001111,神川パルフェ-ＦＣコルージャ-正智深谷高-新潟医療福祉大-ベガルタ仙台,4,60,0,20220723,明治安田J2第28節,仙台,長崎,ユアスタ,20240420,明治安田J2第11節,仙台,清水,アイスタ,1,789907,789907
249,Ｊ１百年構想,124,横浜FM,1639201,高橋　輝,TAKAHASHI Hikaru,FW,39,埼玉県,176,68,20040626,与野西北ＳＳＳ-さいたまシティノースＦＣ-大宮アルディージャＵ１５-大宮アルディージャＵ１８-東洋大在学中,0,0,0,,,,,,,,,,,1,,
249,Ｊ１百年構想,124,横浜FM,1644613,浅田　大翔,ASADA Hiroto,FW,46,神奈川県,180,77,20080116,ＳＣＨ．ＦＣ-横浜Ｆ・マリノスＪｒユース-横浜Ｆ・マリノスユース,1,0,0,20250615,明治安田J1第20節,横浜FM,新潟,デンカＳ,,,,,,1,923866,896097
249,Ｊ１百年構想,124,横浜FM,1652657,ユーリ　アラウージョ,YURI ARAUJO,FW,30,ブラジル,170,72,19960413,ルシターノ　ＦＣＶ／ポルトガル-アカデミコ　ヴィセウ　ＦＣ／ポルトガル-ＦＣ　ペナフィエル／ポルトガル-アカデミコ　ヴィセウ　ＦＣ／ポルトガル,9,0,0,20250830,明治安田J1第28節,横浜FM,神戸,ノエスタ,,,,,,1,156773,156773
249,Ｊ１百年構想,124,横浜FM,1652700,ディーン　デイビッド,DEAN DAVID,FW,26,イスラエル,184,75,19960314,ＦＣアシュドッド／イスラエル-マッカビ　ハイファＦＣ／イスラエル,11,0,0,20250816,明治安田J1第26節,横浜FM,清水,アイスタ,20250816,明治安田J1第26節,横浜FM,清水,アイスタ,1,60710,60710
249,Ｊ１百年構想,124,横浜FM,1656001,テヴィス,TEVIS,FW,19,ブラジル,179,77,20060128,レトロＦＣ／ブラジル-クルゼイロＵ２０／ブラジル-レトロＦＣ／ブラジル-クルゼイロＵ２０／ブラジル-クルゼイロＥＣ／ブラジル-アトレチコ　パラナエンセ／ブラジル-クルゼイロＥＣ／ブラジル,0,0,0,,,,,,,,,,,1,904029,
249,Ｊ１百年構想,126,清水,1100192,石川　慧,ISHIKAWA Kei,GK,22,新潟県,185,83,19920930,関屋中-新潟明訓高-ベガルタ仙台-ソニー仙台ＦＣ-ベガルタ仙台-ブラウブリッツ秋田-ベガルタ仙台-栃木ＳＣ-サガン鳥栖-ガンバ大阪-ヴァンフォーレ甲府,8,4,26,20140309,J3第1節,秋田,YS横浜,ニッパ球,,,,,,1,73819,73819
249,Ｊ１百年構想,126,清水,1603857,沖　悠哉,OKI Yuya,GK,1,茨城県,186,83,19990822,鹿島アントラーズＪｒユース-鹿島アントラーズユース-鹿島アントラーズ,83,2,0,20200808,明治安田J1第9節,鹿島,鳥栖,カシマ,,,,,,1,254492,254492
249,Ｊ１百年構想,126,清水,1610934,梅田　透吾,UMEDA Togo,GK,16,静岡県,184,79,20000723,長泉アミーゴス-清水エスパルスＪｒユース-清水エスパルスユース-清水エスパルス-ファジアーノ岡山-清水エスパルス-ファジアーノ岡山,31,28,0,20200704,明治安田J1第2節,清水,名古屋,アイスタ,,,,,,1,800256,800256
249,Ｊ１百年構想,126,清水,1643539,佐々木　智太郎,SASAKI Tomotaro,GK,30,秋田県,188,75,20070323,ＦＣ８５オールスターズ-ＦＣ　ＬＡＶＩＤＡ-昌平高,0,0,0,,,,,,,,,,,1,,
249,Ｊ１百年構想,126,清水,800144,吉田　豊,YOSHIDA Yutaka,DF,28,静岡県,167,72,19900217,富士根南ＳＳＳ-リベルダージＦＣ-静岡学園高-ヴァンフォーレ甲府-清水エスパルス-サガン鳥栖-名古屋グランパス,358,121,0,20080323,J2第4節,甲府,福岡,小瀬,20130506,J1第10節,清水,川崎Ｆ,アイスタ,1,26908,26908
249,Ｊ１百年構想,126,清水,900641,高橋　祐治,TAKAHASHI Yuji,DF,3,滋賀県,187,83,19930411,京都紫光ＳＣ-京都サンガF.C.Ｕ－１５-京都サンガF.C.Ｕ－１８-京都サンガF.C.-ブリスベン　ロアー／オーストラリア-京都サンガF.C.-カマタマーレ讃岐-京都サンガF.C.-サガン鳥栖-柏レイソル,127,138,11,20140309,J3第1節,J-22,琉球,沖縄県陸,20140720,J3第18節,J-22,相模原,ギオンス,1,254498,254498
249,Ｊ１百年構想,126,清水,1300084,本多　勇喜,HONDA Yuki,DF,15,愛知県,173,69,19910102,岐阜ＶＡＭＯＳ-名古屋グランパスＵ１８-阪南大-名古屋グランパス-京都サンガF.C.-ヴィッセル神戸,165,198,0,20130316,J1第3節,名古屋,甲府,中銀スタ,20130316,J1第3節,名古屋,甲府,中銀スタ,1,255010,255010
249,Ｊ１百年構想,126,清水,1400640,北爪　健吾,KITAZUME Kengo,DF,5,群馬県,178,73,19920430,粕川コリエンテジュニア-前橋エコーＪｒユース-前橋育英高-専修大-ジェフユナイテッド千葉-横浜ＦＣ-柏レイソル,62,185,0,20150405,明治安田J2第6節,千葉,京都,西京極,20180428,明治安田J2第11節,横浜FC,徳島,ニッパツ,1,254456,254456
249,Ｊ１百年構想,126,清水,1603088,蓮川　壮大,HASUKAWA Sodai,DF,4,東京都,182,82,19980627,レジスタＦＣ-ＦＣ東京Ｕ－１５深川-ＦＣ東京Ｕ－１８-明治大-ＦＣ東京-いわてグルージャ盛岡-ＦＣ東京-ヴァンフォーレ甲府-ＦＣ東京-清水エスパルス-ＦＣ東京,37,60,5,20160522,明治安田J3第10節,Ｆ東23,鹿児島,夢の島,20241103,明治安田J2第37節,清水,いわき,アイスタ,1,727372,727372
249,Ｊ１百年構想,126,清水,1629435,住吉　ジェラニレショーン,SUMIYOSHI Jelani Reshaun,DF,51,アメリカ合衆国,183,84,19971005,一本松ＳＣ-ＢＡＮＦＦ横浜ベイ-日大藤沢高-国士舘大-水戸ホーリーホック-サンフレッチェ広島-清水エスパルス-サンフレッチェ広島,48,79,0,20200627,明治安田J2第2節,水戸,群馬,正田スタ,20200930,明治安田J2第23節,水戸,大宮,ＮＡＣＫ,1,254466,254466
249,Ｊ１百年構想,126,清水,1635312,パク　スンウク,PARK Seung Wook,DF,14,大韓民国,184,78,19970507,釜山交通公社ＦＣ／大韓民国-浦項スティーラース／大韓民国-金泉尚武ＦＣ／大韓民国-浦項スティーラース／大韓民国,0,0,0,,,,,,,,,,,1,73523,
249,Ｊ１百年構想,126,清水,1637305,日髙　華杜,HIDAKA Haruto,DF,39,熊本県,176,71,20031211,ブレイズ熊本ジュニア-ブレイズ熊本Ｊｒユース-大津高-法政大,1,0,0,20250628,明治安田J1第22節,清水,柏,アイスタ,,,,,,1,1017618,897577
249,Ｊ１百年構想,126,清水,1641666,高木　践,TAKAGI Sen,DF,70,大阪府,173,70,20020314,ＦＣおきつ-ＳＣ大阪エルマーノ-阪南大高-阪南大,29,15,0,20230416,明治安田J2第10節,清水,山口,みらスタ,20240706,明治安田J2第23節,清水,千葉,アイスタ,1,798142,798142
249,Ｊ１百年構想,126,清水,1652394,マテウス　ブルネッティ,MATEUS BRUNETTI,DF,25,ブラジル,180,77,19991118,ポルトゲーザ／ブラジル-フィゲイレンセＦＣ／ブラジル-ＦＣ　ＤＡＣ　１９０４／スロバキア-ＦＣ　ＳＴＫ　１９１４／スロバキア-ＦＣ　ＤＡＣ　１９０４／スロバキア,8,0,0,20250615,明治安田J1第20節,清水,Ｇ大阪,アイスタ,,,,,,1,64475,64475
249,Ｊ１百年構想,126,清水,1655807,オム　ジュヨン,UM Joo Young,DF,20,大韓民国,185,73,20070717,京畿州ＦＣ造営証サッカー教室／大韓民国-京畿道坡州市文山ＦＣ／大韓民国-ソウル龍門高／大韓民国-天安第一高／大韓民国-慶北自然科学高／大韓民国,0,0,0,,,,,,,,,,,1,,
249,Ｊ１百年構想,126,清水,1200373,小塚　和季,KOZUKA Kazuki,MF,81,新潟県,173,68,19940802,見附ジュニアＦＣ-見附ＦＣ　Ｕ－１２-長岡ＪｒユースＦＣ-帝京長岡高-アルビレックス新潟-レノファ山口ＦＣ-アルビレックス新潟-レノファ山口ＦＣ-アルビレックス新潟-レノファ山口ＦＣ-アルビレックス新潟-ヴァンフォーレ甲府-大分トリニータ-川崎フロンターレ-水原三星ブルーウィングス／大韓民国-ソウルイーランドＦＣ／大韓民国,88,70,34,20140426,J1第9節,新潟,徳島,鳴門大塚,20150321,明治安田J3第2節,山口,J-22,維新公園,1,26917,26917
249,Ｊ１百年構想,126,清水,1619676,中原　輝,NAKAHARA Hikaru,MF,11,熊本県,169,68,19960708,山鹿ＦＣＪ-ルーテル学院中-ルーテル学院高-駒澤大-ロアッソ熊本-モンテディオ山形-セレッソ大阪-東京ヴェルディ-セレッソ大阪-サガン鳥栖,91,57,62,20190310,明治安田J3第1節,熊本,長野,えがおＳ,20200711,明治安田J3第3節,熊本,Ｃ大23,えがおＳ,1,254422,254422
249,Ｊ１百年構想,126,清水,1627819,弓場　将輝,YUMIBA Masaki,MF,17,大分県,175,72,20020513,吉野ＳＳＳ-大分トリニータＵ－１５-大分トリニータＵ－１８-大分トリニータ,12,94,0,20220427,明治安田J2第12節,大分,栃木,昭和電ド,20220820,明治安田J2第32節,大分,岩手,昭和電ド,1,790098,790098
249,Ｊ１百年構想,126,清水,1629436,松崎　快,MATSUZAKI Kai,MF,21,埼玉県,172,70,19971122,川越ひまわりＳＣ-大宮アルディージャＪｒユース-大宮アルディージャユース-東洋大-水戸ホーリーホック-浦和レッズ-ベガルタ仙台-浦和レッズ,47,110,0,20200627,明治安田J2第2節,水戸,群馬,正田スタ,20200719,明治安田J2第6節,水戸,町田,Ｋｓスタ,1,151028,151028
249,Ｊ１百年構想,126,清水,1629905,井上　健太,INOUE Kenta,MF,8,神奈川県,172,72,19980723,横浜ジュニオールＳＣ-立正大学湘南高-福岡大-大分トリニータ-横浜Ｆ・マリノス,96,34,0,20200704,明治安田J1第2節,大分,鳥栖,昭和電ド,20220525,明治安田J2第18節,大分,秋田,昭和電ド,1,606618,606618
249,Ｊ１百年構想,126,清水,1636270,宇野　禅斗,UNO Zento,MF,6,福島県,175,75,20031120,福島ユナイテッドＦＣＵ－１２-青森山田中-青森山田高-ＦＣ町田ゼルビア-清水エスパルス-ＦＣ町田ゼルビア,31,39,0,20220403,明治安田J2第8節,町田,千葉,Ｇスタ,20231008,明治安田J2第38節,町田,甲府,Ｇスタ,1,798117,798117
249,Ｊ１百年構想,126,清水,1636971,鈴木　奎吾,SUZUKI Keigo,MF,41,静岡県,175,69,20030713,ＳＡＬＦＵＳ　ｏＲｓ-清水エスパルスＪｒユース-清水エスパルスユース-流通経済大,0,0,0,,,,,,,,,,,1,,
249,Ｊ１百年構想,126,清水,1640499,カピシャーバ,CAPIXABA,MF,7,ブラジル,170,64,19970109,アトレチコ　ミネイロ／ブラジル-フェロヴィアリア／ブラジル-アトレチコ　ミネイロ／ブラジル-アメリカ　ミネイロ／ブラジル-アトレチコ　ミネイロ／ブラジル-シャペコエンセ／ブラジル-アトレチコ　ミネイロ／ブラジル-ヴィラ　ノヴァ／ブラジル-アトレチコ　ミネイロ／ブラジル-グレミオ　ノヴォリゾンチーノ／ブラジル-アトレチコ　ミネイロ／ブラジル-コインブラＭＧ／ブラジル-アトレチコ　ミネイロ／ブラジル-ジュべントゥージ／ブラジル-アトレチコ　ミネイロ／ブラジル-ジュべントゥージ／ブラジル-セレッソ大阪,80,0,0,20230312,明治安田J1第4節,Ｃ大阪,鳥栖,ヨドコウ,20230603,明治安田J1第16節,Ｃ大阪,名古屋,豊田ス,1,53221,53221
249,Ｊ１百年構想,126,清水,1645018,大畑　凜生,OHATA Rinsei,MF,97,埼玉県,177,74,20031123,Ｍａｌｖａ　ＦＣ-大宮西カリオカＦＣ-矢板中央高-法政大,2,0,0,20250416,明治安田J1第12節,清水,横浜FM,日産ス,,,,,,1,1005542,896394
249,Ｊ１百年構想,126,清水,1646181,西原　源樹,NISHIHARA Motoki,MF,44,群馬県,180,74,20061216,ファナティコス-清水エスパルスＪｒユース-清水エスパルスユース,12,16,0,20240225,明治安田J2第1節,清水,熊本,えがおＳ,20240420,明治安田J2第11節,清水,仙台,アイスタ,1,813819,815341
249,Ｊ１百年構想,126,清水,1650537,嶋本　悠大,SHIMAMOTO Yudai,MF,47,熊本県,180,73,20061026,ブレイズ熊本Ｕ－１２-ブレイズ熊本Ｕ－１５-大津高,13,0,0,20250216,明治安田J1第1節,清水,東京Ｖ,国立,,,,,,1,999859,895990
249,Ｊ１百年構想,126,清水,1650728,マテウス　ブエノ,MATHEUS BUENO,MF,10,ブラジル,178,79,19980730,コリチーバＦＣ／ブラジル-ジル　ヴィセンテ　ＦＣ／ポルトガル-グアラニＦＣ／ブラジル,37,0,0,20250216,明治安田J1第1節,清水,東京Ｖ,国立,20250420,明治安田J1第11節,清水,福岡,アイスタ,1,32865,32865
249,Ｊ１百年構想,126,清水,1651475,土居　佑至,DOI Yuji,MF,33,三重県,168,63,20070512,（津）神戸ＦＣＳＳ-Ｈ＆ＡＦＣ-清水エスパルスユース,1,0,0,20250525,明治安田J1第18節,清水,神戸,アイスタ,,,,,,1,1009825,896336
249,Ｊ１百年構想,126,清水,1651476,針生　涼太,HARIU Ryota,MF,27,宮城県,174,66,20080307,ＦＣ．セレスタ-ＦＣフォーリクラッセ仙台-清水エスパルスユース,0,0,0,,,,,,,,,,,1,1006371,
249,Ｊ１百年構想,126,清水,1400298,北川　航也,KITAGAWA Koya,FW,49,静岡県,180,76,19960726,清水エスパルスＪｒユース-清水エスパルスユース-清水エスパルス-ＳＫラピード　ウィーン／オーストリア,132,97,4,20150315,明治安田J3第1節,J-22,相模原,ギオンス,20151122,明治安田J1 2nd第17節,清水,甲府,中銀スタ,1,27765,27765
249,Ｊ１百年構想,126,清水,1503986,オ　セフン,OH Se Hun,FW,9,大韓民国,194,93,19990115,蔚山現代ＦＣ／大韓民国-牙山ムグンファＦＣ／大韓民国-尚州尚武ＦＣ／大韓民国-金泉尚武ＦＣ／大韓民国-蔚山現代ＦＣ／大韓民国-清水エスパルス-ＦＣ町田ゼルビア-清水エスパルス-ＦＣ町田ゼルビア,77,25,0,20220406,明治安田J1第7節,清水,浦和,埼玉,20220410,明治安田J1第8節,清水,Ｇ大阪,アイスタ,1,73539,73539
249,Ｊ１百年構想,126,清水,1629414,髙橋　利樹,TAKAHASHI Toshiki,FW,38,埼玉県,182,76,19980120,大宮南ウイングスＦＣ-ＨＡＮ　ＦＣ-埼玉栄高-国士舘大-ロアッソ熊本-浦和レッズ-横浜ＦＣ-浦和レッズ,29,71,55,20200627,明治安田J3第1節,熊本,鹿児島,えがおＳ,20200704,明治安田J3第2節,熊本,今治,夢スタ,1,681717,681717
249,Ｊ１百年構想,126,清水,1635022,千葉　寛汰,CHIBA Kanta,FW,23,静岡県,178,74,20030617,高部ＪＦＣ-清水エスパルスＪｒユース-清水エスパルスユース-清水エスパルス-ＦＣ今治-清水エスパルス-徳島ヴォルティス-清水エスパルス-ＦＣ今治-清水エスパルス-藤枝ＭＹＦＣ-清水エスパルス-藤枝ＭＹＦＣ,8,45,38,20220529,明治安田J3第10節,今治,松本,サンアル,20220612,明治安田J3第12節,今治,相模原,夢スタ,1,798177,798177
249,Ｊ１百年構想,126,清水,1645859,郡司　璃来,GUNJI Riku,FW,18,千葉県,176,72,20050803,ＪＳＣ　ＣＨＩＢＡ-市立船橋高,1,7,0,20240330,明治安田J2第7節,清水,山形,ＮＤスタ,20250601,明治安田J1第19節,清水,Ｃ大阪,ヨドコウ,1,816685,896117
249,Ｊ１百年構想,126,清水,1650727,アフメド　アフメドフ,AHMED AHMEDOV,FW,29,ブルガリア,184,77,19950304,ＰＳＦＣ　チェルノモレツ　ブルガス／ブルガリア-ＰＦＣ　ブルガス／ブルガリア-ＯＦＫ　ポモリエ／ブルガリア-ＦＣ　ドゥナフ　ルセ／ブルガリア-ＰＦＣ　ＣＳＫＡ　ソフィア／ブルガリア-ネフチ　バクー　ＰＦＣ／アゼルバイジャン-ＰＦＣ　ＣＳＫＡ　ソフィア／ブルガリア-ＰＦＣ　スラヴィア　ソフィア／ブルガリア-ＦＣ　スパルタク　ヴァルナ／ブルガリア,9,0,0,20250216,明治安田J1第1節,清水,東京Ｖ,国立,,,,,,1,32487,32487
249,Ｊ１百年構想,126,清水,1652850,アルフレド　ステファンス,ALFREDO STEPHENS,FW,50,パナマ,181,77,19941225,リオ　アバホＦＣ／パナマ-ＣＤプラザ　アマドール／パナマ-チョリージョＦＣ／パナマ-ＦＣ　ＤＡＣ　１９０４／スロバキア-チョリージョＦＣ／パナマ-ＣＤサンタクララ／ポルトガル-チョリージョＦＣ／パナマ-ＣＤウニベルシタリオ／パナマ-ＣＡインデペンディエンテ／パナマ-アラグアＦＣ／ベネズエラ-ＡＤヌエベ　デ　オクトゥブレ／エクアドル-プエルト　カベロ／ベネズエラ-キリヤット　シュモナＦＣ／イスラエル,6,0,0,20250816,明治安田J1第26節,清水,横浜FM,アイスタ,,,,,,1,16127,16127
249,Ｊ１百年構想,127,名古屋,600047,武田　洋平,TAKEDA Yohei,GK,16,大阪府,189,84,19870630,枚方フジタＳＣ-大津中-大津高-清水エスパルス-アルビレックス新潟-清水エスパルス-ガンバ大阪-清水エスパルス-セレッソ大阪-大分トリニータ,39,83,0,20100501,J1第9節,清水,浦和,エコパ,,,,,,1,73578,73578
249,Ｊ１百年構想,127,名古屋,1000669,シュミット　ダニエル,SCHMIDT Daniel,GK,1,アメリカ合衆国,197,91,19920203,仙台市八幡サッカースポーツ少年団-仙台スポーツシューレＦＣ-東北学院中-東北学院高-中央大-ベガルタ仙台-ロアッソ熊本-ベガルタ仙台-ロアッソ熊本-ベガルタ仙台-松本山雅ＦＣ-ベガルタ仙台-シント＝トロイデンＶＶ／ベルギー-ＫＡＡゲント／ベルギー,64,71,0,20140426,J2第9節,熊本,長崎,うまスタ,,,,,,1,28827,28827
249,Ｊ１百年構想,127,名古屋,1645017,ピサノ　アレックス幸冬堀尾,PISANO Alex Kouto Horio,GK,35,愛知県,197,93,20060110,ＦＣフェルボール愛知-名古屋グランパスＵ－１８,16,0,0,20250503,明治安田J1第14節,名古屋,清水,国立,,,,,,1,799405,894485
249,Ｊ１百年構想,127,名古屋,1651271,萩　裕陽,HAGI Hiroaki,GK,36,愛知県,189,87,20070612,アクアＪＦＣ春日井-名古屋グランパスＵ－１５-名古屋グランパスＵ－１８,0,0,0,,,,,,,,,,,1,,
249,Ｊ１百年構想,127,名古屋,1200335,野上　結貴,NOGAMI Yuki,DF,2,東京都,180,72,19910420,若杉ＳＣ-ワセダクラブＦｏｒｚａ’０２-保善高-桐蔭横浜大-横浜ＦＣ-サンフレッチェ広島,268,130,0,20120427,J2第10節,横浜FC,岐阜,長良川,20130310,J2第2節,横浜FC,徳島,ニッパ球,1,26960,26960
249,Ｊ１百年構想,127,名古屋,1600025,原　輝綺,HARA Teruki,DF,70,埼玉県,180,72,19980730,市立船橋高-アルビレックス新潟-サガン鳥栖-清水エスパルス-グラスホッパー　チューリッヒ／スイス-清水エスパルス,148,65,0,20170225,明治安田J1第1節,新潟,広島,Ｅスタ,20170416,明治安田J1第7節,新潟,甲府,中銀スタ,1,26943,26943
249,Ｊ１百年構想,127,名古屋,1603777,河面　旺成,KAWAZURA Akinari,DF,6,京都府,184,80,19940503,セレッソ大阪Ｕ－１２-セレッソ大阪西Ｕ－１５-作陽高-明治大-大宮アルディージャ,60,116,0,20171029,明治安田J1第31節,大宮,Ｃ大阪,金鳥スタ,20190504,明治安田J2第12節,大宮,愛媛,ＮＡＣＫ,1,254516,254516
249,Ｊ１百年構想,127,名古屋,1604991,宮　大樹,MIYA Daiki,DF,4,,,,,,0,0,0,,,,,,,,,,,0,254533,254533
249,Ｊ１百年構想,127,名古屋,1617705,三國　ケネディエブス,MIKUNI KennedyEgbus,DF,20,アメリカ合衆国,193,85,20000623,東京ＮＯＢＩＤＯＭＥ　ＦＣ-青森山田中-青森山田高-アビスパ福岡-栃木ＳＣ-アビスパ福岡-栃木ＳＣ-アビスパ福岡,85,57,0,20190224,明治安田J2第1節,福岡,琉球,タピスタ,20200729,明治安田J2第8節,福岡,愛媛,ベススタ,1,255000,255000
249,Ｊ１百年構想,127,名古屋,1618069,徳元　悠平,TOKUMOTO Shuhei,DF,55,沖縄県,171,72,19950912,三和中-那覇西高-城西国際大-ＦＣ琉球-ファジアーノ岡山-ＦＣ東京-名古屋グランパス-ＦＣ東京,63,141,31,20180311,明治安田J3第1節,琉球,富山,沖縄県陸,20180317,明治安田J3第2節,琉球,北九州,ミクスタ,1,606605,606605
249,Ｊ１百年構想,127,名古屋,1618633,藤井　陽也,FUJII Haruya,DF,13,愛知県,188,83,20001226,ヒカリＦＣ-グランパスみよし-名古屋グランパスＵ－１２-名古屋グランパスＵ１５-名古屋グランパスＵ－１８-名古屋グランパス-ＫＶコルトレイク／ベルギー-名古屋グランパス-ＫＶコルトレイク／ベルギー,86,0,0,20190720,明治安田J1第20節,名古屋,Ｇ大阪,豊田ス,20221008,明治安田J1第32節,名古屋,京都,サンガＳ,1,26915,26915
249,Ｊ１百年構想,127,名古屋,1630125,佐藤　瑶大,SATO Yota,DF,3,福島県,184,77,19980910,羽衣ＳＣ-立川エルフＦＣ-ＦＣ多摩Ｊｒユース-駒澤大高-明治大-ガンバ大阪-ベガルタ仙台-ガンバ大阪-浦和レッズ,68,15,0,20210418,明治安田J1第10節,Ｇ大阪,清水,パナスタ,20250302,明治安田J1第4節,名古屋,町田,豊田ス,1,73820,73820
249,Ｊ１百年構想,127,名古屋,1644774,久保　遥夢,KUBO Harumu,DF,37,群馬県,184,73,20070618,大泉ＦＣ　Ｕ－１２-前橋フットボールクラブ-前橋育英高校,0,0,0,,,,,,,,,,,1,,
249,Ｊ１百年構想,127,名古屋,1646309,森　壮一朗,MORI Soichiro,DF,44,石川県,180,70,20070629,菊川ＦＣ-ＪＦＡアカデミー福島Ｕ－１５-名古屋グランパスＵ－１８,11,0,0,20250628,明治安田J1第22節,名古屋,広島,Ｅピース,20250823,明治安田J1第27節,名古屋,川崎Ｆ,豊田ス,1,1003813,896485
249,Ｊ１百年構想,127,名古屋,1000187,山中　亮輔,YAMANAKA Ryosuke,MF,66,千葉県,174,71,19930420,柏レイソルＵ－１２-柏レイソルＵ－１５-柏レイソルＵ－１８-柏レイソル-ジェフユナイテッド千葉-柏レイソル-横浜Ｆ・マリノス-浦和レッズ-セレッソ大阪,235,23,4,20121201,J1第34節,柏,鹿島,カシマ,20140309,J2第2節,千葉,岡山,フクアリ,1,26996,26996
249,Ｊ１百年構想,127,名古屋,1400047,稲垣　祥,INAGAKI Sho,MF,15,東京都,176,72,19911225,大泉西ハリケーン-サウスユーベＦＣ-ＦＣ東京Ｕ－１５むさし-帝京高-日本体育大-ヴァンフォーレ甲府-サンフレッチェ広島,365,0,0,20140301,J1第1節,甲府,鹿島,国立,20151017,明治安田J1 2nd第14節,甲府,山形,ＮＤスタ,1,73574,73574
249,Ｊ１百年構想,127,名古屋,1400056,小屋松　知哉,KOYAMATSU Tomoya,MF,58,京都府,171,70,19950424,宇治ＦＣ-京都橘高-名古屋グランパス-京都サンガF.C.-サガン鳥栖-柏レイソル,235,116,3,20140309,J3第1節,J-22,琉球,沖縄県陸,20140316,J3第2節,J-22,藤枝,藤枝サ,1,254458,254458
249,Ｊ１百年構想,127,名古屋,1502575,森島　司,MORISHIMA Tsukasa,MF,14,三重県,175,67,19970425,愛宕サッカー少年団-名古屋グランパスエイトＪｒユース-ヴィアティン北勢ＦＣ-四日市中央工高-サンフレッチェ広島,238,0,0,20170225,明治安田J1第1節,広島,新潟,Ｅスタ,20190526,明治安田J1第13節,広島,浦和,埼玉,1,26959,26959
249,Ｊ１百年構想,127,名古屋,1503926,和泉　竜司,IZUMI Ryuji,MF,7,三重県,173,71,19931106,ＦＣ四日市-市立船橋高-明治大-名古屋グランパス-鹿島アントラーズ,252,39,0,20160410,明治安田J1 1st第6節,名古屋,大宮,豊田ス,20160504,明治安田J1 1st第10節,名古屋,横浜FM,豊田ス,1,254407,254407
249,Ｊ１百年構想,127,名古屋,1600127,椎橋　慧也,SHIIHASHI Keiya,MF,8,,,,,,0,0,0,,,,,,,,,,,0,27020,27020
249,Ｊ１百年構想,127,名古屋,1602398,内田　宅哉,UCHIDA Takuya,MF,17,千葉県,177,71,19980602,ＪＳＣ　ＣＨＩＢＡ-ＦＣ東京Ｕ－１５深川-ＦＣ東京Ｕ－１８-ＦＣ東京-名古屋グランパス-ＦＣ東京-名古屋グランパス-ＦＣ東京,133,0,73,20160424,明治安田J3第6節,Ｆ東23,鳥取,とりスタ,20161023,明治安田J3第26節,Ｆ東23,Ｇ大23,万博,1,26856,26856
249,Ｊ１百年構想,127,名古屋,1620717,小野　雅史,ONO Masahito,MF,41,新潟県,172,68,19960809,大宮アルディージャジュニア-大宮アルディージャＪｒユース-大宮アルディージャユース-明治大-大宮アルディージャ-モンテディオ山形,14,145,0,20190330,明治安田J2第6節,大宮,長崎,トラスタ,20200627,明治安田J2第2節,大宮,千葉,フクアリ,1,727015,727015
249,Ｊ１百年構想,127,名古屋,1624306,中山　克広,NAKAYAMA Katsuhiro,MF,27,神奈川県,180,70,19960717,都筑サッカー友の会-横浜ＦＣＪｒユース-麻布大渕野辺高-専修大-横浜ＦＣ-清水エスパルス,120,70,0,20190421,明治安田J2第10節,横浜FC,千葉,ニッパツ,20190804,明治安田J2第26節,横浜FC,福岡,レベスタ,1,26041,26041
249,Ｊ１百年構想,127,名古屋,1624344,浅野　雄也,ASANO Yuya,MF,9,三重県,172,70,19970217,ぺルナＳＣ-八風中-四日市四郷高-大阪体育大-水戸ホーリーホック-サンフレッチェ広島-水戸ホーリーホック-サンフレッチェ広島-北海道コンサドーレ札幌,162,34,0,20190224,明治安田J2第1節,水戸,岡山,Ｃスタ,20190505,明治安田J2第12節,水戸,町田,町田,1,254523,254523
249,Ｊ１百年構想,127,名古屋,1625563,高嶺　朋樹,TAKAMINE Tomoki,MF,31,北海道,178,75,19971229,コンサドーレ札幌Ｕ－１２-コンサドーレ札幌Ｕ－１５-コンサドーレ札幌Ｕ－１８-筑波大-北海道コンサドーレ札幌-柏レイソル-ＫＶコルトレイク／ベルギー-北海道コンサドーレ札幌,136,35,0,20200704,明治安田J1第2節,札幌,横浜FC,ニッパツ,20211002,明治安田J1第31節,札幌,Ｇ大阪,パナスタ,1,254436,254436
249,Ｊ１百年構想,127,名古屋,1629920,甲田　英將,KODA Hidemasa,MF,19,三重県,168,65,20031002,川島サッカー少年団-名古屋グランパスＵ－１２-名古屋グランパスＵ－１５-名古屋グランパスＵ－１８-名古屋グランパス-東京ヴェルディ-名古屋グランパス-水戸ホーリーホック-名古屋グランパス-愛媛ＦＣ,9,69,0,20220306,明治安田J1第3節,名古屋,鳥栖,豊田ス,20240316,明治安田J2第4節,水戸,徳島,Ｋｓスタ,1,254416,254416
249,Ｊ１百年構想,127,名古屋,1632477,吉田　温紀,YOSHIDA Haruki,MF,29,三重県,182,76,20030429,アレグロッソ桜島-名古屋グランパスＵ－１５-名古屋グランパスＵ－１８-名古屋グランパス-愛媛ＦＣ,19,32,0,20220706,明治安田J1第20節,名古屋,柏,三協Ｆ柏,20241023,明治安田J1第35節,名古屋,Ｇ大阪,パナスタ,1,73575,73575
249,Ｊ１百年構想,127,名古屋,1633166,菊地　泰智,KIKUCHI Taichi,MF,33,埼玉県,160,60,19990507,浦和レッズＪｒユース-流通経済大付属柏高-流通経済大-サガン鳥栖,112,0,0,20220219,明治安田J1第1節,鳥栖,広島,Ｅスタ,20240918,明治安田J1第29節,名古屋,新潟,豊田ス,1,254392,254392
249,Ｊ１百年構想,127,名古屋,1637151,鈴木　陽人,SUZUKI Haruto,MF,32,愛知県,165,65,20050517,名古屋グランパスＵ－１２-名古屋グランパスＵ－１５-名古屋グランパスＵ－１８,1,0,0,20251130,明治安田J1第37節,名古屋,町田,Ｇスタ,,,,,,1,828579,896111
249,Ｊ１百年構想,127,名古屋,801348,永井　謙佑,NAGAI Kensuke,FW,18,広島県,177,72,19890305,医生ヶ丘サッカー少年団-浅川中-九州国際大付属高-福岡大-名古屋グランパス-ＲＳリエージュ／ベルギー-名古屋グランパス-ＦＣ東京,459,5,0,20090530,J2第18節,福岡,岐阜,レベスタ,20110807,J1第20節,名古屋,磐田,瑞穂陸,1,26848,26848
249,Ｊ１百年構想,127,名古屋,1401498,マテウス　カストロ,MATEUS CASTRO,FW,10,ブラジル,167,71,19940911,ＥＣバイーア／ブラジル-大宮アルディージャ-ＥＣバイーア／ブラジル-大宮アルディージャ-名古屋グランパス-横浜Ｆ・マリノス-名古屋グランパス-アル　タアーウンＦＣ／サウジアラビア,214,45,0,20150913,明治安田J2第31節,大宮,水戸,Ｋｓスタ,20160717,明治安田J1 2nd第4節,大宮,浦和,埼玉,1,73573,73573
249,Ｊ１百年構想,127,名古屋,1503339,山岸　祐也,YAMAGISHI Yuya,FW,11,千葉県,183,80,19930829,尚志高-流通経済大-ザスパクサツ群馬-ＦＣ岐阜-モンテディオ山形-アビスパ福岡,148,176,0,20160320,明治安田J2第4節,群馬,讃岐,正田スタ,20160515,明治安田J2第13節,群馬,横浜FC,正田スタ,1,254532,254532
249,Ｊ１百年構想,127,名古屋,1633622,木村　勇大,KIMURA Yudai,FW,22,大阪府,185,84,20010228,ＹＮキッカーズ-東京ヴェルディジュニア-ヴィッセル神戸Ｕ－１２-ヴィッセル神戸Ｕ－１５-大阪桐蔭高-関西学院大-京都サンガF.C.-ツエーゲン金沢-京都サンガF.C.-東京ヴェルディ-京都サンガF.C.-東京ヴェルディ,84,10,0,20220219,明治安田J1第1節,京都,浦和,サンガＳ,20231104,明治安田J2第41節,金沢,大分,石川西部,1,255012,255012
249,Ｊ１百年構想,127,名古屋,1635543,榊原　杏太,SAKAKIBARA Kyota,FW,28,静岡県,168,62,20011020,中田サッカースポーツ少年団-清水エスパルスＪｒユース-名古屋グランパスＵ－１８-立正大-名古屋グランパス-藤枝ＭＹＦＣ,7,9,0,20240428,明治安田J1第10節,名古屋,浦和,埼玉,,,,,,1,819134,896112
249,Ｊ１百年構想,127,名古屋,1636858,マルクス　ヴィニシウス,MARCUS VINICIUS,FW,25,ブラジル,176,82,19980124,フィゲイレンセＦＣ／ブラジル-ボルタ　レドンダ／ブラジル-ブルスケＦＣ／ブラジル-カンボリウＦＣ／ブラジル-レトロＦＣ／ブラジル-ＦＣ今治,0,36,100,20220320,明治安田J3第2節,今治,富山,夢スタ,20220703,明治安田J3第15節,今治,岐阜,長良川,1,929107,815541
249,Ｊ１百年構想,127,名古屋,1646306,杉浦　駿吾,SUGIURA Shungo,FW,30,愛知県,174,70,20060514,名古屋グランパスＵ－１２-名古屋グランパスＵ－１５-名古屋グランパスＵ－１８,6,0,0,20250315,明治安田J1第6節,名古屋,東京Ｖ,味スタ,,,,,,1,1002900,896113
249,Ｊ１百年構想,134,京都,1300001,太田　岳志,OTA Gakuji,GK,1,三重県,190,86,19901226,大山田ＳＳＳ-陵成中-暁高-大阪学院大-ＦＣ岐阜-東京ヴェルディ-カターレ富山-東京ヴェルディ-カターレ富山,56,20,7,20141026,J2第38節,岐阜,北九州,本城,,,,,,1,255026,255026
249,Ｊ１百年構想,134,京都,1400042,圍　謙太朗,KAKOI Kentaro,GK,21,長崎県,190,93,19910423,土井首小-大津北中-大津高-桃山学院大-ＦＣ東京-セレッソ大阪-アビスパ福岡-セレッソ大阪-松本山雅ＦＣ-ＳＣ相模原-ブラウブリッツ秋田,0,132,63,20160313,明治安田J3第1節,Ｆ東23,相模原,ギオンス,,,,,,1,789886,789886
249,Ｊ１百年構想,134,京都,1400638,村上　昌謙,MURAKAMI Masaaki,GK,94,滋賀県,185,85,19920807,河西サッカースポーツ少年団-守山北中-草津東高-大阪体育大-レノファ山口ＦＣ-水戸ホーリーホック-レノファ山口ＦＣ-アビスパ福岡,124,46,0,20160814,明治安田J2第29節,山口,清水,アイスタ,,,,,,1,254538,254538
249,Ｊ１百年構想,134,京都,1610978,ファンティーニ　燦,FANTINI Akira,GK,36,千葉県,180,82,19980524,チェゼーナ／イタリア-サガン鳥栖-福島ユナイテッドＦＣ-レノファ山口ＦＣ-福島ユナイテッドＦＣ,0,0,21,20200627,明治安田J3第1節,福島,八戸,とうスタ,,,,,,1,,
249,Ｊ１百年構想,134,京都,1400353,鈴木　義宜,SUZUKI Yoshinori,DF,50,宮崎県,184,72,19920911,広瀬サッカースポーツ少年団-宮崎日大中-宮崎日大高-宮崎産業経営大-大分トリニータ-清水エスパルス,184,164,30,20150308,明治安田J2第1節,大分,讃岐,丸亀,20150401,明治安田J2第5節,大分,岐阜,大銀ド,1,26927,26927
249,Ｊ１百年構想,134,京都,1603180,麻田　将吾,ASADA Shogo,DF,3,長野県,186,82,19980706,アルフット安曇野ジュニア-アルフット安曇野Ｊｒユース-京都サンガF.C.Ｕ－１８-京都サンガF.C.-カマタマーレ讃岐-京都サンガF.C.-カマタマーレ讃岐,89,77,28,20170507,明治安田J2第12節,京都,讃岐,西京極,20190901,明治安田J3第21節,讃岐,YS横浜,ニッパツ,1,255006,255006
249,Ｊ１百年構想,134,京都,1618764,アピアタウィア　久,APPIAH TAWIAH Hisashi,DF,5,愛知県,192,85,19981018,愛知ＦＣ　Ｕ－１２-愛知ＦＣ　Ｕ－１５-東邦高-流通経済大-ベガルタ仙台,100,0,0,20200801,明治安田J1第8節,仙台,横浜FM,ユアスタ,20210825,明治安田J1第26節,仙台,FC東京,ユアスタ,1,255023,255023
249,Ｊ１百年構想,134,京都,1618852,福田　心之助,FUKUDA Shinnosuke,DF,2,北海道,174,68,20000904,浦河スポーツ少年団-北海道コンサドーレ札幌Ｕ－１５-北海道コンサドーレ札幌Ｕ－１８-明治大,86,0,0,20230218,明治安田J1第1節,京都,鹿島,サンガＳ,20230507,明治安田J1第12節,京都,横浜FM,日産ス,1,606628,606628
249,Ｊ１百年構想,134,京都,1622189,石田　侑資,ISHIDA Yusuke,DF,40,徳島県,176,76,20021111,徳島ＲＡＰＡＺ-徳島ヴォルティスＪｒユース-市立船橋高-ガイナーレ鳥取-いわきＦＣ,0,93,38,20210314,明治安田J3第1節,鳥取,鹿児島,白波スタ,20210314,明治安田J3第1節,鳥取,鹿児島,白波スタ,1,798303,798303
249,Ｊ１百年構想,134,京都,1630198,永田　倖大,NAGATA Kodai,DF,15,宮崎県,180,79,20020908,相浦西少年ＳＣ-セレソン都城ＦＣ-サガン鳥栖Ｕ－１８-明治大,1,0,0,20250329,明治安田J1第7節,京都,広島,サンガＳ,,,,,,1,1003823,896172
249,Ｊ１百年構想,134,京都,1630225,須貝　英大,SUGAI Hidehiro,DF,22,山梨県,172,67,19981027,フォルトゥナＳＣジュニア-フォルトゥナＳＣＪｒユース-浜松開誠館高-明治大-ヴァンフォーレ甲府-鹿島アントラーズ,58,87,0,20200926,明治安田J2第22節,甲府,新潟,デンカＳ,20211017,明治安田J2第34節,甲府,金沢,石川西部,1,726789,726789
249,Ｊ１百年構想,134,京都,1632553,エンリケ　トレヴィザン,HENRIQUE TREVISAN,DF,34,ブラジル,185,78,19970120,フィゲイレンセＦＣ／ブラジル-ＧＤエストリル　プライア／ポルトガル-ＡＡポンチプレッタ／ブラジル-ＧＤエストリル　プライア／ポルトガル-ＦＣファマリカン／ポルトガル-ＧＤエストリル　プライア／ポルトガル-大分トリニータ-ＧＤエストリル　プライア／ポルトガル-ＦＣ東京,83,0,0,20210502,明治安田J1第12節,大分,清水,昭和電ド,20210530,明治安田J1第17節,大分,福岡,昭和電ド,1,25265,25265
249,Ｊ１百年構想,134,京都,1640979,飯田　陸斗,IIDA Rikuto,DF,30,,,,,,0,0,0,,,,,,,,,,,0,,
249,Ｊ１百年構想,134,京都,1655966,山本　楓大,YAMAMOTO Sota,DF,33,長崎県,176,73,20040823,ヴェルスリアンＦＣ-サガン鳥栖Ｕ－１５-サガン鳥栖Ｕ－１８-関西学院大在学中,0,0,0,,,,,,,,,,,1,,
249,Ｊ１百年構想,134,京都,800823,米本　拓司,YONEMOTO Takuji,MF,8,兵庫県,177,72,19901203,瑞穂ＳＣ-伊丹ＦＣ-伊丹高-ＦＣ東京-名古屋グランパス-湘南ベルマーレ-名古屋グランパス-京都サンガF.C.-名古屋グランパス,393,1,13,20090321,J1第3節,Ｆ東京,山形,味スタ,20090829,J1第24節,Ｆ東京,大分,味スタ,1,26905,26905
249,Ｊ１百年構想,134,京都,1400677,奥川　雅也,OKUGAWA Masaya,MF,7,滋賀県,177,67,19960414,綾野サッカースポーツ少年団-京都サンガF.C.Ｕ－１５-京都サンガF.C.Ｕ－１８-京都サンガF.C.-ザルツブルグ／オーストリア-ＦＣリーフェリング／オーストリア-ザルツブルグ／オーストリア-ＳＶマッタースブルク／オーストリア-ザルツブルグ／オーストリア-ホルシュタイン　キール／ドイツ-ザルツブルグ／オーストリア-アルミニア　ビーレフェルト／ドイツ-ザルツブルグ／オーストリア-アルミニア　ビーレフェルト／ドイツ-ＦＣアウクスブルク／ドイツ-ハンブルガーＳＶ／ドイツ-ＦＣアウクスブルク／ドイツ,29,5,4,20150329,明治安田J3第3節,J-22,琉球,沖縄県陸,20150606,明治安田J2第17節,京都,大分,大銀ド,1,19476,19476
249,Ｊ１百年構想,134,京都,1401480,平戸　太貴,HIRATO Taiki,MF,39,茨城県,178,72,19970418,鹿島アントラーズＪｒユース-鹿島アントラーズユース-鹿島アントラーズ-ＦＣ町田ゼルビア-鹿島アントラーズ-ＦＣ町田ゼルビア-鹿島アントラーズ-ＦＣ町田ゼルビア,74,203,0,20170226,明治安田J2第1節,町田,千葉,町田,20170722,明治安田J2第24節,町田,岐阜,長良川,1,639295,639295
249,Ｊ１百年構想,134,京都,1502267,齊藤　未月,SAITO Mitsuki,MF,32,神奈川県,166,66,19990110,藤沢ＦＣ-湘南ベルマーレジュニア-湘南ベルマーレＵ－１５平塚-湘南ベルマーレユース-湘南ベルマーレ-ＦＣルビン　カザン／ロシア連邦-湘南ベルマーレ-ガンバ大阪-湘南ベルマーレ-ヴィッセル神戸-湘南ベルマーレ-ヴィッセル神戸-京都サンガF.C.-ヴィッセル神戸,135,30,0,20160424,明治安田J1 1st第8節,湘南,大宮,ＢＭＷス,20180722,明治安田J1第17節,湘南,神戸,ノエスタ,1,26986,26986
249,Ｊ１百年構想,134,京都,1601787,福岡　慎平,FUKUOKA Shimpei,MF,10,奈良県,170,68,20000627,アスペガス生駒ＦＣ-京都サンガF.C.Ｕ－１５-京都サンガF.C.Ｕ－１８,106,120,0,20180602,明治安田J2第17節,京都,金沢,石川西部,20180630,明治安田J2第21節,京都,甲府,中銀スタ,1,255007,255007
249,Ｊ１百年構想,134,京都,1613092,松田　天馬,MATSUDA Temma,MF,18,熊本県,163,63,19950611,熊本ユナイテッドＳＣ　Ｕ－１２-熊本ユナイテッドＳＣ　Ｕ－１５-東福岡高-鹿屋体育大-湘南ベルマーレ,181,44,0,20170805,明治安田J2第26節,湘南,松本,ＢＭＷス,20180302,明治安田J1第2節,湘南,川崎Ｆ,等々力,1,26988,26988
249,Ｊ１百年構想,134,京都,1622198,中野　瑠馬,NAKANO Ryuma,MF,48,大阪府,169,64,20021006,賢明学院中-京都サンガF.C.Ｕ－１８-立命館大,20,0,0,20240630,明治安田J1第21節,京都,湘南,レモンＳ,20250830,明治安田J1第28節,京都,岡山,サンガＳ,1,832859,887614
249,Ｊ１百年構想,134,京都,1625672,本田　風智,HONDA Fuchi,MF,99,福岡県,170,70,20010510,ＰＦＴＣ北九州Ｕ－１２-ＰＦＴＣ北九州Ｕ－１５-サガン鳥栖Ｕ－１８-サガン鳥栖,79,4,0,20200222,明治安田J1第1節,鳥栖,川崎Ｆ,等々力,20201108,明治安田J1第11節,鳥栖,仙台,ユアスタ,1,254394,254394
249,Ｊ１百年構想,134,京都,1632231,平岡　大陽,HIRAOKA Taiyo,MF,16,兵庫県,173,66,20020914,長尾ウオーズＦＣ-セレッソ大阪西Ｕ－１５-履正社高-湘南ベルマーレ,106,0,0,20210530,明治安田J1第17節,湘南,徳島,鳴門大塚,20211103,明治安田J1第34節,湘南,札幌,札幌ド,1,254474,254474
249,Ｊ１百年構想,134,京都,1633161,佐藤　響,SATO Kyo,MF,44,栃木県,168,68,20000321,ヴェルディＳＳ小山-水戸啓明高-流通経済大-サガン鳥栖-京都サンガF.C.-サガン鳥栖,105,0,0,20220219,明治安田J1第1節,鳥栖,広島,Ｅスタ,20240317,明治安田J1第4節,京都,横浜FM,サンガＳ,1,254586,254586
249,Ｊ１百年構想,134,京都,1634968,新井　晴樹,ARAI Haruki,MF,77,埼玉県,170,70,19980412,ＦＣチベッタ深谷-ＦＣアウル-正智深谷高-国士舘大-ＦＣティアモ枚方-セレッソ大阪-ＦＣティアモ枚方-ＨＮＫシベニク／クロアチア-ＦＣティアモ枚方-セレッソ大阪-ＦＣティアモ枚方-水戸ホーリーホック-サガン鳥栖,11,72,0,20210809,明治安田J1第23節,Ｃ大阪,仙台,ヨドコウ,20240831,明治安田J2第29節,水戸,愛媛,Ｋｓスタ,1,173045,173045
249,Ｊ１百年構想,134,京都,1649549,尹　星俊,YOON Sungjun,MF,25,大阪府,170,67,20070504,ＹＦ奈良テソロ-京都サンガF.C.Ｕ－１５-京都サンガF.C.Ｕ－１８,0,0,0,,,,,,,,,,,1,1048449,896174
249,Ｊ１百年構想,134,京都,1650730,ジョアン　ペドロ,JOAO PEDRO,MF,6,ブラジル,185,72,19990903,ＥＣサントアンドレ／ブラジル-ポルトゲーザ　サンチスタ／ブラジル-ＥＣヴィトーリア／ブラジル-ポルトゲーザ　サンチスタ／ブラジル-ＥＣヴィトーリア／ブラジル-ブルスケＦＣ／ブラジル-ＥＣヴィトーリア／ブラジル-トンベンセＦＣ／ブラジル-ＥＣヴィトーリア／ブラジル-ＣＲＢ／ブラジル-ＥＣヴィトーリア／ブラジル-京都サンガF.C.-ＥＣヴィトーリア／ブラジル,23,0,0,20250215,明治安田J1第1節,京都,岡山,ＪＦＥス,20250316,明治安田J1第6節,京都,清水,アイスタ,1,633592,633592
249,Ｊ１百年構想,134,京都,1653073,グスタボ　バヘット,GUSTAVO BARRETO,MF,88,ブラジル,181,78,19951210,クリシューマＥＣ／ブラジル-シャペコエンセ／ブラジル-クリシューマＥＣ／ブラジル-レッドブル／ブラジル-クリシューマＥＣ／ブラジル-ブラガンチーノ／ブラジル-クリシューマＥＣ／ブラジル-ポンチプレッタＦＣ／ブラジル-クリシューマＥＣ／ブラジル-ボタフォゴ／ブラジル-クリシューマＥＣ／ブラジル-ボタフォゴ／ブラジル-ＲＤＷモレンベーク／ベルギー-ボタフォゴ／ブラジル-クリシューマＥＣ／ブラジル-アヴァイＦＣ／ブラジル,2,0,0,20250830,明治安田J1第28節,京都,岡山,サンガＳ,,,,,,1,24845,24845
249,Ｊ１百年構想,134,京都,1656728,立川　遼翔,TATSUKAWA Haruto,MF,41,滋賀県,183,70,20070220,大原ＳＳＳ-京都サンガF.C.Ｕ－１５-京都サンガF.C.Ｕ－１８-新潟医療福祉大在学中,0,0,0,,,,,,,,,,,1,,
249,Ｊ１百年構想,134,京都,700767,長沢　駿,NAGASAWA Shun,FW,93,静岡県,192,79,19880825,清水ＦＣ-清水エスパルスＪｒユース-清水エスパルスユース-清水エスパルス-ロアッソ熊本-清水エスパルス-京都サンガF.C.-清水エスパルス-松本山雅ＦＣ-清水エスパルス-ガンバ大阪-ヴィッセル神戸-ガンバ大阪-ベガルタ仙台-大分トリニータ,227,152,1,20070317,J1第3節,清水,柏,日本平,20110423,J2第8節,熊本,岐阜,熊本,1,27018,27018
249,Ｊ１百年構想,134,京都,1645967,マルコ　トゥーリオ,MARCO TULIO,FW,11,ブラジル,177,75,19980313,アトレチコＭＧ／ブラジル-スポルティングＣＰ　Ｂ／ポルトガル-ＫＳＶルーセラーレ／ベルギー-スポルティングＣＰ　Ｂ／ポルトガル-ＣＳＡ／ブラジル-スポルティングＣＰ　Ｂ／ポルトガル-セントラルコースト　マリナーズＦＣ／オーストラリア,47,0,0,20240225,明治安田J1第1節,京都,柏,三協Ｆ柏,20240807,明治安田J1第25節,京都,名古屋,サンガＳ,1,177434,177434
249,Ｊ１百年構想,134,京都,1647904,ラファエル　エリアス,RAFAEL ELIAS,FW,9,ブラジル,182,76,19990412,パルメイラスＵ－２０／ブラジル-アトレチコ　ミネイロ／ブラジル-パルメイラスＵ－２０／ブラジル-ゴイアスＥＣ／ブラジル-パルメイラス／ブラジル-クイアバＥＣ／ブラジル-パルメイラス／ブラジル-イトゥアーノＦＣ／ブラジル-パルメイラス／ブラジル-バニーヤースＳＣ／アラブ首長国連邦-クルゼイロ／ブラジル-京都サンガF.C.-クルゼイロ／ブラジル,42,0,0,20240714,明治安田J1第23節,京都,浦和,サンガＳ,20240720,明治安田J1第24節,京都,磐田,ヤマハ,1,31751,31751
249,Ｊ１百年構想,134,京都,1651136,酒井　滉生,SAKAI Kou,FW,29,京都府,171,67,20071007,園部ＦＣ-京都サンガF.C.Ｕ－１５-京都サンガF.C.Ｕ－１８,0,0,0,,,,,,,,,,,1,1048450,
249,Ｊ１百年構想,134,京都,1655795,アレックス　ソウザ,ALEX SOUZA,FW,17,ブラジル,180,73,20010324,ＦＣヘゲルマン／リトアニア-ボルスポル／トルコ-ＦＣヘゲルマン／リトアニア-トゥラン　トヴズＩＫ／アゼルバイジャン,0,0,0,,,,,,,,,,,1,511293,
249,Ｊ１百年構想,134,京都,1656652,デイビッジ　シルバ,DAVID SILVA,FW,19,ブラジル,186,86,20080226,カナンＥＣ　Ｕ－２０／ブラジル-ボタフォゴＵ２０／ブラジル-カナンＥＣ　Ｕ－２０／ブラジル,0,0,0,,,,,,,,,,,1,1066158,
249,Ｊ１百年構想,128,Ｇ大阪,800922,東口　順昭,HIGASHIGUCHI Masaaki,GK,1,大阪府,184,78,19860512,ＦＣＯＷＬＳＩＮＴＥＲ．ＨＩＲＯＮＯ-ガンバ大阪Ｊｒユース-洛南高-福井工大-新潟経営大-アルビレックス新潟,397,0,0,20100313,J1第2節,新潟,磐田,東北電ス,,,,,,1,11829,11829
249,Ｊ１百年構想,128,Ｇ大阪,1500558,一森　純,ICHIMORI Jun,GK,22,大阪府,182,77,19910702,ゼッセル熊取ＦＣ-セレッソ大阪Ｕ－１５-セレッソ大阪Ｕ－１８-関西学院大-レノファ山口ＦＣ-ファジアーノ岡山-ガンバ大阪-横浜Ｆ・マリノス,111,120,46,20150315,明治安田J3第1節,山口,鳥取,維新公園,,,,,,1,254460,254460
249,Ｊ１百年構想,128,Ｇ大阪,1641368,張　奥林,ZHANG Aolin,GK,31,大阪府,194,80,20050425,西九条ＦＣ-ガンバ大阪Ｊｒユース-ガンバ大阪ユース,0,0,0,,,,,,,,,,,1,812808,812808
249,Ｊ１百年構想,128,Ｇ大阪,1644201,荒木　琉偉,ARAKI Rui,GK,18,三重県,194,85,20071014,伊勢ＭＴＫ．ＦＣ-ガンバ大阪Ｊｒユース-ガンバ大阪ユース,0,0,0,,,,,,,,,,,1,989164,891789
249,Ｊ１百年構想,128,Ｇ大阪,1653364,野畑　優真,NOBATA Yuma,GK,43,大阪府,186,72,20080713,ガンバ大阪ジュニア-ガンバ大阪Ｊｒユース,0,0,0,,,,,,,,,,,1,,
249,Ｊ１百年構想,128,Ｇ大阪,1300069,三浦　弦太,MIURA Genta,DF,5,愛知県,183,77,19950301,ＦＣ豊橋デューミラン-大阪桐蔭高-清水エスパルス,236,29,12,20130525,J1第13節,清水,仙台,アイスタ,20140518,J3第12節,J-22,藤枝,藤枝サ,1,26866,26866
249,Ｊ１百年構想,128,Ｇ大阪,1300871,中谷　進之介,NAKATANI Shinnosuke,DF,4,千葉県,182,77,19960324,柏レイソルＵ－１２-柏レイソルＵ－１５-柏レイソルＵ－１８-柏レイソル-名古屋グランパス,337,0,13,20140330,J3第4節,J-22,秋田,秋田球,20160508,明治安田J1 1st第11節,柏,川崎Ｆ,柏,1,26913,26913
249,Ｊ１百年構想,128,Ｇ大阪,1400091,福岡　将太,FUKUOKA Shota,DF,2,東京都,180,73,19951024,ＪＡＣＰＡ東京ＦＣ-ＪＡＣＰＡ東京Ｊｒユース-実践学園高-湘南ベルマーレ-福島ユナイテッドＦＣ-湘南ベルマーレ-福島ユナイテッドＦＣ-湘南ベルマーレ-栃木ＳＣ-徳島ヴォルティス,135,61,48,20140323,J3第3節,J-22,盛岡,盛岡南,20161105,明治安田J3第28節,福島,盛岡,いわスタ,1,254461,254461
249,Ｊ１百年構想,128,Ｇ大阪,1500573,初瀬　亮,HATSUSE Ryo,DF,21,大阪府,180,70,19970710,岸和田ＪＳＣ-アンドリュースＦＣ-ガンバ大阪Ｊｒユース-ガンバ大阪ユース-ガンバ大阪-ヴィッセル神戸-アビスパ福岡-ヴィッセル神戸-シェフィールドウェンズデイＦＣ／イングランド,190,9,25,20160306,明治安田J1 1st第2節,Ｇ大阪,甲府,中銀スタ,20220402,明治安田J1第6節,神戸,京都,ノエスタ,1,26035,26035
249,Ｊ１百年構想,128,Ｇ大阪,1600171,岸本　武流,KISHIMOTO Takeru,DF,15,奈良県,174,66,19970716,桜ＦＣ-セレッソ大阪Ｕ－１８-セレッソ大阪-水戸ホーリーホック-セレッソ大阪-徳島ヴォルティス-セレッソ大阪-徳島ヴォルティス-清水エスパルス,96,145,44,20160501,明治安田J3第7節,Ｃ大23,YS横浜,金鳥スタ,20160515,明治安田J3第9節,Ｃ大23,鹿児島,鴨池,1,254507,254507
249,Ｊ１百年構想,128,Ｇ大阪,1613332,半田　陸,HANDA Riku,DF,3,山形県,176,70,20020101,上山カメレオンＦＣ-モンテディオ山形Ｊｒユース村山-モンテディオ山形ユース-モンテディオ山形,85,92,0,20190512,明治安田J2第13節,山形,千葉,ＮＤスタ,20210421,明治安田J2第9節,山形,長崎,ＮＤスタ,1,606600,606600
249,Ｊ１百年構想,128,Ｇ大阪,1622204,中野　伸哉,NAKANO Shinya,DF,47,佐賀県,173,64,20030817,サガン鳥栖Ｕ－１５-サガン鳥栖Ｕ－１８-サガン鳥栖-ガンバ大阪-サガン鳥栖-ガンバ大阪-湘南ベルマーレ,106,0,0,20200801,明治安田J1第8節,鳥栖,FC東京,味スタ,20220406,明治安田J1第7節,鳥栖,札幌,駅スタ,1,254485,254485
249,Ｊ１百年構想,128,Ｇ大阪,1622613,佐々木　翔悟,SASAKI Shogo,DF,67,茨城県,183,75,20000725,鹿島アントラーズつくばＪｒユース-鹿島アントラーズユース-鹿島アントラーズ-いわてグルージャ盛岡-鹿島アントラーズ-いわてグルージャ盛岡-鹿島アントラーズ-ジェフユナイテッド千葉,7,64,25,20200829,明治安田J3第12節,岩手,今治,いわスタ,20230923,明治安田J2第36節,千葉,仙台,フクアリ,1,727361,727361
249,Ｊ１百年構想,128,Ｇ大阪,1637147,池谷　銀姿郎,IKEGAYA Ginjiro,DF,19,東京都,180,79,20040619,バディＳＣ江東-横浜ＦＣＪｒユース-横浜ＦＣユース-筑波大,0,0,0,,,,,,,,,,,1,1060610,
249,Ｊ１百年構想,128,Ｇ大阪,1651491,横井　佑弥,YOKOI Yuya,DF,34,大阪府,186,79,20080415,アバンティ茨木ＦＣ-ガンバ大阪Ｊｒユース,0,0,0,,,,,,,,,,,1,,
249,Ｊ１百年構想,128,Ｇ大阪,1656043,丸岡　海太,MARUOKA Kaita,DF,45,大阪府,180,70,20081203,塚原サンクラブ-ガンバ大阪Ｊｒユース,0,0,0,,,,,,,,,,,1,,
249,Ｊ１百年構想,128,Ｇ大阪,1656186,フィリップ　マックス,PHILIPP MAX,DF,30,ドイツ,178,75,19930930,ＦＣシャルケ０４／ドイツ-カールスルーエＳＣ／ドイツ-ＦＣアウクスブルク／ドイツ-ＰＳＶアイントホーフェン／オランダ-アイントラハト　フランクフルト／ドイツ-ＰＳＶアイントホーフェン／オランダ-アイントラハト　フランクフルト／ドイツ-パナシナイコスＦＣ／ギリシャ,0,0,0,,,,,,,,,,,1,,
249,Ｊ１百年構想,128,Ｇ大阪,603210,倉田　秋,KURATA Shu,MF,10,大阪府,172,68,19881126,ＦＣファルコン-ガンバ大阪Ｊｒユース-ガンバ大阪ユース-ガンバ大阪-ジェフユナイテッド千葉-ガンバ大阪-セレッソ大阪,432,57,0,20070811,J1第19節,Ｇ大阪,新潟,万博,20100307,J2第1節,千葉,熊本,熊本,1,26874,26874
249,Ｊ１百年構想,128,Ｇ大阪,1611123,鈴木　徳真,SUZUKI Tokuma,MF,16,栃木県,168,64,19970312,大谷東ＦＣ-ＦＣ古河Ｊｒユース-前橋育英高-筑波大-徳島ヴォルティス-セレッソ大阪,146,53,0,20190224,明治安田J2第1節,徳島,鹿児島,白波スタ,20190721,明治安田J2第23節,徳島,町田,町田,1,254418,254418
249,Ｊ１百年構想,128,Ｇ大阪,1613553,奥抜　侃志,OKUNUKI Kanji,MF,44,栃木県,171,61,19990811,足利ＦＣ-ファナティコス-大宮アルディージャＪｒユース-大宮アルディージャユース-大宮アルディージャ-グールニク　サブジェ／ポーランド-大宮アルディージャ-１．ＦＣニュルンベルク／ドイツ,12,91,0,20180422,明治安田J2第10節,大宮,新潟,デンカＳ,20190608,明治安田J2第17節,大宮,京都,ＮＡＣＫ,1,226166,226166
249,Ｊ１百年構想,128,Ｇ大阪,1626372,安部　柊斗,ABE Shuto,MF,13,東京都,171,66,19971205,ＦＣ東京Ｕ－１５むさし-ＦＣ東京Ｕ－１８-明治大-ＦＣ東京-ＲＤＷモレンベーク／ベルギー,125,0,4,20190608,明治安田J3第11節,Ｆ東23,長野,味フィ西,20200819,明治安田J1第11節,FC東京,広島,Ｅスタ,1,26861,26861
249,Ｊ１百年構想,128,Ｇ大阪,1627456,中村　仁郎,NAKAMURA Jiro,MF,41,大阪府,165,59,20030822,ダックＳＣ-ガンバ大阪Ｊｒユース-ガンバ大阪ユース-ガンバ大阪-松本山雅ＦＣ-ガンバ大阪-ＦＣ岐阜,11,0,67,20190721,明治安田J3第17節,Ｇ大23,Ｃ大23,ヤンマー,20190901,明治安田J3第21節,Ｇ大23,福島,パナスタ,1,254542,254542
249,Ｊ１百年構想,128,Ｇ大阪,1636781,吉原　優輝,YOSHIHARA Yuki,MF,32,大阪府,178,67,20040719,ジョイナスＦＣ-ガンバ大阪Ｊｒユース-ガンバ大阪ユース-拓殖大,0,0,0,,,,,,,,,,,1,,
249,Ｊ１百年構想,128,Ｇ大阪,1641369,美藤　倫,MITO Rin,MF,27,京都府,180,67,20020212,ＦＣティアモ枚方-京都サンガF.C.Ｕ－１５-東海大仰星高-関西学院大,35,0,0,20240503,明治安田J1第11節,Ｇ大阪,福岡,ベススタ,20250831,明治安田J1第28節,Ｇ大阪,湘南,レモンＳ,1,818217,895915
249,Ｊ１百年構想,128,Ｇ大阪,1644969,名和田　我空,NAWATA Gaku,MF,38,宮崎県,169,63,20060729,バッサゾール都城ＳＣ-神村学園中-神村学園高,4,0,0,20250214,明治安田J1第1節,Ｇ大阪,Ｃ大阪,パナスタ,,,,,,1,799396,799396
249,Ｊ１百年構想,128,Ｇ大阪,1651449,山本　天翔,YAMAMOTO Takato,MF,36,大阪府,177,72,20070824,アイリスＦＣ住吉-ガンバ大阪Ｊｒユース-ガンバ大阪ユース,0,0,0,,,,,,,,,,,1,1031004,
249,Ｊ１百年構想,128,Ｇ大阪,1653070,當野　泰生,TONO Taiki,MF,35,大阪府,173,64,20070602,フォルテＦＣ-ガンバ大阪Ｊｒユース-ガンバ大阪ユース,0,0,0,,,,,,,,,,,1,,
249,Ｊ１百年構想,128,Ｇ大阪,1656142,村田　康輔,MURATA Kosuke,MF,46,大阪府,177,62,20080522,ＦＣドリーム-ガンバ大阪Ｊｒユース,0,0,0,,,,,,,,,,,1,,
249,Ｊ１百年構想,128,Ｇ大阪,1656143,藤本　祥輝,FUJIMOTO Yoshiki,MF,48,大阪府,169,59,20090402,岩田ＦＣ-ガンバ大阪Ｊｒユース,0,0,0,,,,,,,,,,,1,,
249,Ｊ１百年構想,128,Ｇ大阪,800763,宇佐美　貴史,USAMI Takashi,FW,7,京都府,178,69,19920506,ガンバ大阪Ｊｒユース-ガンバ大阪ユース-ガンバ大阪-ＦＣバイエルン　ミュンヘン／ドイツ-ホッフェンハイム／ドイツ-ガンバ大阪-ＦＣアウクスブルク／ドイツ-フォルトゥナデュッセルドルフ／ドイツ,302,18,0,20090524,J1第13節,Ｇ大阪,鹿島,万博,20100424,J1第8節,Ｇ大阪,Ｆ東京,万博,1,10201,10201
249,Ｊ１百年構想,128,Ｇ大阪,1601441,食野　亮太郎,MESHINO Ryotaro,FW,8,大阪府,171,68,19980618,ガンバ大阪Ｊｒユース-ガンバ大阪ユース-ガンバ大阪-マンチェスター　シティ／イングランド-ハート　オブ　ミドロシアンＦＣ／スコットランド-マンチェスター　シティ／イングランド-リオ　アヴェＦＣ／ポルトガル-マンチェスター　シティ／イングランド-エストリル／ポルトガル-マンチェスター　シティ／イングランド,83,0,56,20160313,明治安田J3第1節,Ｇ大23,YS横浜,吹田Ｓ,20160918,明治安田J3第22節,Ｇ大23,鹿児島,吹田Ｓ,1,25008,25008
249,Ｊ１百年構想,128,Ｇ大阪,1605463,満田　誠,MITSUTA Makoto,FW,6,,,,,,0,0,0,,,,,,,,,,,0,254469,254469
249,Ｊ１百年構想,128,Ｇ大阪,1622203,唐山　翔自,TOYAMA Shoji,FW,40,大阪府,180,72,20020921,ガンバ大阪ジュニア-ガンバ大阪Ｊｒユース-ガンバ大阪ユース-ガンバ大阪-愛媛ＦＣ-ガンバ大阪-水戸ホーリーホック-ガンバ大阪-水戸ホーリーホック-ガンバ大阪-ロアッソ熊本-ガンバ大阪-東京ヴェルディ,33,64,33,20190728,明治安田J3第18節,Ｇ大23,長野,パナスタ,20190728,明治安田J3第18節,Ｇ大23,長野,パナスタ,1,727172,727172
249,Ｊ１百年構想,128,Ｇ大阪,1627550,林　大地,HAYASHI Daichi,FW,9,大阪府,178,74,19970523,履正社高-大阪体育大-サガン鳥栖-シント　トロイデン／ベルギー-１．ＦＣニュルンベルク／ドイツ-シント　トロイデン／ベルギー,53,0,0,20190811,明治安田J1第22節,鳥栖,Ｃ大阪,ヤンマー,20190811,明治安田J1第22節,鳥栖,Ｃ大阪,ヤンマー,1,,
249,Ｊ１百年構想,128,Ｇ大阪,1629465,植中　朝日,UENAKA Asahi,FW,55,福岡県,179,75,20011101,小倉南ＦＣ-ＪＦＡアカデミー福島Ｕ－１５-ＪＦＡアカデミー福島Ｕ－１８-Ｖ・ファーレン長崎-横浜Ｆ・マリノス,76,49,0,20200902,明治安田J2第16節,長崎,新潟,デンカＳ,20210914,明治安田J2第25節,長崎,山形,トラスタ,1,690730,690730
249,Ｊ１百年構想,128,Ｇ大阪,1629925,山下　諒也,YAMASHITA Ryoya,FW,17,静岡県,164,54,19971019,ジュビロＳＳ磐田-ジュビロ磐田Ｕ－１８-日本体育大-東京ヴェルディ-横浜ＦＣ,92,120,0,20200223,明治安田J2第1節,東京Ｖ,徳島,鳴門大塚,20200816,明治安田J2第12節,東京Ｖ,水戸,Ｋｓスタ,1,606616,606616
249,Ｊ１百年構想,128,Ｇ大阪,1636782,南野　遥海,MINAMINO Harumi,FW,42,兵庫県,176,71,20040513,ウィングスＳＳ習志野-セレッソ大阪Ｕ－１２-ガンバ大阪ジュニア-ガンバ大阪Ｊｒユース-ガンバ大阪ユース-ガンバ大阪-テゲバジャーロ宮崎-ガンバ大阪-栃木ＳＣ,14,35,38,20220514,明治安田J1第13節,Ｇ大阪,柏,三協Ｆ柏,20230319,明治安田J3第3節,宮崎,福島,とうスタ,1,254553,254553
249,Ｊ１百年構想,128,Ｇ大阪,1638665,イッサム　ジェバリ,ISSAM JEBALI,FW,11,チュニジア,186,84,19911225,エトワール　サヘル／チュニジア-ＥＳザルジス／チュニジア-エトワール　サヘル／チュニジア-ＩＦＫヴェルナモ／スウェーデン-ＩＦエルフスボリ／スウェーデン-ローゼンボリＢＫ／ノルウェー-アル　ワフダＦＣ／サウジアラビア-オーデンセＢＫ／デンマーク,76,0,0,20230225,明治安田J1第2節,Ｇ大阪,鳥栖,パナスタ,20230401,明治安田J1第6節,Ｇ大阪,湘南,レモンＳ,1,13250,13250
249,Ｊ１百年構想,128,Ｇ大阪,1646184,ウェルトン,WELTON,FW,97,ブラジル,175,80,19970806,マリンガ／ブラジル-ＥＣキンゼ　ジ　ノヴェンブロ／ブラジル-マリンガ／ブラジル-ボタフォゴＰＢ／ブラジル-レフスキ　ソフィア／ブルガリア,46,0,0,20240302,明治安田J1第2節,Ｇ大阪,新潟,パナスタ,20240330,明治安田J1第5節,Ｇ大阪,広島,Ｅピース,1,175259,175259
249,Ｊ１百年構想,128,Ｇ大阪,1651448,デニス　ヒュメット,DENIZ HUMMET,FW,23,スウェーデン,189,82,19960913,マルメＦＦ　Ｕ１９／スウェーデン-トロワＡＣ／フランス-ゲフレ　ＩＦ／スウェーデン-トレッレボリＦＦ／スウェーデン-ＩＦエルフスボリ／スウェーデン-エーレブルーＳＫ／スウェーデン-ＩＦエルフスボリ／スウェーデン-チャイクル　リゼスポル／トルコ-カルマルＦＦ／スウェーデン-ユールゴーデンズ／スウェーデン,29,0,0,20250316,明治安田J1第6節,Ｇ大阪,横浜FM,日産ス,20250429,明治安田J1第13節,Ｇ大阪,京都,パナスタ,1,2629,2629
249,Ｊ１百年構想,128,Ｇ大阪,1651450,中積　爲,NAKATSUMI Naru,FW,37,大阪府,172,65,20071219,ガンバ大阪門真Ｊｒユース-ガンバ大阪ユース,0,0,0,,,,,,,,,,,1,,
249,Ｊ１百年構想,133,Ｃ大阪,900098,キム　ジンヒョン,KIM Jin Hyeon,GK,21,大韓民国,192,82,19870706,東国高／大韓民国-東国大／大韓民国,423,113,1,20090308,J2第1節,Ｃ大阪,鳥栖,長居,,,,,,1,11920,11920
249,Ｊ１百年構想,133,Ｃ大阪,1300080,中村　航輔,NAKAMURA Kosuke,GK,23,東京都,185,82,19950227,柏レイソルＵ－１２-柏レイソルＵ－１５-柏レイソルＵ－１８-柏レイソル-アビスパ福岡-柏レイソル-ポルティモネンセＳＣ／ポルトガル,89,61,3,20140511,J3第11節,J-22,金沢,石川西部,,,,,,1,11830,
249,Ｊ１百年構想,133,Ｃ大阪,1609243,福井　光輝,FUKUI Koki,GK,1,神奈川県,184,78,19951104,明治フリーバーズ-湘南ベルマーレＵ－１５平塚-湘南工科大付属高-日本体育大-ＦＣ町田ゼルビア,32,127,0,20180503,明治安田J2第12節,町田,東京Ｖ,味スタ,,,,,,1,798118,798118
249,Ｊ１百年構想,133,Ｃ大阪,1646291,イシボウ　拳,ISIBOR Ken,GK,46,大阪府,195,82,20070829,大阪ＦＣ-中泉尾ＪＳＣ-セレッソ大阪Ｕ－１５-セレッソ大阪Ｕ－１８,0,0,0,,,,,,,,,,,1,,
249,Ｊ１百年構想,133,Ｃ大阪,900097,登里　享平,NOBORIZATO Kyohei,DF,6,大阪府,168,68,19901113,ＥＸＥ’９０ＦＣ-香川西高-川崎フロンターレ,313,0,0,20090620,J1第14節,川崎Ｆ,大分,等々力,20091025,J1第30節,川崎Ｆ,広島,等々力,1,26893,26893
249,Ｊ１百年構想,133,Ｃ大阪,1200623,畠中　槙之輔,HATANAKA Shinnosuke,DF,44,神奈川県,185,83,19950825,横浜すみれＳＣ-東京ヴェルディジュニア-東京ヴェルディＪｒユース-東京ヴェルディユース-東京ヴェルディ-ＦＣ町田ゼルビア-東京ヴェルディ-横浜Ｆ・マリノス,178,90,4,20140330,J2第5節,東京Ｖ,長崎,味スタ,20170625,明治安田J2第20節,東京Ｖ,町田,町田,1,27042,27042
249,Ｊ１百年構想,133,Ｃ大阪,1500812,井上　黎生人,INOUE Rikito,DF,4,島根県,180,77,19970309,ＲＥＳＴＡ　ＦＣ-鹿児島実業高-ガイナーレ鳥取-ファジアーノ岡山-京都サンガF.C.-浦和レッズ,83,42,120,20150517,明治安田J3第12節,鳥取,YS横浜,とりスタ,20170826,明治安田J3第20節,鳥取,相模原,とりスタ,1,255005,255005
249,Ｊ１百年構想,133,Ｃ大阪,1624315,中村　拓海,NAKAMURA Takumi,DF,2,大分県,179,70,20010316,大分トリニータＵ－１２-大分トリニータＵ－１５-東福岡高-ＦＣ東京-横浜ＦＣ,48,58,21,20190316,明治安田J3第2節,Ｆ東23,岩手,味フィ西,,,,,,1,606612,606612
249,Ｊ１百年構想,133,Ｃ大阪,1626010,奥田　勇斗,OKUDA Hayato,DF,16,大阪府,174,71,20010421,長野ＦＣ-ガンバ大阪Ｊｒユース-ガンバ大阪ユース-桃山学院大,52,0,8,20190518,明治安田J3第9節,Ｇ大23,富山,富山,20190602,明治安田J3第10節,Ｇ大23,藤枝,パナスタ,1,811968,811968
249,Ｊ１百年構想,133,Ｃ大阪,1627553,大畑　歩夢,OHATA Ayumu,DF,66,福岡県,168,65,20010427,小倉南ＦＣ-サガン鳥栖Ｕ－１８-サガン鳥栖-浦和レッズ-ＯＨルーヴェン／ベルギー,118,0,0,20200808,明治安田J1第9節,鳥栖,鹿島,カシマ,,,,,,1,151025,151025
249,Ｊ１百年構想,133,Ｃ大阪,1631733,田中　隼人,TANAKA Hayato,DF,3,千葉県,188,82,20031101,ミナトＳＣ-柏レイソルＵ－１５-柏レイソルＵ－１８-柏レイソル-Ｖ・ファーレン長崎-柏レイソル,22,38,0,20220730,明治安田J1第23節,柏,神戸,ノエスタ,20240915,明治安田J2第31節,長崎,いわき,ハワスタ,1,254487,254487
249,Ｊ１百年構想,133,Ｃ大阪,1635375,鷹啄　トラビス,TAKAHASHI Travis,DF,97,茨城県,187,86,20010917,馴柴サッカースポーツ少年団-ヴェルディＳＳレスチ-市立船橋高-駒澤大-ＦＣティアモ枚方-水戸ホーリーホック,0,30,0,20250223,明治安田J2第2節,水戸,山形,Ｋｓスタ,20250511,明治安田J2第15節,水戸,秋田,Ｋｓスタ,1,999882,896189
249,Ｊ１百年構想,133,Ｃ大阪,1635585,ディオン　クールズ,DION COOLS,DF,27,マレーシア,185,77,19960604,ＯＨルーヴェン／ベルギー-クラブ　ブルージュＫＶ／ベルギー-ＦＣミッティラン／デンマーク-ズルテ　ワレヘム／ベルギー-ズルテ　ワレヘム／ベルギー-ＦＫヤブロネツ／チェコ-ブリーラム　ユナイテッドＦＣ／タイ,14,0,0,20250705,明治安田J1第23節,Ｃ大阪,Ｇ大阪,ヨドコウ,20250928,明治安田J1第32節,Ｃ大阪,京都,ヨドコウ,1,2775,2775
249,Ｊ１百年構想,133,Ｃ大阪,1651719,エゼモクェ　チメヅェ海,EZEMUOKWE Chimezie Kai,DF,43,兵庫県,183,82,20090402,西宮ＳＳ-セレッソ大阪西Ｕ－１５,0,0,0,,,,,,,,,,,1,1007732,
249,Ｊ１百年構想,133,Ｃ大阪,600064,香川　真司,KAGAWA Shinji,MF,8,兵庫県,175,68,19890317,ＦＣみやぎバルセロナＪｒユース-ＦＣみやぎバルセロナユース-セレッソ大阪-ボルシア　ドルトムント／ドイツ-マンチェスターユナイテッドＦＣ／イングランド-ボルシア　ドルトムント／ドイツ-ベシクタシュ／トルコ-ボルシア　ドルトムント／ドイツ-レアル　サラゴサ／スペイン-ＰＡＯＫテッサロニキ／ギリシャ-シント＝トロイデンＶＶ／ベルギー,88,114,0,20070407,J2第7節,Ｃ大阪,鳥栖,長居２,20070523,J2第17節,Ｃ大阪,水戸,笠松,1,9812,9812
249,Ｊ１百年構想,133,Ｃ大阪,1200170,吉野　恭平,YOSHINO Kyohei,MF,35,宮城県,182,75,19941108,ＦＣ．　ＡＳＫ-Ａ．Ｃ　Ａｚｚｕｒｒｉ-東京ヴェルディユース-東京ヴェルディ-サンフレッチェ広島-東京ヴェルディ-サンフレッチェ広島-京都サンガF.C.-サンフレッチェ広島-京都サンガF.C.-サンフレッチェ広島-ベガルタ仙台-横浜ＦＣ-大邱ＦＣ／大韓民国,116,93,5,20130324,J2第5節,東京Ｖ,熊本,味スタ,20140316,J2第3節,東京Ｖ,千葉,味スタ,1,606614,606614
249,Ｊ１百年構想,133,Ｃ大阪,1600232,上門　知樹,UEJO Satoki,MF,7,沖縄県,166,61,19970427,与勝中-与勝高-ＦＣ琉球-ファジアーノ岡山,84,121,35,20160313,明治安田J3第1節,琉球,藤枝,沖縄県陸,20180311,明治安田J3第1節,琉球,富山,沖縄県陸,1,254495,254495
249,Ｊ１百年構想,133,Ｃ大阪,1601788,喜田　陽,KIDA Hinata,MF,5,大阪府,171,59,20000704,セレッソ大阪Ｕ－１２-セレッソ大阪Ｕ－１５-セレッソ大阪Ｕ－１８-セレッソ大阪-アビスパ福岡,63,10,69,20170312,明治安田J3第1節,Ｃ大23,盛岡,金鳥スタ,20230624,明治安田J1第18節,Ｃ大阪,札幌,札幌ド,1,74123,74123
249,Ｊ１百年構想,133,Ｃ大阪,1610939,本間　至恩,HOMMA Shion,MF,19,新潟県,164,60,20000809,朝日サッカー少年団-アルビレックス新潟Ｕ－１５-アルビレックス新潟Ｕ－１８-アルビレックス新潟-クラブ　ブルージュ／ベルギー-浦和レッズ-セレッソ大阪-浦和レッズ,21,123,0,20180915,明治安田J2第33節,新潟,金沢,デンカＳ,20180915,明治安田J2第33節,新潟,金沢,デンカＳ,1,564793,564793
249,Ｊ１百年構想,133,Ｃ大阪,1624314,ルーカス　フェルナンデス,LUCAS FERNANDES,MF,77,ブラジル,174,66,19940424,ＣＲＢ／ブラジル-フルミネンセＦＣ／ブラジル-ボンスセッソ／ブラジル-ルヴェルデンセＥＣ／ブラジル-アヴァイＦＣ／ブラジル-アトレチコ　パラナエンセ／ブラジル-フルミネンセＦＣ／ブラジル-アトレチコ　パラナエンセ／ブラジル-パラナ／ブラジル-ヴィトーリア／ブラジル-北海道コンサドーレ札幌-ヴィトーリア／ブラジル-北海道コンサドーレ札幌,206,0,0,20190223,明治安田J1第1節,札幌,湘南,ＢＭＷス,20191102,明治安田J1第30節,札幌,名古屋,札幌ド,1,26832,26832
249,Ｊ１百年構想,133,Ｃ大阪,1626013,田中　駿汰,TANAKA Shunta,MF,10,大阪府,183,73,19970526,ＮＳＣ北斗ＳＣ-ガンバ大阪Ｊｒユース-履正社高-大阪体育大-北海道コンサドーレ札幌,200,0,0,20200704,明治安田J1第2節,札幌,横浜FC,ニッパツ,20200718,明治安田J1第5節,札幌,仙台,ユアスタ,1,254434,254434
249,Ｊ１百年構想,133,Ｃ大阪,1631738,柴山　昌也,SHIBAYAMA Masaya,MF,48,群馬県,161,59,20020702,高崎ＦＣ中川-大宮アルディージャＪｒユース-大宮アルディージャＵ１８-大宮アルディージャ,67,94,0,20201202,明治安田J2第38節,大宮,愛媛,ＮＡＣＫ,20210228,明治安田J2第1節,大宮,水戸,Ｋｓスタ,1,726787,726787
249,Ｊ１百年構想,133,Ｃ大阪,1636521,石渡　ネルソン,ISHIWATARI Nelson,MF,18,京都府,185,71,20050510,西京極ＪＳＣ-セレッソ大阪西Ｕ－１５-セレッソ大阪Ｕ－１８-セレッソ大阪-愛媛ＦＣ-セレッソ大阪-いわきＦＣ,1,41,0,20221012,明治安田J1第25節,Ｃ大阪,FC東京,味スタ,20241006,明治安田J2第34節,愛媛,栃木,栃木グ,1,254554,254554
249,Ｊ１百年構想,133,Ｃ大阪,1640497,阪田　澪哉,SAKATA Reiya,MF,17,京都府,170,64,20040511,桂坂サッカークラブＪｒ．-宇治ＦＣＪｒユース-東山高,34,0,0,20230409,明治安田J1第7節,Ｃ大阪,札幌,ヨドコウ,,,,,,1,624837,624837
249,Ｊ１百年構想,133,Ｃ大阪,1640498,大迫　塁,OSAKO Rui,MF,34,鹿児島県,177,69,20041013,谷山サッカースポーツ少年団-ＦＣサウサーレ-神村学園中-神村学園高-セレッソ大阪-いわきＦＣ-セレッソ大阪-ＳＣ相模原,0,14,15,20240330,明治安田J2第7節,いわき,秋田,ソユスタ,20240407,明治安田J2第9節,いわき,横浜FC,ニッパツ,1,813850,815350
249,Ｊ１百年構想,133,Ｃ大阪,1642028,横山　夢樹,YOKOYAMA Yumeki,MF,14,東京都,172,67,20050923,ＦＣトッカーノＵ－１２-ＦＣトッカーノＵ－１５-帝京高-ＦＣ今治,0,25,29,20240303,明治安田J3第2節,今治,金沢,ゴースタ,20240316,明治安田J3第4節,今治,YS横浜,ニッパツ,1,929119,815553
249,Ｊ１百年構想,133,Ｃ大阪,1653084,久保　瑛史,KUBO Eiji,MF,26,神奈川県,180,73,20070902,横浜Ｆ・マリノスプライマリー-横浜Ｆ・マリノスＪｒユース-レアル　ソシエダユース／スペイン-レアル　ソシエダ　フベニールＢ／スペイン,0,0,0,,,,,,,,,,,1,,
249,Ｊ１百年構想,133,Ｃ大阪,1656065,塩尻　哲平,SHIOJIRI Teppei,MF,42,滋賀県,172,67,20080414,セレッソ大阪Ｕ－１２-セレッソ大阪西Ｕ－１５,0,0,0,,,,,,,,,,,1,,
249,Ｊ１百年構想,133,Ｃ大阪,1602938,中島　元彦,NAKAJIMA Motohiko,FW,13,大阪府,171,71,19990418,セレッソ大阪Ｕ－１２-セレッソ大阪西Ｕ－１５-セレッソ大阪Ｕ－１８-セレッソ大阪-アルビレックス新潟-セレッソ大阪-ベガルタ仙台-セレッソ大阪-ベガルタ仙台-セレッソ大阪-ベガルタ仙台,48,138,78,20160515,明治安田J3第9節,Ｃ大23,鹿児島,鴨池,20170723,明治安田J3第18節,Ｃ大23,鹿児島,ヤンマー,1,74129,74129
249,Ｊ１百年構想,133,Ｃ大阪,1629394,櫻川　ソロモン,SAKURAGAWA Solomon,FW,9,千葉県,191,94,20010804,ＪＳＣ　ＣＨＩＢＡ-ジェフユナイテッド千葉Ｕ－１５-ジェフユナイテッド千葉Ｕ－１８-ジェフユナイテッド千葉-ファジアーノ岡山-ジェフユナイテッド千葉-横浜ＦＣ,35,145,0,20200715,明治安田J2第5節,千葉,金沢,石川西部,20200715,明治安田J2第5節,千葉,金沢,石川西部,1,727120,727120
249,Ｊ１百年構想,133,Ｃ大阪,1638769,イェンギ　クシニ,YENGI KUSINI,FW,99,オーストラリア,190,93,19990115,アデレードコメッツＦＣ／オーストラリア-アデレードＵＦＣ／オーストラリア-ウェスタン　シドニー　ワンダラーズＦＣ／オーストラリア-ポーツマスＦＣ／イングランド-アバディーンＦＣ／スコットランド,0,0,0,,,,,,,,,,,1,50970,
249,Ｊ１百年構想,133,Ｃ大阪,1645939,ヴィトール　ブエノ,VITOR BUENO,FW,55,,,,,,0,0,0,,,,,,,,,,,0,12405,12405
249,Ｊ１百年構想,133,Ｃ大阪,1650806,チアゴ　アンドラーデ,THIAGO ANDRADE,FW,11,ブラジル,180,68,20001031,ＥＣバイーア／ブラジル-ニューヨーク　シティＦＣ／アメリカ合衆国-アトレチコ　パラナエンセ／ブラジル-ニューヨーク　シティＦＣ／アメリカ合衆国-シンセンシンホウジョウ足球倶楽部／中国-ニューヨーク　シティＦＣ／アメリカ合衆国-サンディエゴＦＣ／アメリカ合衆国-トロントＦＣ／アメリカ合衆国,34,0,0,20250214,明治安田J1第1節,Ｃ大阪,Ｇ大阪,パナスタ,20250402,明治安田J1第8節,Ｃ大阪,岡山,ヨドコウ,1,35614,35614
249,Ｊ１百年構想,133,Ｃ大阪,1651765,金本　毅騎,KANEMOTO Wigi,FW,39,兵庫県,184,78,20040730,江井ヶ島イレブン-センアーノ神戸-Ｓ．Ｃ．インテルナシオナル-セレッソ大阪Ｕ－１８-阪南大,0,0,0,,,,,,,,,,,1,1045804,
249,Ｊ１百年構想,133,Ｃ大阪,1656841,永添　功樹,NAGASOE Koki,FW,45,奈良県,171,69,20090402,ディアブロッサ高田ＦＣ　Ｕ－１２-セレッソ大阪Ｕ－１５,0,0,0,,,,,,,,,,,1,,
249,Ｊ１百年構想,136,神戸,500796,権田　修一,GONDA Shuichi,GK,71,東京都,187,84,19890303,さぎぬまＳＣ-ＦＣ東京Ｕ－１５-ＦＣ東京Ｕ－１８-ＦＣ東京-ＳＶホルン／オーストリア-サガン鳥栖-ポルティモネンセＳＣ／ポルトガル-清水エスパルス-ポルティモネンセＳＣ／ポルトガル-清水エスパルス-デブレツェニＶＳＣ／ハンガリー,321,97,0,20090307,J1第1節,Ｆ東京,新潟,味スタ,,,,,,1,29184,
249,Ｊ１百年構想,136,神戸,1100216,新井　章太,ARAI Shota,GK,21,埼玉県,185,85,19881101,吉田ＦＣ-上里ＦＣ-正智深谷高-国士舘大-東京ヴェルディ-川崎フロンターレ-ジェフユナイテッド千葉,43,143,0,20150506,明治安田J1 1st第10節,川崎Ｆ,広島,等々力,,,,,,1,727355,727355
249,Ｊ１百年構想,136,神戸,1503034,前川　黛也,MAEKAWA Daiya,GK,1,広島県,191,86,19940908,大分トリニータＵ－１２-サンフレッチェ広島ジュニア-サンフレッチェ広島Ｊｒユース-広島皆実高-関西大,173,0,0,20181103,明治安田J1第31節,神戸,名古屋,豊田ス,,,,,,1,26031,26031
249,Ｊ１百年構想,136,神戸,1632761,髙山　汐生,TAKAYAMA Shioki,GK,39,神奈川県,190,83,20010613,湘南レオーネ-湘南ベルマーレＵ－１５平塚-湘南ベルマーレＵ－１８-筑波大-ヴィッセル神戸-ＦＣ琉球,0,0,0,,,,,,,,,,,1,827006,896061
249,Ｊ１百年構想,136,神戸,1650731,ウボングリチャードマンデー,RICHARD MONDAY UBONG,GK,32,ナイジェリア,194,84,20051001,イガンムタイガーＦＣ／ナイジェリア-福知山成美高,0,0,0,,,,,,,,,,,1,,
249,Ｊ１百年構想,136,神戸,800567,酒井　高徳,SAKAI Gotoku,DF,24,新潟県,176,74,19910314,三条サッカースポーツ少年団-レザーＦＣＪｒユース-アルビレックス新潟ユース-アルビレックス新潟-ＶｆＢシュトゥットガルト／ドイツ-アルビレックス新潟-ＶｆＢシュトゥットガルト／ドイツ-ハンブルガーＳＶ／ドイツ,278,0,0,20090307,J1第1節,新潟,Ｆ東京,味スタ,20111001,J1第28節,新潟,横浜FM,東北電ス,1,4031,4031
249,Ｊ１百年構想,136,神戸,1101309,岩波　拓也,IWANAMI Takuya,DF,31,兵庫県,186,72,19940618,須磨ナイスＳＣ-神戸ＦＣ-ヴィッセル神戸Ｊｒユース-ヴィッセル神戸Ｕ－１８-ヴィッセル神戸-浦和レッズ,261,37,1,20121020,J1第29節,神戸,清水,アウスタ,20130519,J2第15節,神戸,愛媛,ニンスタ,1,27004,27004
249,Ｊ１百年構想,136,神戸,1400080,広瀬　陸斗,HIROSE Rikuto,DF,23,埼玉県,176,68,19950923,土合サッカースポーツ少年団-浦和レッズＪｒユース-浦和レッズユース-水戸ホーリーホック-徳島ヴォルティス-横浜Ｆ・マリノス-鹿島アントラーズ,146,128,0,20140302,J2第1節,水戸,大分,Ｋｓスタ,20150614,明治安田J2第18節,徳島,讃岐,鳴門大塚,1,254410,254410
249,Ｊ１百年構想,136,神戸,1501592,山川　哲史,YAMAKAWA Tetsushi,DF,4,兵庫県,186,79,19971001,笹原ＳＣ-ヴィッセル神戸Ｕ－１５-ヴィッセル神戸Ｕ－１８-筑波大,163,0,0,20201014,明治安田J1第22節,神戸,大分,ノエスタ,20220529,明治安田J1第16節,神戸,札幌,ノエスタ,1,130338,130338
249,Ｊ１百年構想,136,神戸,1607075,永戸　勝也,NAGATO Katsuya,DF,41,千葉県,173,72,19950115,中志津ＳＣ-Ｐ．Ｂ．Ｊ千葉Ｊｒユース-八千代高-法政大-ベガルタ仙台-鹿島アントラーズ-横浜Ｆ・マリノス,235,0,0,20170225,明治安田J1第1節,仙台,札幌,ユアスタ,20190428,明治安田J1第9節,仙台,Ｇ大阪,ユアスタ,1,152948,152948
249,Ｊ１百年構想,136,神戸,1607193,ジエゴ,DIEGO,DF,15,ブラジル,183,78,19950921,メトロポリターノＳＰ／ブラジル-ジョインビレＥＣ／ブラジル-松本山雅ＦＣ-ジョインビレＥＣ／ブラジル-水戸ホーリーホック-徳島ヴォルティス-サガン鳥栖-柏レイソル,148,53,0,20170507,明治安田J2第12節,松本,福岡,松本,20180929,明治安田J2第35節,水戸,大分,Ｋｓスタ,1,254397,254397
249,Ｊ１百年構想,136,神戸,1618151,ンドカ　ボニフェイス,NDUKA Boniface,DF,80,埼玉県,183,89,19960215,越谷サンシンサッカースポーツ少年団-大宮アルディージャＪｒユース-浦和東高-日本体育大-水戸ホーリーホック-東京ヴェルディ-横浜ＦＣ,63,162,0,20180311,明治安田J2第3節,水戸,讃岐,ピカスタ,20190908,明治安田J2第31節,水戸,金沢,Ｋｓスタ,1,606610,606610
249,Ｊ１百年構想,136,神戸,1639102,マテウス　トゥーレル,MATHEUS THULER,DF,3,ブラジル,186,86,19990310,ＣＲフラメンゴ／ブラジル-モンペリエＨＳＣ／フランス-ＣＲフラメンゴ／ブラジル,102,0,0,20220806,明治安田J1第24節,神戸,Ｃ大阪,ヨドコウ,20230701,明治安田J1第19節,神戸,札幌,ノエスタ,1,28263,28263
249,Ｊ１百年構想,136,神戸,1643180,本間　ジャスティン,HOMMA Justin,DF,42,大阪府,181,79,20050826,門真北風ＳＣ-ガンバ大阪門真Ｊｒユース-ヴィッセル神戸Ｕ－１８-ヴィッセル神戸-横浜Ｆ・マリノス-ヴィッセル神戸-松本山雅ＦＣ,0,0,3,20250405,明治安田J3第8節,松本,高知,サンアル,,,,,,1,959524,891790
249,Ｊ１百年構想,136,神戸,1643193,山田　海斗,YAMADA Kaito,DF,43,兵庫県,192,70,20060831,笹原ＳＣ-ヴィッセル神戸Ｕ－１５-ヴィッセル神戸Ｕ－１８-ヴィッセル神戸-シアトルサウンダーズ／アメリカ合衆国,0,0,0,,,,,,,,,,,1,1002302,
249,Ｊ１百年構想,136,神戸,1650732,カエターノ,CAETANO,DF,16,ブラジル,182,80,19990624,ＳＣコリンチャンス　パウリスタ／ブラジル-オエステＦＣ／ブラジル-コリチーバＦＣ／ブラジル-オエステＦＣ／ブラジル-ＡＤサンカエターノ／ブラジル-ＣＲＢ／ブラジル-ゴイアスＥＣ／ブラジル-ＳＣコリンチャンス　パウリスタ／ブラジル,3,0,0,20250329,明治安田J1第7節,神戸,鹿島,カシマ,,,,,,1,25304,25304
249,Ｊ１百年構想,136,神戸,1651943,入江　羚介,IRIE Ryosuke,DF,57,東京都,183,76,20041105,ＦＣ東京Ｕ－１５むさし-帝京高-順天堂大在学中,0,0,0,,,,,,,,,,,1,1025076,897155
249,Ｊ１百年構想,136,神戸,700799,乾　貴士,INUI Takashi,MF,14,滋賀県,169,63,19880602,セゾンＦＣＪｒユース-野洲高-横浜Ｆ・マリノス-セレッソ大阪-横浜Ｆ・マリノス-セレッソ大阪-ＶｆＬボーフム／ドイツ-アイントラハト　フランクフルト／ドイツ-ＳＤエイバル／スペイン-レアル　ベティス／スペイン-デポルティーボ　アラベス／スペイン-レアル　ベティス／スペイン-ＳＤエイバル／スペイン-セレッソ大阪-清水エスパルス,115,129,0,20070310,J1第2節,横浜FM,横浜FC,三ツ沢,20080709,J2第25節,Ｃ大阪,山形,ＮＤスタ,1,10200,10200
249,Ｊ１百年構想,136,神戸,1000053,扇原　貴宏,OHGIHARA Takahiro,MF,6,大阪府,185,74,19911005,堺北ＦＣ-セレッソ大阪Ｕ－１５-セレッソ大阪Ｕ－１８-セレッソ大阪-名古屋グランパス-横浜Ｆ・マリノス,342,37,0,20110817,J1第9節,Ｃ大阪,鹿島,カシマ,20110828,J1第24節,Ｃ大阪,浦和,長居,1,27031,27031
249,Ｊ１百年構想,136,神戸,1100860,井出　遥也,IDE Haruya,MF,18,千葉県,171,66,19940325,クリアージュＦＣ-ジェフユナイテッド千葉Ｕ－１５習志野-ジェフユナイテッド千葉Ｕ－１８-ジェフユナイテッド千葉-ガンバ大阪-モンテディオ山形-東京ヴェルディ,66,186,17,20111203,J2第38節,千葉,水戸,フクアリ,20140518,J2第14節,千葉,札幌,フクアリ,1,606598,606598
249,Ｊ１百年構想,136,神戸,1300486,井手口　陽介,IDEGUCHI Yosuke,MF,7,福岡県,171,71,19960823,中央ＦＣ-ストリートＳＣ-油山カメリアＦＣ-ガンバ大阪Ｊｒユース-ガンバ大阪ユース-ガンバ大阪-リーズ　ユナイテッド／イングランド-クルトゥラル　レオネサ／スペイン-グロイター　フュルト／ドイツ-リーズ　ユナイテッド／イングランド-ガンバ大阪-セルティックＦＣ／スコットランド-アビスパ福岡-セルティックＦＣ／スコットランド,206,0,11,20140810,J3第21節,J-22,福島,とうスタ,20150712,明治安田J3第20節,J-22,相模原,ギオンス,1,19252,19252
249,Ｊ１百年構想,136,神戸,1504456,郷家　友太,GOKE Yuta,MF,5,宮城県,183,74,19990610,鶴ヶ谷ＳＳＳ-ベガルタ仙台Ｊｒユース-青森山田中-青森山田高-ヴィッセル神戸-ベガルタ仙台,108,114,0,20180318,明治安田J1第4節,神戸,Ｃ大阪,ノエスタ,20180819,明治安田J1第23節,神戸,湘南,ＢＭＷス,1,26025,26025
249,Ｊ１百年構想,136,神戸,1611254,飯野　七聖,IINO Nanasei,MF,2,新潟県,173,65,19961002,上越ＦＣ-アルビレックス新潟Ｕ－１５-アルビレックス新潟Ｕ－１８-国士舘大-ザスパクサツ群馬-サガン鳥栖,115,28,20,20190310,明治安田J3第1節,群馬,秋田,正田スタ,20191124,明治安田J3第32節,群馬,Ｇ大23,パナスタ,1,254424,254424
249,Ｊ１百年構想,136,神戸,1617442,山内　翔,YAMAUCHI Kakeru,MF,30,京都府,177,74,20020106,ヴィッセル神戸伊丹Ｕ－１５-ヴィッセル神戸Ｕ－１８-筑波大,18,0,0,20240330,明治安田J1第5節,神戸,札幌,ノエスタ,20240413,明治安田J1第8節,神戸,町田,国立,1,816676,895883
249,Ｊ１百年構想,136,神戸,1632201,鍬先　祐弥,KUWASAKI Yuya,MF,25,長崎県,175,72,19980515,山里小-長崎南山中-東福岡高-早稲田大-Ｖ・ファーレン長崎,42,104,0,20210320,明治安田J2第4節,長崎,琉球,タピスタ,20210925,明治安田J2第31節,長崎,山口,みらスタ,1,727056,727056
249,Ｊ１百年構想,136,神戸,1632421,橋本　陸斗,HASHIMOTO Rikuto,MF,33,東京都,170,69,20050402,ＦＣ．Ｗａｒａｇｏｍａ-東京ヴェルディジュニア-東京ヴェルディＪｒユース-東京ヴェルディユース-東京ヴェルディ-Ｙ．Ｓ．Ｃ．Ｃ．横浜-東京ヴェルディ-ヴィッセル神戸-ロアッソ熊本,1,6,34,20210228,明治安田J2第1節,東京Ｖ,愛媛,味スタ,20241124,明治安田J3第38節,YS横浜,北九州,ニッパツ,1,929170,815606
249,Ｊ１百年構想,136,神戸,1636947,日髙　光揮,HIDAKA Mitsuki,MF,44,大阪府,177,72,20030511,ガンバ大阪堺ジュニア-相生学院高-ヴィッセル神戸-ＣＤアトレチコ　パソ／スペイン,4,0,0,20230903,明治安田J1第26節,神戸,京都,ノエスタ,,,,,,1,152120,152120
249,Ｊ１百年構想,136,神戸,1640481,浦　十藏,URA Juzo,MF,38,福岡県,169,62,20040521,住吉ＪＦＣ-レアッシＦＣ-ＦＣ　ＪーＷＩＮ-サガン鳥栖Ｕ－１５-サガン鳥栖Ｕ－１８-東福岡高-ヴィッセル神戸-愛媛ＦＣ-ヴィッセル神戸-カターレ富山,0,20,0,20240707,明治安田J2第23節,愛媛,群馬,ニンスタ,,,,,,1,834304,895685
249,Ｊ１百年構想,136,神戸,1646560,濱﨑　健斗,HAMASAKI Kento,MF,28,大阪府,165,60,20070616,ＦＣ．ＡＬＢＡ-ヴィッセル神戸Ｕ－１５-ヴィッセル神戸Ｕ－１８,3,0,0,20250226,明治安田J1第3節,神戸,京都,ノエスタ,,,,,,1,851225,896062
249,Ｊ１百年構想,136,神戸,1648381,里見　汰福,SATOMI Tafuku,MF,,兵庫県,171,73,20090420,ジンガ三木ＳＣ-ヴィッセル神戸Ｕ－１５,0,0,0,,,,,,,,,,,1,,
249,Ｊ１百年構想,136,神戸,1651140,瀬口　大翔,SEGUCHI Taiga,MF,51,兵庫県,176,71,20080110,甲子園浜ＳＣ-西宮サッカースクール-ヴィッセル神戸Ｕ－１５-ヴィッセル神戸Ｕ－１８,0,0,0,,,,,,,,,,,1,,
249,Ｊ１百年構想,136,神戸,1653834,大西　湊太,ONISHI Sota,MF,58,兵庫県,172,63,20070412,夢前蹴球団-ジンガ三木ＳＣ-ヴィッセル神戸Ｕ－１５-ヴィッセル神戸Ｕ－１８,0,0,0,,,,,,,,,,,1,,
249,Ｊ１百年構想,136,神戸,1656854,浅田　連,ASADA Ren,MF,,京都府,171,63,20100610,ヴィッセル神戸Ｕ－１２-ヴィッセル神戸Ｕ－１５,0,0,0,,,,,,,,,,,1,,
249,Ｊ１百年構想,136,神戸,1656855,花元　誉絆,HANAMOTO Yohan,MF,,兵庫県,166,61,20101101,ヴィッセル神戸Ｕ－１２-ヴィッセル神戸Ｕ－１５,0,0,0,,,,,,,,,,,1,,
249,Ｊ１百年構想,136,神戸,900142,大迫　勇也,OSAKO Yuya,FW,10,鹿児島県,184,75,19900518,万世ＳＳＳ-鹿児島育英館中-鹿児島城西高-鹿島アントラーズ-ＴＳＶ１８６０ミュンヘン／ドイツ-１．ＦＣケルン／ドイツ-ヴェルダーブレーメン／ドイツ,277,0,0,20090315,J1第2節,鹿島,新潟,東北電ス,20090412,J1第5節,鹿島,Ｆ東京,味スタ,1,11064,11064
249,Ｊ１百年構想,136,神戸,1000640,武藤　嘉紀,MUTO Yoshinori,FW,11,東京都,179,72,19920715,バディＳＣ-ＦＣ東京Ｕ－１５深川-ＦＣ東京Ｕ－１８-慶応大-ＦＣ東京-１．ＦＳＶマインツ０５／ドイツ-ニューカッスルユナイテッドＦＣ／イングランド-ＳＤエイバル／スペイン-ニューカッスルユナイテッドＦＣ／イングランド,181,0,0,20130706,J1第14節,Ｆ東京,広島,味スタ,20140419,J1第8節,Ｆ東京,Ｃ大阪,味スタ,1,11029,11029
249,Ｊ１百年構想,136,神戸,1601839,小松　蓮,KOMATSU Ren,FW,29,東京都,183,77,19980910,諏訪ＦＣ-松本山雅ＦＣ　Ｕ－１５-松本山雅ＦＣ　Ｕ－１８-産業能率大-松本山雅ＦＣ-ツエーゲン金沢-松本山雅ＦＣ-レノファ山口ＦＣ-松本山雅ＦＣ-レノファ山口ＦＣ-松本山雅ＦＣ-ブラウブリッツ秋田,4,139,64,20190224,明治安田J2第1節,金沢,栃木,栃木グ,20190309,明治安田J2第3節,金沢,東京Ｖ,味スタ,1,813874,815362
249,Ｊ１百年構想,136,神戸,1605463,満田　誠,MITSUTA Makoto,FW,19,熊本県,170,63,19990720,ソレッソ熊本-サンフレッチェ広島ユース-流通経済大-サンフレッチェ広島-ガンバ大阪-サンフレッチェ広島-ガンバ大阪,122,0,0,20220306,明治安田J1第3節,広島,神戸,Ｅスタ,20220402,明治安田J1第6節,広島,湘南,レモンＳ,1,254469,254469
249,Ｊ１百年構想,136,神戸,1612696,佐々木　大樹,SASAKI Daiju,FW,13,島根県,180,77,19990917,レスポール浜田Ｊｒユース-ヴィッセル神戸Ｕ－１８-ヴィッセル神戸-ＳＥパルメイラス／ブラジル,166,0,0,20180411,明治安田J1第7節,神戸,浦和,ノエスタ,20180411,明治安田J1第7節,神戸,浦和,ノエスタ,1,254423,254423
249,Ｊ１百年構想,136,神戸,1631766,冨永　虹七,TOMINAGA Niina,FW,35,兵庫県,176,73,20040718,やまてＳＣ-センアーノ神戸ジュニア-ヴィッセル神戸Ｕ－１５-ヴィッセル神戸Ｕ－１８-ヴィッセル神戸-カマタマーレ讃岐-ヴィッセル神戸-カマタマーレ讃岐,1,0,24,20230916,明治安田J3第27節,讃岐,鹿児島,白波スタ,20231029,明治安田J3第33節,讃岐,八戸,プラスタ,1,837818,815903
249,Ｊ１百年構想,136,神戸,1636320,ジェアン　パトリッキ,JEAN PATRIC,FW,26,ブラジル,175,70,19970514,サンパウロＦＣ／ブラジル-アメリカＲＮ／ブラジル-サンパウロＦＣ／ブラジル-ボルタレドンダＦＣ／ブラジル-サンパウロＦＣ／ブラジル-ＰＦＫセプテムヴリ　ソフィア／ブルガリア-グレミオ　エスポルチーヴォ　アナポリス／ブラジル-ＦＣザリア　バルツィ／モルドバ-アメリカＲＮ／ブラジル-アカデミコ　ヴィセウ　ＦＣ／ポルトガル-ＣＤサンタクララ／ポルトガル-セレッソ大阪,103,0,0,20220402,明治安田J1第6節,Ｃ大阪,川崎Ｆ,等々力,20220702,明治安田J1第19節,Ｃ大阪,川崎Ｆ,ヨドコウ,1,33653,33653
249,Ｊ１百年構想,136,神戸,1637306,相澤　デイビッド,AIZAWA David,FW,45,東京都,195,94,20030802,７ＦＣ福生-ＦＣ福生Ｕ－１２-ＦＣ福生Ｕ－１５-日本文理高-法政大,0,0,0,,,,,,,,,,,1,,
249,Ｊ１百年構想,136,神戸,1639096,内野　航太郎,UCHINO Kotaro,FW,40,神奈川県,186,78,20040619,ＳＣＨ．ＦＣ-横浜Ｆ・マリノスＪｒユース-横浜Ｆ・マリノスユース-筑波大-ブレンビーＩＦ／デンマーク,0,0,0,,,,,,,,,,,1,1018406,
249,Ｊ１百年構想,136,神戸,1648380,渡辺　隼斗,WATANABE Hayato,FW,53,大阪府,179,78,20070406,フォスター箕面　彩都　ＦＣ-ＤＲＥＡＭ　ＦＣ-ヴィッセル神戸Ｕ－１５-ヴィッセル神戸Ｕ－１８,0,0,0,,,,,,,,,,,1,,
249,Ｊ１百年構想,136,神戸,1653087,宮原　勇太,MIYAHARA Yuta,FW,55,大阪府,174,71,20050407,アーバンペガサスＦＣ-ＲＩＰ　ＡＣＥ　ＳＣ　ジュニア-ＲＩＰ　ＡＣＥ　ＳＣ-興國高-グールニク　サブジェ／ポーランド,0,0,0,,,,,,,,,,,1,,
249,Ｊ１百年構想,136,神戸,1654743,伊藤　湊太,ITO Sota,FW,46,京都府,186,75,20070924,醍醐ＳＳＳ-ガンバ大阪門真Ｊｒユース-京都橘高,0,0,0,,,,,,,,,,,1,,
249,Ｊ１百年構想,136,神戸,1655772,川端　彪英,KAWABATA Hyoei,FW,,滋賀県,178,73,20080404,アミティエＳＣ-京都サンガF.C.Ｕ－１５,0,0,0,,,,,,,,,,,1,,
249,Ｊ１百年構想,30314,岡山,1000054,川浪　吾郎,KAWANAMI Goro,GK,77,茨城県,192,85,19910430,手代木ＳＣ-柏レイソルＵ－１５-柏レイソルＵ－１８-柏レイソル-ＦＣ岐阜-柏レイソル-徳島ヴォルティス-柏レイソル-徳島ヴォルティス-アルビレックス新潟-ベガルタ仙台-サンフレッチェ広島,10,10,0,20111015,J2第31節,岐阜,横浜FC,長良川,,,,,,1,254468,254468
249,Ｊ１百年構想,30314,岡山,1636306,濵田　太郎,HAMADA Taro,GK,52,和歌山県,189,90,20000221,岩出ＦＣアズールＵ－１２-岩出ＦＣアズールＪｒユース-初芝橋本高-大阪産業大-大分トリニータ-ＡＣ長野パルセイロ-大分トリニータ,0,53,10,20230326,明治安田J3第4節,長野,富山,富山,,,,,,1,813825,815343
249,Ｊ１百年構想,30314,岡山,1646862,松田　駿,MATSUDA Shun,GK,13,群馬県,185,73,20070522,美土里ＳＣ-前橋ＦＣ-青森山田高,0,0,0,,,,,,,,,,,1,,
249,Ｊ１百年構想,30314,岡山,1655816,レナート　モーザー,LENNART MOSER,GK,1,ドイツ,196,93,19991206,１．ＦＣ　ウニオンベルリン／ドイツ-エネルギー　コットブス／ドイツ-１．ＦＣ　ウニオンベルリン／ドイツ-サークル　ブルージュ／ベルギー-１．ＦＣ　ウニオンベルリン／ドイツ-ＳＫアウストリア　クラーゲンフルト／オーストリア-１．ＦＣ　ウニオンベルリン／ドイツ-ＫＡＳオイペン／ベルギー-コリングＩＦ／デンマーク,0,0,0,,,,,,,,,,,1,19292,
249,Ｊ１百年構想,30314,岡山,1400090,白井　康介,SHIRAI Kosuke,DF,51,愛知県,166,63,19940501,ＦＣ豊橋リトルＪセレソン-ＦＣ豊橋デューミラン-大阪桐蔭高-湘南ベルマーレ-福島ユナイテッドＦＣ-湘南ベルマーレ-愛媛ＦＣ-湘南ベルマーレ-愛媛ＦＣ-北海道コンサドーレ札幌-京都サンガF.C.-北海道コンサドーレ札幌-京都サンガF.C.-ＦＣ東京,164,123,0,20140928,J2第34節,湘南,岐阜,ＢＭＷス,20151108,明治安田J2第40節,愛媛,京都,西京極,1,26836,26836
249,Ｊ１百年構想,30314,岡山,1503026,田上　大地,TAGAMI Daichi,DF,18,千葉県,180,79,19930616,流通経済大付属柏高-流通経済大-Ｖ・ファーレン長崎-柏レイソル-アルビレックス新潟-柏レイソル-アルビレックス新潟-柏レイソル-アルビレックス新潟,69,156,0,20160320,明治安田J2第4節,長崎,京都,西京極,20171028,明治安田J2第39節,長崎,熊本,えがおＳ,1,606996,606996
249,Ｊ１百年構想,30314,岡山,1504495,阿部　海大,ABE Kaito,DF,4,大分県,183,80,19990918,きつきＦＣ-スマイスセレソンＦＣ-東福岡高-ファジアーノ岡山-ブラウブリッツ秋田,19,109,0,20180225,明治安田J2第1節,岡山,徳島,鳴門大塚,20180304,明治安田J2第2節,岡山,栃木,Ｃスタ,1,789893,789893
249,Ｊ１百年構想,30314,岡山,1601448,鈴木　喜丈,SUZUKI Yoshitake,DF,43,東京都,183,80,19980706,関前ＳＣ-ＦＣ東京Ｕ－１５むさし-ＦＣ東京Ｕ－１８-ＦＣ東京-水戸ホーリーホック-ＦＣ東京-水戸ホーリーホック-ＦＣ東京-水戸ホーリーホック,18,141,61,20160313,明治安田J3第1節,Ｆ東23,相模原,ギオンス,20201220,明治安田J2第42節,水戸,東京Ｖ,味スタ,1,727118,727118
249,Ｊ１百年構想,30314,岡山,1607199,立田　悠悟,TATSUTA Yugo,DF,48,静岡県,191,83,19980621,入江サッカースポーツ少年団-清水クラブＳＳ-清水エスパルスＪｒユース-清水エスパルスユース-清水エスパルス-柏レイソル,186,0,0,20180225,明治安田J1第1節,清水,鹿島,アイスタ,20180303,明治安田J1第2節,清水,神戸,ノエスタ,1,26974,26974
249,Ｊ１百年構想,30314,岡山,1632235,大森　博,OMORI Hiroshi,DF,6,東京都,188,82,20020910,舎人サッカースポーツ少年団-修徳中-修徳高-徳島ヴォルティス-福島ユナイテッドＦＣ-徳島ヴォルティス-福島ユナイテッドＦＣ-徳島ヴォルティス-福島ユナイテッドＦＣ-徳島ヴォルティス-栃木ＳＣ-徳島ヴォルティス,0,0,90,20220730,明治安田J3第19節,福島,今治,とうスタ,20231119,明治安田J3第36節,福島,愛媛,とうスタ,1,929317,815479
249,Ｊ１百年構想,30314,岡山,1632431,工藤　孝太,KUDO Kota,DF,2,和歌山県,180,77,20030813,南紀ＪＳＣ-浦和レッズＪｒユース-浦和レッズユース-浦和レッズ-藤枝ＭＹＦＣ-浦和レッズ-ギラヴァンツ北九州-浦和レッズ-ファジアーノ岡山-浦和レッズ,25,6,36,20230517,明治安田J2第16節,藤枝,磐田,藤枝サ,20240921,明治安田J3第29節,北九州,岐阜,ミクスタ,1,155849,155849
249,Ｊ１百年構想,30314,岡山,1636232,本山　遥,MOTOYAMA Haruka,DF,26,兵庫県,172,71,19990605,西宮ＳＳ-ヴィッセル神戸Ｕ－１５-ヴィッセル神戸Ｕ－１８-関西学院大-ファジアーノ岡山-ヴィッセル神戸-ファジアーノ岡山-ヴィッセル神戸,11,97,0,20220220,明治安田J2第1節,岡山,甲府,Ｃスタ,20220604,明治安田J2第20節,岡山,金沢,Ｃスタ,1,727125,727125
249,Ｊ１百年構想,30314,岡山,1642073,藤井　葉大,FUJII Yota,DF,55,山口県,180,78,20060116,勝山サッカースポーツ少年団-セイザンＦＣ-飯塚高-ファジアーノ岡山-カマタマーレ讃岐,0,4,19,20240519,明治安田J2第16節,岡山,甲府,Ｃスタ,,,,,,1,826301,892578
249,Ｊ１百年構想,30314,岡山,1647807,千田　遼,SENDA Ryo,DF,31,岡山県,174,69,20070920,Ｊフィールド岡山ＦＣ-ファジアーノ岡山Ｕ－１５-ファジアーノ岡山Ｕ－１８,0,0,0,,,,,,,,,,,1,,
249,Ｊ１百年構想,30314,岡山,900115,竹内　涼,TAKEUCHI Ryo,MF,7,静岡県,173,67,19910308,浜松竜禅寺ＦＣ-浜松ＪＦＣ-浜松開誠館中-浜松開誠館高-清水エスパルス-ギラヴァンツ北九州-清水エスパルス,218,85,0,20111015,J1第29節,清水,神戸,ホームズ,20120401,J2第6節,北九州,甲府,中銀スタ,1,26972,26972
249,Ｊ１百年構想,30314,岡山,1300068,藤田　息吹,FUJITA Ibuki,MF,24,愛知県,170,68,19910130,名古屋ＦＣ-藤枝東高-慶応大-清水エスパルス-愛媛ＦＣ-清水エスパルス-愛媛ＦＣ-松本山雅ＦＣ-モンテディオ山形,56,312,0,20141022,J1第29節,清水,新潟,アイスタ,20160831,明治安田J2第11節,愛媛,熊本,うまスタ,1,727013,727013
249,Ｊ１百年構想,30314,岡山,1300072,松本　昌也,MATSUMOTO Masaya,MF,28,大分県,175,69,19950125,和田ＳＣ-ＦＣ中津１９８１-ＪＦＡアカデミー福島-大分トリニータ-ジュビロ磐田,170,174,28,20130413,J1第6節,大分,鹿島,大銀ド,20131110,J1第31節,大分,新潟,大銀ド,1,26067,26067
249,Ｊ１百年構想,30314,岡山,1500455,江坂　任,ESAKA Ataru,MF,8,兵庫県,175,67,19920531,ウッディＳＣ-ゆりのき台中-神戸弘陵学園高-流通経済大-ザスパクサツ群馬-大宮アルディージャ-柏レイソル-浦和レッズ-蔚山ＨＤ　ＦＣ／大韓民国,230,80,0,20150308,明治安田J2第1節,群馬,横浜FC,正田スタ,20150315,明治安田J2第2節,群馬,熊本,水前寺,1,152764,152764
249,Ｊ１百年構想,30314,岡山,1504445,神谷　優太,KAMIYA Yuta,MF,33,山形県,174,67,19970424,ＯＳＡフォルトナ山形-ＳＦＣジェラーレ-東京ヴェルディジュニア-東京ヴェルディＪｒユース-東京ヴェルディユース-青森山田高-湘南ベルマーレ-愛媛ＦＣ-湘南ベルマーレ-愛媛ＦＣ-湘南ベルマーレ-柏レイソル-清水エスパルス-江原ＦＣ／大韓民国,115,108,0,20160320,明治安田J1 1st第4節,湘南,浦和,ＢＭＷス,20180415,明治安田J2第9節,愛媛,讃岐,ピカスタ,1,254502,254502
249,Ｊ１百年構想,30314,岡山,1607218,山根　永遠,YAMANE Towa,MF,88,広島県,167,73,19990205,サンフレッチェ広島Ｊｒユース-サンフレッチェ広島ユース-セレッソ大阪-ツエーゲン金沢-セレッソ大阪-ツエーゲン金沢-セレッソ大阪-水戸ホーリーホック-セレッソ大阪-ザスパクサツ群馬-横浜ＦＣ,54,143,71,20170312,明治安田J3第1節,Ｃ大23,盛岡,金鳥スタ,20170521,明治安田J3第9節,Ｃ大23,鳥取,とりスタ,1,606624,606624
249,Ｊ１百年構想,30314,岡山,1621197,末吉　塁,SUEYOSHI Rui,MF,17,大阪府,166,64,19960726,川上ＦＣ-初芝橋本高-大阪体育大-モンテディオ山形-ジェフユナイテッド千葉-ファジアーノ岡山-ジェフユナイテッド千葉,6,140,0,20190310,明治安田J2第3節,山形,町田,町田,20201108,明治安田J2第32節,山形,千葉,フクアリ,1,789877,789877
249,Ｊ１百年構想,30314,岡山,1622193,西川　潤,NISHIKAWA Jun,MF,66,神奈川県,180,70,20020221,青葉ＦＣ-横浜Ｆ・マリノスＪｒユース-桐光学園高-セレッソ大阪-サガン鳥栖-セレッソ大阪-サガン鳥栖-セレッソ大阪-いわきＦＣ-セレッソ大阪-サガン鳥栖-セレッソ大阪,66,70,1,20190413,明治安田J1第7節,Ｃ大阪,札幌,ヤンマー,20200815,明治安田J1第10節,Ｃ大阪,柏,三協Ｆ柏,1,26822,26822
249,Ｊ１百年構想,30314,岡山,1622681,ブラウン　ノア　賢信,BROWNE Noah Kenshin,MF,45,カナダ,189,80,20010527,赤松フェニックスＦＣ-ヴィトーリア目黒ＦＣ-横浜Ｆ・マリノスジュニアユース追浜-横浜Ｆ・マリノスユース-横浜Ｆ・マリノス-カマタマーレ讃岐-横浜Ｆ・マリノス-水戸ホーリーホック-アスルクラロ沼津-水戸ホーリーホック-アスルクラロ沼津-徳島ヴォルティス-ファジアーノ岡山-ジュビロ磐田,11,52,93,20200628,明治安田J3第1節,讃岐,Ｇ大23,ピカスタ,20200927,明治安田J3第18節,讃岐,八戸,ピカスタ,1,813855,815342
249,Ｊ１百年構想,30314,岡山,1632215,木村　太哉,KIMURA Takaya,MF,27,東京都,175,71,19980708,フレンドリーＳＣ-アンフィニＭＡＫＩ．ＦＣ　Ｕ－１２-アンフィニＭＡＫＩ．ＦＣ　Ｕ－１５-札幌大谷高-甲南大,37,127,0,20210228,明治安田J2第1節,岡山,栃木,カンセキ,20210425,明治安田J2第10節,岡山,北九州,Ｃスタ,1,727127,727127
249,Ｊ１百年構想,30314,岡山,1632973,田部井　涼,TABEI Ryo,MF,14,群馬県,172,68,19990625,図南ＳＣ前橋-前橋ＦＣ-前橋育英高-法政大-横浜ＦＣ-ファジアーノ岡山-横浜ＦＣ,25,67,0,20220403,明治安田J2第8節,横浜FC,琉球,ニッパツ,20230603,明治安田J2第19節,岡山,徳島,Ｃスタ,1,727126,727126
249,Ｊ１百年構想,30314,岡山,1633186,藤井　海和,FUJII Kaito,MF,3,埼玉県,173,71,20030215,越谷ウィンＳＣ-Ｓ．Ｔ．ＦＣ-流通経済大柏高-流通経済大,10,0,0,20250226,明治安田J1第3節,岡山,Ｇ大阪,ＪＦＥス,,,,,,1,999865,895976
249,Ｊ１百年構想,30314,岡山,1636324,宮本　英治,MIYAMOTO Eiji,MF,41,福岡県,173,69,19980803,寿山ＦＣ-ＪＦＡアカデミー福島-国士舘大-いわきＦＣ-アルビレックス新潟,44,41,34,20220313,明治安田J3第1節,いわき,鹿児島,白波スタ,20220716,明治安田J3第17節,いわき,沼津,Ｊスタ,1,798275,798275
249,Ｊ１百年構想,30314,岡山,1650860,小倉　幸成,OGURA Kosei,MF,5,茨城県,167,67,20050409,鹿島アントラーズつくばジュニア-鹿島アントラーズつくばＪｒユース-鹿島アントラーズユース-法政大在学中,0,0,0,,,,,,,,,,,1,989168,
249,Ｊ１百年構想,30314,岡山,1653088,バイゴリア　ユウト,BAIGORRIA Yuto,MF,32,ボリビア,172,71,20060818,ヴァージニアＵＳＣ／ボリビア-ＣＤアルヘンティノス　ジュニアーズ／ボリビア-ＣＤグアビラ／ボリビア,0,0,0,,,,,,,,,,,1,,
249,Ｊ１百年構想,30314,岡山,1501479,一美　和成,ICHIMI Kazunari,FW,22,熊本県,182,81,19971110,エスペランサ熊本ジュニア-エスペランサ熊本Ｊｒユース-大津高-ガンバ大阪-京都サンガF.C.-ガンバ大阪-横浜ＦＣ-ガンバ大阪-徳島ヴォルティス-京都サンガF.C.,127,72,75,20160313,明治安田J3第1節,Ｇ大23,YS横浜,吹田Ｓ,20160710,明治安田J3第16節,Ｇ大23,Ｃ大23,金鳥スタ,1,26040,26040
249,Ｊ１百年構想,30314,岡山,1626006,河野　孝汰,KAWANO Kota,FW,40,山口県,177,73,20030812,尾道東ＪＦＣ-ボアソルテ美都ＦＣ-レノファ山口ＦＣ　Ｕ－１２-レノファ山口ＦＣ　Ｕ－１５-レノファ山口ＦＣ　Ｕ－１８-レノファ山口ＦＣ,0,118,0,20191116,明治安田J2第41節,山口,山形,みらスタ,20200729,明治安田J2第8節,山口,長崎,みらスタ,1,727147,727147
249,Ｊ１百年構想,30314,岡山,1627569,ルカオ,LUCAO,FW,99,ブラジル,191,96,19950922,アーセナル／ブラジル-マケドニア　ゴルチェ　ペトロフ／マケドニア共和国-レノヴァ／マケドニア共和国-アポロン　ラリッサＦＣ／ギリシャ-鹿児島ユナイテッドＦＣ-ツエーゲン金沢-鹿児島ユナイテッドＦＣ-松本山雅ＦＣ,38,105,21,20190817,明治安田J2第28節,鹿児島,愛媛,白波スタ,20190824,明治安田J2第29節,鹿児島,横浜FC,ニッパツ,1,727144,727144
249,Ｊ１百年構想,30314,岡山,1647806,末宗　寛士郎,SUEMUNE Kanshiro,FW,30,岡山県,174,65,20070610,オオタＦＣ-ファジアーノ岡山Ｕ－１５-ファジアーノ岡山Ｕ－１８,0,0,0,,,,,,,,,,,1,,
249,Ｊ１百年構想,30314,岡山,1652453,ウェリック　ポポ,WERIK POPO,FW,98,ブラジル,190,94,20011017,アギア　ジ　マラバ／ブラジル-オエステＦＣ／ブラジル-レッドブル　ブラガンチーノ／ブラジル-水原三星ブルーウィングス／大韓民国-レッドブル　ブラガンチーノ／ブラジル-ジュべントゥージ／ブラジル-レッドブル　ブラガンチーノ／ブラジル-クリシューマＥＣ／ブラジル-レッドブル　ブラガンチーノ／ブラジル-ファジアーノ岡山-レッドブル　ブラガンチーノ／ブラジル,12,0,0,20250615,明治安田J1第20節,岡山,福岡,ＪＦＥス,,,,,,1,209142,209142
249,Ｊ１百年構想,30314,岡山,1652842,髙橋　旺良,TAKAHASHI Aura,FW,35,東京都,183,75,20060301,小菅ＳＣ-ＶＩＶＡＩＯ船橋Ｓ．Ｃ-中央学院高-東海学園大,0,0,0,,,,,,,,,,,1,1049818,
249,Ｊ１百年構想,30314,岡山,1656733,レオ　ガウショ,LEO GAUCHO,FW,9,ブラジル,187,81,20010803,サンタクルス／ブラジル-ＦＫスパルタクス／ラトビア-ＦＫ　ＲＦＳ／ラトビア-ヴァルミエラＦＣ／ラトビア-ボルネオＦＣサマリンダ／インドネシア-ゲンチレルビルリィ／トルコ-オペラーリオ　フェホヴィア／ブラジル,0,0,0,,,,,,,,,,,1,630716,
249,Ｊ１百年構想,129,広島,1503714,田中　雄大,TANAKA Yudai,GK,21,宮城県,187,78,19951117,青森山田高-桐蔭横浜大-ＳＣ相模原-ブラウブリッツ秋田,0,71,84,20180408,明治安田J3第6節,相模原,北九州,ミクスタ,,,,,,1,785803,785803
249,Ｊ１百年構想,129,広島,1600203,大迫　敬介,OSAKO Keisuke,GK,1,鹿児島県,190,88,19990728,江内サッカースポーツ少年団-フェリシドＦＣ-サンフレッチェ広島ユース,209,0,0,20190223,明治安田J1第1節,広島,清水,Ｅスタ,,,,,,1,163807,163807
249,Ｊ１百年構想,129,広島,1602209,大内　一生,OUCHI Issei,GK,99,イタリア,186,82,20000908,キンダー善光ＳＣ-横浜ＦＣＪｒユース-横浜ＦＣユース-横浜ＦＣ-Ｙ．Ｓ．Ｃ．Ｃ．横浜-横浜ＦＣ-ＡＣ長野パルセイロ-横浜ＦＣ-鹿児島ユナイテッドＦＣ-横浜ＦＣ-松本山雅ＦＣ,0,0,130,20200627,明治安田J3第1節,YS横浜,相模原,ギオンス,,,,,,1,929362,815746
249,Ｊ１百年構想,129,広島,1635373,ヒル　袈依廉,HILL Cailen,GK,38,鹿児島県,194,92,20020709,川上ＦＣ-鹿児島育英館中-鹿児島城西高-早稲田大,0,0,0,,,,,,,,,,,1,1023778,896133
249,Ｊ１百年構想,129,広島,1650439,小川　煌,OGAWA Hikaru,GK,43,長崎県,192,79,20070624,銭座サッカースポーツ少年団-淵中-サンフレッチェ広島ユース,0,0,0,,,,,,,,,,,1,,
249,Ｊ１百年構想,129,広島,1100145,塩谷　司,SHIOTANI Tsukasa,DF,33,徳島県,182,81,19881205,南小松島ＦＣ-大松ＳＣ-大塚ＳＣ-徳島商高-国士舘大-水戸ホーリーホック-サンフレッチェ広島-アル　アインＦＣ／アラブ首長国連邦,271,60,0,20110305,J2第1節,水戸,京都,Ｋｓスタ,20110821,J2第25節,水戸,岐阜,Ｋｓスタ,1,79114,79114
249,Ｊ１百年構想,129,広島,1200024,佐々木　翔,SASAKI Sho,DF,19,神奈川県,177,70,19891002,栗原ＦＣ-横浜Ｆ・マリノスプライマリー-横浜Ｆ・マリノスＪｒユース-城山高-神奈川大-ヴァンフォーレ甲府,359,35,0,20120304,J2第1節,甲府,栃木,中銀スタ,20120311,J2第2節,甲府,東京Ｖ,味スタ,1,26955,26955
249,Ｊ１百年構想,129,広島,1501895,志知　孝明,SHICHI Takaaki,DF,16,岐阜県,177,70,19931227,正木サッカー少年団-羽島中-ＦＣ岐阜Ｕ－１８-東海学園大-松本山雅ＦＣ-福島ユナイテッドＦＣ-松本山雅ＦＣ-水戸ホーリーホック-横浜ＦＣ-アビスパ福岡-サンフレッチェ広島-アビスパ福岡,141,46,16,20170226,明治安田J2第1節,松本,横浜FC,ニッパツ,20190317,明治安田J2第4節,水戸,千葉,Ｋｓスタ,1,26045,26045
249,Ｊ１百年構想,129,広島,1604880,荒木　隼人,ARAKI Hayato,DF,4,大阪府,186,78,19960807,ガンバ大阪門真ジュニア-ガンバ大阪門真Ｊｒユース-サンフレッチェ広島ユース-関西大,220,0,0,20190309,明治安田J1第3節,広島,Ｃ大阪,ヤンマー,20190713,明治安田J1第19節,広島,鳥栖,駅スタ,1,26965,26965
249,Ｊ１百年構想,129,広島,1605470,山﨑　大地,YAMASAKI Taichi,DF,3,広島県,184,82,20010108,大野ＦＣ-廿日市ＦＣジュニア-サンフレッチェ広島Ｊｒユース-サンフレッチェ広島ユース-順天堂大,18,0,0,20230409,明治安田J1第7節,広島,鳥栖,Ｅスタ,,,,,,1,615852,615852
249,Ｊ１百年構想,129,広島,1624653,新井　直人,ARAI Naoto,DF,13,東京都,173,73,19961007,北沢キッカーズ-ＦＣ渋谷-実践学園高-新潟経営大-アルビレックス新潟-セレッソ大阪-徳島ヴォルティス-セレッソ大阪-アルビレックス新潟,92,95,0,20190224,明治安田J2第1節,新潟,京都,西京極,20190303,明治安田J2第2節,新潟,千葉,フクアリ,1,606985,606985
249,Ｊ１百年構想,129,広島,1627198,キム　ジュソン,KIM Jusung,DF,37,大韓民国,189,83,20001212,ＦＣソウルＵ－１５／大韓民国-ＦＣソウルＵ－１８／大韓民国-ＦＣソウル／大韓民国-金泉尚武ＦＣ／大韓民国-ＦＣソウル／大韓民国,8,0,0,20250820,明治安田J1第30節,広島,神戸,Ｅピース,20251004,明治安田J1第33節,広島,町田,Ｅピース,1,285187,285187
249,Ｊ１百年構想,129,広島,1635465,中野　就斗,NAKANO Shuto,DF,15,東京都,183,83,20000627,ＡＺ８６東京青梅-桐生第一高-桐蔭横浜大,106,0,0,20220219,明治安田J1第1節,広島,鳥栖,Ｅスタ,20231125,明治安田J1第33節,広島,Ｇ大阪,Ｅスタ,1,254600,254600
249,Ｊ１百年構想,129,広島,1650444,森井　莉人,MORII Leedo,DF,,広島県,194,71,20090117,サンフレッチェ広島ジュニア-サンフレッチェ広島Ｊｒユース,0,0,0,,,,,,,,,,,1,,
249,Ｊ１百年構想,129,広島,1650445,太田　大翔,OTA Hiroto,DF,,熊本県,182,67,20080408,アッズリーノ熊本-ソレッソ熊本,0,0,0,,,,,,,,,,,1,,
249,Ｊ１百年構想,129,広島,1300179,川辺　駿,KAWABE Hayao,MF,6,広島県,180,72,19950908,広島高陽ＦＣ-サンフレッチェ広島Ｊｒユース-サンフレッチェ広島ユース-サンフレッチェ広島-ジュビロ磐田-サンフレッチェ広島-ジュビロ磐田-サンフレッチェ広島-ジュビロ磐田-サンフレッチェ広島-グラスホッパー　チューリッヒ／スイス-ウルバーハンプトンワンダラーズ／イングランド-グラスホッパー　チューリッヒ／スイス-ウルバーハンプトンワンダラーズ／イングランド-スタンダール　リエージュ／ベルギー,233,33,1,20130330,J1第4節,広島,清水,アイスタ,20150801,明治安田J2第27節,磐田,岡山,Ｃスタ,1,26954,26954
249,Ｊ１百年構想,129,広島,1400065,茶島　雄介,CHAJIMA Yusuke,MF,25,広島県,166,60,19910720,サンフレッチェ広島ジュニア-サンフレッチェ広島Ｊｒユース-サンフレッチェ広島ユース-東京学芸大-サンフレッチェ広島-ジェフユナイテッド千葉-サンフレッチェ広島-ジェフユナイテッド千葉,105,61,0,20140913,J1第23節,広島,Ｇ大阪,Ｅスタ,20160401,明治安田J1 1st第5節,広島,仙台,Ｅスタ,1,254490,254490
249,Ｊ１百年構想,129,広島,1602205,菅　大輝,SUGA Daiki,MF,18,北海道,171,78,19980910,コンサドーレ札幌Ｕ－１２-コンサドーレ札幌Ｕ－１５-北海道コンサドーレ札幌Ｕ－１８-北海道コンサドーレ札幌,272,5,0,20160403,明治安田J2第6節,札幌,町田,町田,20170805,明治安田J1第20節,札幌,Ｃ大阪,金鳥スタ,1,26841,26841
249,Ｊ１百年構想,129,広島,1607284,松本　泰志,MATSUMOTO Taishi,MF,14,埼玉県,180,70,19980822,クマガヤＳＣ-昌平高-サンフレッチェ広島-アビスパ福岡-サンフレッチェ広島-セレッソ大阪-サンフレッチェ広島-浦和レッズ,135,25,0,20180411,明治安田J1第7節,広島,横浜FM,Ｅスタ,20201025,明治安田J2第29節,福岡,千葉,ベススタ,1,26961,26961
249,Ｊ１百年構想,129,広島,1618152,東　俊希,HIGASHI Shunki,MF,24,愛媛県,180,70,20000728,ＦＣゼブラ-サンフレッチェ広島ユース,205,0,0,20181124,明治安田J1第33節,広島,名古屋,Ｅスタ,20201003,明治安田J1第20節,広島,鳥栖,Ｅスタ,1,26963,26963
249,Ｊ１百年構想,129,広島,1632409,越道　草太,KOSHIMICHI Sota,MF,32,広島県,181,75,20040403,佐東南ＦＣ-サンフレッチェ広島Ｊｒユース-サンフレッチェ広島ユース,56,0,0,20230226,明治安田J1第2節,広島,新潟,Ｅスタ,20240506,明治安田J1第12節,広島,名古屋,Ｅピース,1,309664,309664
249,Ｊ１百年構想,129,広島,1635360,小原　基樹,OHARA Motoki,MF,40,愛知県,170,63,20000309,ＡＳ．ラランジャ豊川-聖和学園高-東海学園大-愛媛ＦＣ-サンフレッチェ広島-水戸ホーリーホック-サンフレッチェ広島-アルビレックス新潟,19,47,30,20211010,明治安田J2第33節,愛媛,長崎,ニンスタ,20211023,明治安田J2第35節,愛媛,磐田,エコパ,1,727173,727173
249,Ｊ１百年構想,129,広島,1641144,中島　洋太朗,NAKAJIMA Yotaro,MF,35,広島県,175,68,20060422,サンフレッチェ広島ジュニア-サンフレッチェ広島Ｊｒユース-サンフレッチェ広島ユース,28,0,0,20240330,明治安田J1第5節,広島,Ｇ大阪,Ｅピース,,,,,,1,701013,701013
249,Ｊ１百年構想,129,広島,1644645,トルガイ　アルスラン,TOLGAY ARSLAN,MF,30,ドイツ,180,78,19900816,ハンブルガーＳＶ／ドイツ-アレマニア　アーヘン／ドイツ-ハンブルガーＳＶ／ドイツ-ベシクタシュ／トルコ-フェネルバフチェ／トルコ-ウディネーゼ　カルチョ／イタリア-メルボルンシティＦＣ／オーストラリア,23,0,0,20240807,明治安田J1第25節,広島,東京Ｖ,味スタ,20240811,明治安田J1第26節,広島,Ｃ大阪,Ｅピース,1,10430,10430
249,Ｊ１百年構想,129,広島,1650815,野口　蓮斗,NOGUCHI Rento,MF,,熊本県,171,61,20080420,ソレッソ熊本,0,0,0,,,,,,,,,,,1,,
249,Ｊ１百年構想,129,広島,1650817,小林　志紋,KOBAYASHI Shimon,MF,45,広島県,167,60,20080123,バリエンテＦＣ福山-サンフレッチェ広島Ｊｒユース-サンフレッチェ広島ユース,1,0,0,20250820,明治安田J1第30節,広島,神戸,Ｅピース,,,,,,1,1023382,898441
249,Ｊ１百年構想,129,広島,1200343,前田　直輝,MAEDA Naoki,FW,41,埼玉県,177,72,19941117,北浦和サッカースポーツ少年団-東京ヴェルディ１９６９ジュニア-東京ヴェルディＪｒユース-東京ヴェルディユース-東京ヴェルディ-松本山雅ＦＣ-東京ヴェルディ-横浜Ｆ・マリノス-松本山雅ＦＣ-名古屋グランパス-ＦＣユトレヒト／オランダ-名古屋グランパス-浦和レッズ,239,64,2,20121021,J2第39節,東京Ｖ,栃木,味スタ,20130414,J2第8節,東京Ｖ,鳥取,味スタ,1,26909,26909
249,Ｊ１百年構想,129,広島,1200538,木下　康介,KINOSHITA Kosuke,FW,17,東京都,190,85,19941003,ドリームスＳＣ-横浜ＦＣＪｒユース-横浜ＦＣユース-ＳＣフライブルク／ドイツ-ＦＣ０８ホンブルグ／ドイツ-ハルムスタッズＢＫ／スウェーデン-シント＝トロイデン／ベルギー-スターベクＩＦ／ノルウェー-浦和レッズ-水戸ホーリーホック-京都サンガF.C.-柏レイソル,99,38,0,20210825,明治安田J1第26節,浦和,広島,浦和駒場,20220227,明治安田J2第2節,水戸,仙台,Ｋｓスタ,1,72214,72214
249,Ｊ１百年構想,129,広島,1401505,加藤　陸次樹,KATO Mutsuki,FW,11,埼玉県,180,72,19970806,江南南サッカー少年団-クマガヤサッカースポーツクラブ-サンフレッチェ広島ユース-中央大-ツエーゲン金沢-セレッソ大阪,163,42,0,20200223,明治安田J2第1節,金沢,岡山,Ｃスタ,20200726,明治安田J2第7節,金沢,群馬,正田スタ,1,74128,74128
249,Ｊ１百年構想,129,広島,1503337,ジャーメイン　良,GERMAIN Ryo,FW,9,神奈川県,182,82,19950419,南毛利ＦＣ-ＦＣ厚木ＪｒユースＤＲＥＡＭＳ-流通経済大付属柏高-流通経済大-ベガルタ仙台-横浜ＦＣ-ジュビロ磐田,179,31,0,20171202,明治安田J1第34節,仙台,甲府,中銀スタ,20180718,明治安田J1第16節,仙台,横浜FM,ユアスタ,1,27023,27023
249,Ｊ１百年構想,129,広島,1622855,鮎川　峻,AYUKAWA Shun,FW,23,愛知県,165,65,20010915,ＦＣ　ＦＥＲＶＯＲ愛知-サンフレッチェ広島ユース-サンフレッチェ広島-大分トリニータ-サンフレッチェ広島-大分トリニータ-サンフレッチェ広島-大分トリニータ,25,51,0,20210227,明治安田J1第1節,広島,仙台,Ｅスタ,20210321,明治安田J1第6節,広島,大分,昭和電ド,1,254593,254593
249,Ｊ１百年構想,129,広島,1635346,中村　草太,NAKAMURA Sota,FW,39,群馬県,168,64,20021015,ホワイトスターＵ１２-前橋ＦＣ-前橋育英高-明治大,32,0,0,20250216,明治安田J1第1節,広島,町田,Ｇスタ,20250216,明治安田J1第1節,広島,町田,Ｇスタ,1,999861,895884
249,Ｊ１百年構想,129,広島,1636237,鈴木　章斗,SUZUKI Akito,FW,10,大阪府,180,76,20030730,ＥＸＥ’９０ＦＣ-ガンバ大阪Ｊｒユース-阪南大高-湘南ベルマーレ,100,0,0,20220402,明治安田J1第6節,湘南,広島,レモンＳ,20230415,明治安田J1第8節,湘南,横浜FM,レモンＳ,1,254583,254583
249,Ｊ１百年構想,129,広島,1650456,髙橋　成海,TAKAHASHI Narumi,FW,,徳島県,187,75,20090517,徳島ヴォルティスジュニア-徳島ヴォルティスＪｒユース,0,0,0,,,,,,,,,,,1,,
249,Ｊ１百年構想,135,福岡,1613335,小畑　裕馬,OBATA Yuma,GK,24,宮城県,185,80,20011107,アバンツァーレ仙台ＳＣ-ベガルタ仙台Ｊｒユース-ベガルタ仙台ユース-ベガルタ仙台,27,26,0,20200704,明治安田J1第2節,仙台,湘南,ＢＭＷス,,,,,,1,789903,789903
249,Ｊ１百年構想,135,福岡,1615528,オビ　パウエル　オビンナ,OBI Powell Obinna,GK,99,埼玉県,193,87,19971218,東大宮コスモスサッカースポーツ少年団-大宮アルディージャジュニア-ＪＦＡアカデミー福島Ｕ－１５-ＪＦＡアカデミー福島Ｕ－１８-流通経済大-横浜Ｆ・マリノス-栃木ＳＣ-横浜Ｆ・マリノス-栃木ＳＣ-横浜Ｆ・マリノス-ヴィッセル神戸,9,31,0,20200906,明治安田J2第17節,栃木,水戸,Ｋｓスタ,,,,,,1,152116,152116
249,Ｊ１百年構想,135,福岡,1621166,藤田　和輝,FUJITA Kazuki,GK,41,新潟県,186,85,20010219,アルビレックス新潟Ｕ－１２-アルビレックス新潟Ｕ－１５-アルビレックス新潟Ｕ－１８-アルビレックス新潟-栃木ＳＣ-アルビレックス新潟-栃木ＳＣ-アルビレックス新潟-ジェフユナイテッド千葉-アルビレックス新潟,16,86,0,20200627,明治安田J2第2節,新潟,甲府,中銀スタ,,,,,,1,790063,790063
249,Ｊ１百年構想,135,福岡,1632257,松山　健太,MATSUYAMA Kenta,GK,21,福岡県,189,85,19981117,椎田少年ＳＣ-椎田中-九州国際大付属高-桃山学院大-いわてグルージャ盛岡-鹿児島ユナイテッドＦＣ-水戸ホーリーホック-浦和レッズ-水戸ホーリーホック,0,20,21,20220227,明治安田J2第2節,岩手,町田,Ｇスタ,,,,,,1,,
249,Ｊ１百年構想,135,福岡,1100304,奈良　竜樹,NARA Tatsuki,DF,3,北海道,180,74,19930919,北見ブルーサンダース-北見小泉中-コンサドーレ札幌Ｕ－１８-コンサドーレ札幌-ＦＣ東京-コンサドーレ札幌-川崎フロンターレ-鹿島アントラーズ-アビスパ福岡-鹿島アントラーズ,203,81,7,20111026,J2第7節,札幌,徳島,鳴門大塚,20121117,J1第32節,札幌,鳥栖,札幌ド,1,254537,254537
249,Ｊ１百年構想,135,福岡,1400643,湯澤　聖人,YUZAWA Masato,DF,2,茨城県,180,74,19931010,谷田部ＦＣ-つくばＦＣ-流通経済大付属柏高-流通経済大-柏レイソル-京都サンガF.C.-柏レイソル-ヴァンフォーレ甲府,128,76,0,20160513,明治安田J1 1st第12節,柏,広島,Ｅスタ,20180401,明治安田J2第7節,甲府,岐阜,長良川,1,254558,254558
249,Ｊ１百年構想,135,福岡,1500496,池田　樹雷人,IKEDA Jurato,DF,40,東京都,186,82,19960917,久米川小ＦＣ-三菱養和ＳＣ巣鴨-三菱養和ＳＣユース-セレッソ大阪-バンコクグラスＦＣ／タイ-セレッソ大阪-愛媛ＦＣ-ＡＣ長野パルセイロ-愛媛ＦＣ-ブラウブリッツ秋田-ＦＣ町田ゼルビア-アビスパ福岡-ＦＣ町田ゼルビア,3,94,19,20160731,明治安田J3第19節,Ｃ大23,琉球,沖縄県陸,20180317,明治安田J2第4節,愛媛,熊本,ニンスタ,1,798121,798121
249,Ｊ１百年構想,135,福岡,1600179,前嶋　洋太,MAEJIMA Yota,DF,29,神奈川県,178,67,19970812,横浜ＦＣＪｒユース-横浜ＦＣユース-横浜ＦＣ-カターレ富山-横浜ＦＣ-カターレ富山-横浜ＦＣ-水戸ホーリーホック-横浜ＦＣ,130,38,61,20170325,明治安田J2第5節,横浜FC,徳島,ニッパツ,20180609,明治安田J3第13節,富山,YS横浜,富山,1,254541,254541
249,Ｊ１百年構想,135,福岡,1600197,田代　雅也,TASHIRO Masaya,DF,37,埼玉県,185,80,19930501,蕨北町サッカースポーツ少年団-武南Ｊｒユース-武南高-法政大-ＦＣ岐阜-栃木ＳＣ-サガン鳥栖,123,117,0,20160306,明治安田J2第2節,岐阜,札幌,長良川,20160626,明治安田J2第20節,岐阜,熊本,長良川,1,254404,254404
249,Ｊ１百年構想,135,福岡,1604991,宮　大樹,MIYA Daiki,DF,45,大阪府,186,82,19960401,大阪セントラルＦＣ-清明学院高-びわこ成蹊スポーツ大-ヴィッセル神戸-水戸ホーリーホック-ヴィッセル神戸-サガン鳥栖-アビスパ福岡-名古屋グランパス-北海道コンサドーレ札幌-名古屋グランパス,125,21,0,20180411,明治安田J1第7節,神戸,浦和,ノエスタ,20191006,明治安田J2第35節,水戸,大宮,Ｋｓスタ,1,254533,254533
249,Ｊ１百年構想,135,福岡,1620758,上島　拓巳,KAMIJIMA Takumi,DF,5,千葉県,186,86,19970205,ユーカリが丘ＳＣ-柏レイソルＵ－１２-柏レイソルＵ－１５-柏レイソルＵ－１８-中央大-柏レイソル-アビスパ福岡-柏レイソル-横浜Ｆ・マリノス,120,51,0,20190323,明治安田J2第5節,柏,岡山,三協Ｆ柏,20200719,明治安田J2第6節,福岡,徳島,鳴門大塚,1,254451,254451
249,Ｊ１百年構想,135,福岡,1625427,岡　哲平,OKA Teppei,DF,16,東京都,186,83,20010906,バディＦＣ世田谷-ＦＣ東京Ｕ－１５深川-ＦＣ東京Ｕ－１８-明治大-ＦＣ東京,40,0,18,20190323,明治安田J3第3節,Ｆ東23,藤枝,味フィ西,20240706,明治安田J1第22節,FC東京,柏,三協Ｆ柏,1,819424,895945
249,Ｊ１百年構想,135,福岡,1640642,山脇　樺織,YAMAWAKI Kaoru,DF,33,東京都,179,71,20001217,田園調布ＳＣ-東急ＳレイエスＦＣ-関東第一高-同志社大-ギラヴァンツ北九州,0,0,77,20230415,明治安田J3第7節,北九州,琉球,タピスタ,20240706,明治安田J3第20節,北九州,鳥取,Ａｘｉｓ,1,929399,815439
249,Ｊ１百年構想,135,福岡,1641019,辻岡　佑真,TSUJIOKA Yuma,DF,15,香川県,183,83,20011209,ＭＦＣ高松Ｊｒ．-ＭＦＣ高松Ｊｒ．ユース-高松工芸高-ＩＰＵ環太平洋大-いわきＦＣ-テゲバジャーロ宮崎-いわきＦＣ-ギラヴァンツ北九州-いわきＦＣ,0,7,72,20230402,明治安田J2第7節,いわき,岡山,Ｃスタ,20240922,明治安田J3第29節,宮崎,奈良,ロートＦ,1,798320,798320
249,Ｊ１百年構想,135,福岡,1646125,橋本　悠,HASHIMOTO Yu,DF,47,佐賀県,171,64,20020607,サガン鳥栖Ｕ－１２-サガン鳥栖Ｕ－１５-サガン鳥栖Ｕ－１８-福岡大,25,0,0,20250315,明治安田J1第6節,福岡,FC東京,ベススタ,,,,,,1,986316,887611
249,Ｊ１百年構想,135,福岡,1651274,キム　ムンヒョン,KIM Moon Hyeon,DF,19,大韓民国,185,76,20020517,天安第一高／大韓民国-安養Ｕ１８／大韓民国-ＦＫヤボル／セルビア,0,0,0,,,,,,,,,,,1,1006731,896171
249,Ｊ１百年構想,135,福岡,1656014,坂井　悠飛,SAKAI Yuhi,DF,56,兵庫県,180,77,20041005,長洲ＳＣ-伊丹ＦＣ-立正大淞南高-福岡大在学中,0,0,0,,,,,,,,,,,1,,
249,Ｊ１百年構想,135,福岡,1656040,藤川　虎三,FUJIKAWA Takezo,DF,58,福岡県,183,82,20080729,ＡＣファルベン-アビスパ福岡Ｕ－１２-アビスパ福岡Ｕ－１５,0,0,0,,,,,,,,,,,1,,
249,Ｊ１百年構想,135,福岡,1200951,秋野　央樹,AKINO Hiroki,MF,17,千葉県,176,68,19941008,柏レイソルＵ－１２-柏レイソルＵ－１５-柏レイソルＵ－１８-柏レイソル-湘南ベルマーレ-柏レイソル-湘南ベルマーレ-柏レイソル-湘南ベルマーレ-Ｖ・ファーレン長崎-湘南ベルマーレ-Ｖ・ファーレン長崎,91,159,11,20130316,J1第3節,柏,仙台,ユアスタ,20160312,明治安田J1 1st第3節,柏,磐田,柏,1,798101,798101
249,Ｊ１百年構想,135,福岡,1500384,名古　新太郎,NAGO Shintaro,MF,14,大阪府,168,64,19960417,大阪東淀川ＦＣ-静岡学園高-順天堂大-鹿島アントラーズ-湘南ベルマーレ-鹿島アントラーズ,136,0,0,20180811,明治安田J1第21節,鹿島,名古屋,豊田ス,20210313,明治安田J1第4節,湘南,仙台,レモンＳ,1,26887,26887
249,Ｊ１百年構想,135,福岡,1600127,椎橋　慧也,SHIIHASHI Keiya,MF,34,千葉県,178,75,19970620,咲が丘ＳＣ-八木が谷中-市立船橋高-ベガルタ仙台-柏レイソル-名古屋グランパス,226,0,0,20170730,明治安田J1第19節,仙台,柏,ユアスタ,20170923,明治安田J1第27節,仙台,Ｃ大阪,金鳥スタ,1,27020,27020
249,Ｊ１百年構想,135,福岡,1605758,北島　祐二,KITAJIMA Yuji,MF,25,福岡県,169,67,20000804,小郡東野ＳＣ-アビスパ福岡Ｕ－１５-アビスパ福岡Ｕ－１８-アビスパ福岡-東京ヴェルディ,43,41,0,20190413,明治安田J2第9節,福岡,町田,博多陸,20230319,明治安田J2第5節,東京Ｖ,藤枝,藤枝サ,1,254565,254565
249,Ｊ１百年構想,135,福岡,1605950,奥野　耕平,OKUNO Kohei,MF,8,兵庫県,176,68,20000403,ガンバ大阪Ｊｒユース-ガンバ大阪ユース-ガンバ大阪-湘南ベルマーレ-ガンバ大阪-湘南ベルマーレ,141,0,51,20170910,明治安田J3第22節,Ｇ大23,沼津,吹田Ｓ,20191104,明治安田J3第29節,Ｇ大23,相模原,パナスタ,1,73818,73818
249,Ｊ１百年構想,135,福岡,1618870,松岡　大起,MATSUOKA Daiki,MF,88,,,,,,0,0,0,,,,,,,,,,,0,26946,26946
249,Ｊ１百年構想,135,福岡,1627404,見木　友哉,MIKI Tomoya,MF,11,神奈川県,172,67,19980328,ＦＣ湘南辻堂-湘南ベルマーレジュニア-横浜ＦＣ鶴見Ｊｒユース-横河武蔵野ＦＣユース-関東学院大-ジェフユナイテッド千葉-東京ヴェルディ,66,165,0,20190707,明治安田J2第21節,千葉,徳島,鳴門大塚,20190818,明治安田J2第28節,千葉,大宮,ＮＡＣＫ,1,727362,727362
249,Ｊ１百年構想,135,福岡,1641497,重見　柾斗,SHIGEMI Masato,MF,6,大分県,171,64,20010920,大分中-大分高-福岡大,65,0,0,20230503,明治安田J1第11節,福岡,FC東京,ベススタ,20240630,明治安田J1第21節,福岡,FC東京,味スタ,1,645478,645478
249,Ｊ１百年構想,135,福岡,1651798,武本　匠平,TAKEMOTO Shohei,MF,52,福岡県,176,72,20080526,西高宮ＦＣ-アビスパ福岡Ｕ－１５,0,0,0,,,,,,,,,,,1,,
249,Ｊ１百年構想,135,福岡,1651799,前田　陽輝,MAEDA Hikaru,MF,53,福岡県,171,71,20081025,美和台ＪＳＣ-ＣＡグランロッサ,1,0,0,20251206,明治安田J1第38節,福岡,名古屋,豊田ス,,,,,,1,1009780,896753
249,Ｊ１百年構想,135,福岡,1653372,前田　快,MAEDA Kokoro,MF,55,京都府,177,71,20040701,京都葵ＦＣ-京都サンガF.C.Ｕ－１５-大手前高松高-神奈川大在学中,0,0,0,,,,,,,,,,,1,1048447,
249,Ｊ１百年構想,135,福岡,1654120,福島　和毅,FUKUSHIMA Kazuki,MF,46,鹿児島県,162,61,20070427,ＦＣトリンブル-神村学園中-神村学園高,0,0,0,,,,,,,,,,,1,1067258,
249,Ｊ１百年構想,135,福岡,500345,城後　寿,JOGO Hisashi,FW,10,福岡県,183,77,19860416,南ＦＣトータスジュニア-ヴァレンティアＦＣＪｒユース-国見高,117,371,0,20060402,J1第6節,福岡,京都,西京極,20060429,J1第10節,福岡,鹿島,カシマ,1,,
249,Ｊ１百年構想,135,福岡,1630138,藤本　一輝,FUJIMOTO Kazuki,FW,22,福岡県,180,70,19980729,油山カメリアＦＣ-サガン鳥栖Ｕ－１５-藤枝明誠高-鹿屋体育大-大分トリニータ-ＦＣ町田ゼルビア,82,62,0,20200718,明治安田J1第5節,大分,Ｇ大阪,パナスタ,20220430,明治安田J2第13節,大分,千葉,フクアリ,1,790105,790105
249,Ｊ１百年構想,135,福岡,1633865,鶴野　怜樹,TSURUNO Reiju,FW,28,熊本県,168,62,20010126,立正大淞南高-福岡大-アビスパ福岡-愛媛ＦＣ,29,22,0,20230319,明治安田J1第5節,福岡,湘南,ベススタ,20230429,明治安田J1第10節,福岡,川崎Ｆ,ベススタ,1,606587,606587
249,Ｊ１百年構想,135,福岡,1636787,道脇　豊,MICHIWAKI Yutaka,FW,27,熊本県,190,78,20060405,太陽ＳＣ-ロアッソ熊本Ｊｒユース-ロアッソ熊本ユース-ロアッソ熊本-ベフェレン／ベルギー-ロアッソ熊本,0,27,0,20230219,明治安田J2第1節,熊本,栃木,カンセキ,20240414,明治安田J2第10節,熊本,甲府,えがおＳ,1,798107,
249,Ｊ１百年構想,135,福岡,1637297,ナッシム　ベン　カリファ,NASSIM BEN KHALIFA,FW,13,スイス,184,80,19920113,グラスホッパー　チューリッヒ／スイス-ヴォルフスブルク／ドイツ-１．ＦＣニュルンベルク／ドイツ-ヴォルフスブルク／ドイツ-ＢＳＣヤングボーイズ／スイス-ヴォルフスブルク／ドイツ-グラスホッパー　チューリッヒ／スイス-ヴォルフスブルク／ドイツ-グラスホッパー　チューリッヒ／スイス-エスキシェヒルスポル／トルコ-ＫＶメヘレン／ベルギー-エスキシェヒルスポル／トルコ-ＦＣローザンヌ　スポルト／スイス-ＦＣザンクト　ガレン／スイス-グラスホッパー　チューリッヒ／スイス-エスペランス　スポルティーブ　ドゥ　チュニス／チュニジア-サンフレッチェ広島,66,0,0,20220429,明治安田J1第10節,広島,清水,アイスタ,20220521,明治安田J1第14節,広島,京都,Ｅスタ,1,7862,7862
249,Ｊ１百年構想,135,福岡,1641374,前田　一翔,MAEDA Ichika,FW,49,福岡県,175,76,20060616,ＺＹＧ　ＦＣ-ルーヴェン福岡-アビスパ福岡Ｕ－１８-アビスパ福岡-カターレ富山,1,0,0,20250524,明治安田J1第18節,福岡,Ｃ大阪,ヨドコウ,,,,,,1,903512,896169
249,Ｊ１百年構想,135,福岡,1641620,北浜　琉星,KITAHAMA Ryusei,FW,57,福岡県,180,75,20040715,長住ＳＳＣ-アビスパ福岡Ｕ－１５-アビスパ福岡Ｕ－１８-中央大在学中,0,0,0,,,,,,,,,,,1,,
249,Ｊ１百年構想,135,福岡,1644286,碓井　聖生,USUI Shosei,FW,7,富山県,183,75,20010720,ＦＣひがしＪｒユース-富山第一高-中京大-カターレ富山,11,16,42,20230819,明治安田J3第23節,富山,福島,とうスタ,20240225,明治安田J3第1節,富山,YS横浜,ニッパツ,1,929147,815582
249,Ｊ１百年構想,135,福岡,1646310,シャハブ　ザヘディ,SHAHAB ZAHEDI,FW,9,イラン,187,78,19950818,ペルセポリスＦＣ／イラン-マシン　サーズィー／イラン-ペルセポリスＦＣ／イラン-ＩＢウェストマンナエイヤ／アイスランド-水原三星ブルーウィングス／大韓民国-オリンピク　ドネツィク／ウクライナ-ゾリャ　ルハンスク／ウクライナ-プスカシュ　アカデーミアＦＣ／ハンガリー-ゾリャ　ルハンスク／ウクライナ-ペルセポリスＦＣ／イラン-ゾリャ　ルハンスク／ウクライナ,52,0,0,20240316,明治安田J1第4節,福岡,FC東京,ベススタ,20240330,明治安田J1第5節,福岡,浦和,埼玉,1,29564,29564
249,Ｊ１百年構想,135,福岡,1650538,サニブラウン　ハナン,SANI BROWN Hanan,FW,32,東京都,187,80,20060703,江東ＦＲＩＲＮＤＬＹＦＣ-ソルティーロ千葉-アビスパ福岡Ｕ－１８,3,0,0,20250927,明治安田J1第32節,福岡,広島,ベススタ,20250927,明治安田J1第32節,福岡,広島,ベススタ,1,1028067,896170
249,Ｊ１百年構想,135,福岡,1651493,佐藤　颯之介,SATO Sonosuke,FW,18,宮崎県,175,70,20030706,セントラルＦＣ宮崎ジュニア-セントラルＦＣ宮崎Ｊｒユース-鵬翔高-宮崎産業経営大,7,0,0,20250429,明治安田J1第13節,福岡,湘南,レモンＳ,,,,,,1,1005459,896518
249,Ｊ１百年構想,30531,長崎,1501611,波多野　豪,HATANO Go,GK,13,東京都,198,100,19980525,武蔵村山１ＦＣ-ＦＣ東京Ｕ－１５むさし-ＦＣ東京Ｕ－１８-ＦＣ東京-Ｖ・ファーレン長崎-ＦＣ東京,62,42,51,20160529,明治安田J3第11節,Ｆ東23,長野,南長野,,,,,,1,254429,254429
249,Ｊ１百年構想,30531,長崎,1604772,後藤　雅明,GOTO Masaaki,GK,1,埼玉県,191,83,19940524,小手指サッカースポーツ少年団-プレジールＳＣ入間-國學院久我山高-早稲田大-湘南ベルマーレ-ツエーゲン金沢-湘南ベルマーレ-ツエーゲン金沢-モンテディオ山形,3,193,0,20190303,明治安田J2第2節,金沢,岡山,Ｃスタ,,,,,,1,727014,727014
249,Ｊ１百年構想,30531,長崎,1632217,井岡　海都,IOKA Kaito,GK,26,千葉県,186,79,19980427,ＨＡＭＡＮＯ　ＪＦＣ-千葉ＳＣ　Ｕ－１５-市立船橋高-仙台大-ベガルタ仙台-ガイナーレ鳥取,0,0,8,20230304,明治安田J3第1節,鳥取,相模原,ギオンス,,,,,,1,,
249,Ｊ１百年構想,30531,長崎,1641387,ルカ　ラドティッチ,LUKA RADOTIC,GK,30,セルビア,199,93,20000717,Ａｐｐｏｌｏｎ４／セルビア-ＦＫチュカリチュキ／セルビア-ＳＫスラヴィアプラハ／チェコ-ＦＫシンジェリッチ　ベオグラード／セルビア-ＦＫリエパーヤ／ラトビア-ＯＦＫベオグラード／セルビア-Ｖ・ファーレン長崎-ブラウブリッツ秋田,0,1,0,20250301,明治安田J2第3節,秋田,藤枝,藤枝サ,,,,,,1,64782,64782
249,Ｊ１百年構想,30531,長崎,1100205,櫛引　一紀,KUSHIBIKI Kazuki,DF,25,北海道,182,82,19930212,富岸ジュニアキッカーズサッカー少年団-登別緑陽中-室蘭大谷高-北海道コンサドーレ札幌-名古屋グランパス-北海道コンサドーレ札幌-名古屋グランパス-大宮アルディージャ-名古屋グランパス-サンフレッチェ広島-大宮アルディージャ,34,286,0,20110521,J2第13節,札幌,鳥栖,ベアスタ,20140726,J2第23節,札幌,愛媛,ニンスタ,1,727058,727058
249,Ｊ１百年構想,30531,長崎,1300886,エドゥアルド,EDUARDO,DF,4,ブラジル,184,84,19930427,リオ　クラロ　Ｕ－２０／ブラジル-メトロポリターノＳＰ／ブラジル-ＦＣルステナウ／オーストリア-オーストリアルステナウ／オーストリア-ガイナーレ鳥取-栃木ＳＣ-柏レイソル-川崎フロンターレ-柏レイソル-川崎フロンターレ-松本山雅ＦＣ-サガン鳥栖-横浜Ｆ・マリノス,218,46,0,20130727,J2第26節,鳥取,札幌,札幌ド,20130915,J2第33節,鳥取,愛媛,とりスタ,1,152949,152949
249,Ｊ１百年構想,30531,長崎,1400644,新井　一耀,ARAI Ikki,DF,29,千葉県,186,81,19931108,市川真間ＳＣ-フッチＳＣ-清水商高-順天堂大-横浜Ｆ・マリノス-名古屋グランパス-横浜Ｆ・マリノス-名古屋グランパス-ジェフユナイテッド千葉-名古屋グランパス-ジェフユナイテッド千葉,19,192,0,20160430,明治安田J1 1st第9節,横浜FM,湘南,日産ス,20170816,明治安田J2第28節,名古屋,町田,町田,1,790065,790065
249,Ｊ１百年構想,30531,長崎,1500448,進藤　亮佑,SHINDO Ryosuke,DF,50,北海道,183,74,19960607,ＳＳＳ札幌-ＳＳＳＪｒユース-コンサドーレ札幌Ｕ－１８-北海道コンサドーレ札幌-セレッソ大阪,171,23,14,20150329,明治安田J3第3節,J-22,琉球,沖縄県陸,20150809,明治安田J3第25節,J-22,YS横浜,ニッパツ,1,26840,26840
249,Ｊ１百年構想,30531,長崎,1503694,米田　隼也,YONEDA Shunya,DF,23,福岡県,175,72,19951105,中井サッカー少年団-ＦＣ　ＮＥＯ-静岡学園高-順天堂大,16,210,0,20180331,明治安田J1第5節,長崎,仙台,ユアスタ,20180801,明治安田J1第19節,長崎,札幌,トラスタ,1,727059,727059
249,Ｊ１百年構想,30531,長崎,1607375,江川　湧清,EGAWA Yusei,DF,6,長崎県,175,67,20001024,深江ＦＣ-ＦＣＫマリーゴールド熊本-Ｖ・ファーレン長崎Ｕ－１８-Ｖ・ファーレン長崎-ガンバ大阪,17,97,0,20200923,明治安田J2第21節,長崎,町田,Ｇスタ,20210717,明治安田J2第23節,長崎,北九州,トラスタ,1,606601,606601
249,Ｊ１百年構想,30531,長崎,1623040,高畑　奎汰,TAKAHATA Keita,DF,17,大分県,176,68,20000916,大分トリニータＵ－１５-大分トリニータＵ－１８-大分トリニータ-ガイナーレ鳥取-大分トリニータ-ジュビロ磐田,30,70,12,20190302,明治安田J1第2節,大分,松本,昭和電ド,20191110,明治安田J3第30節,鳥取,Ｃ大23,ヤンマー,1,26925,26925
249,Ｊ１百年構想,30531,長崎,1624296,照山　颯人,TERUYAMA Hayato,DF,48,千葉県,184,75,20000828,柏レイソルＡ．Ａ．ＴＯＲ’８２-柏レイソルＵ－１５-成立学園高-ベガルタ仙台-アスルクラロ沼津-ベガルタ仙台-ＦＣ今治-ベガルタ仙台-ＦＣ今治-いわきＦＣ,9,56,67,20200912,明治安田J3第15節,沼津,鳥取,Ａｘｉｓ,20220730,明治安田J3第19節,今治,福島,とうスタ,1,813848,815326
249,Ｊ１百年構想,30531,長崎,1630145,関口　正大,SEKIGUCHI Masahiro,DF,3,新潟県,172,66,19980421,クラブ　エフスリー-ＦＣ五十嵐Ｊｒユース-新潟明訓高-法政大-ヴァンフォーレ甲府,0,167,0,20200729,明治安田J2第8節,甲府,水戸,Ｋｓスタ,20210523,明治安田J2第15節,甲府,水戸,Ｋｓスタ,1,727007,727007
249,Ｊ１百年構想,30531,長崎,1639132,佐々木　奈琉,SASAKI Naru,DF,37,石川県,170,62,20030713,川北ＦＣジュニア-ビークス石川ＳＣ-帝京長岡高-早稲田大,0,0,0,,,,,,,,,,,1,,
249,Ｊ１百年構想,30531,長崎,1651269,田所　莉旺,TADOKORO Rio,DF,38,,,,,,0,0,0,,,,,,,,,,,0,1066160,896178
249,Ｊ１百年構想,30531,長崎,1655870,ノ　ヒョンジュン,ROH Hyeong Jun,DF,45,大韓民国,180,79,20070719,京畿水原ワールドカップＦＣ　Ｕ１５／大韓民国-輔仁高／大韓民国,0,0,0,,,,,,,,,,,1,,
249,Ｊ１百年構想,30531,長崎,400761,山口　蛍,YAMAGUCHI Hotaru,MF,5,三重県,173,72,19901006,箕曲ＷＥＳＴＦＣ-セレッソ大阪Ｕ－１５-セレッソ大阪Ｕ－１８-セレッソ大阪-ハノーファー９６／ドイツ-セレッソ大阪-ヴィッセル神戸,359,90,0,20091018,J2第45節,Ｃ大阪,愛媛,長居,20110828,J1第24節,Ｃ大阪,浦和,長居,1,4331,4331
249,Ｊ１百年構想,30531,長崎,1400116,澤田　崇,SAWADA Takashi,MF,19,熊本県,170,63,19910526,熊本アクアＳＣ-菊陽中-大津高-中央大-ロアッソ熊本-清水エスパルス,41,304,0,20140309,J2第2節,熊本,松本,うまスタ,20140322,J2第4節,熊本,大分,うまスタ,1,727057,727057
249,Ｊ１百年構想,30531,長崎,1500418,岩崎　悠人,IWASAKI Yuto,MF,8,滋賀県,173,72,19980611,金城ＪＦＣ-ＪＦＡアカデミー福島Ｕ－１５-中央中-京都橘高-京都サンガF.C.-北海道コンサドーレ札幌-湘南ベルマーレ-北海道コンサドーレ札幌-ジェフユナイテッド千葉-北海道コンサドーレ札幌-サガン鳥栖-北海道コンサドーレ札幌-サガン鳥栖-アビスパ福岡,172,84,0,20170226,明治安田J2第1節,京都,山形,西京極,20170429,明治安田J2第10節,京都,大分,大銀ド,1,254393,254393
249,Ｊ１百年構想,30531,長崎,1503021,中村　慶太,NAKAMURA Keita,MF,20,千葉県,178,73,19930630,増穂ＦＣ-正木ＦＣ-アルティスタＦＣ-流通経済大付属柏高-流通経済大-ＡＣＢＢ／フランス-流通経済大-Ｖ・ファーレン長崎-清水エスパルス-柏レイソル,106,94,0,20160228,明治安田J2第1節,長崎,金沢,石川西部,20160626,明治安田J2第20節,長崎,愛媛,ニンスタ,1,26976,26976
249,Ｊ１百年構想,30531,長崎,1504389,名倉　巧,NAGURA Takumi,MF,14,東京都,168,61,19980603,ＦＣ．ＬＥＥＺＵ-ＦＣ東京Ｕ－１５深川-国学院久我山高-ＦＣ琉球-Ｖ・ファーレン長崎-ベガルタ仙台,3,126,22,20170401,明治安田J3第4節,琉球,Ｇ大23,沖縄県陸,20170401,明治安田J3第4節,琉球,Ｇ大23,沖縄県陸,1,727055,727055
249,Ｊ１百年構想,30531,長崎,1606084,山田　陸,YAMADA Riku,MF,24,東京都,175,77,19980415,横河武蔵野ＦＣジュニア-大宮アルディージャジュニア-大宮アルディージャＪｒユース-大宮アルディージャユース-大宮アルディージャ-グルージャ盛岡-大宮アルディージャ-ＡＣ長野パルセイロ-大宮アルディージャ-ヴァンフォーレ甲府-大宮アルディージャ-ヴァンフォーレ甲府-名古屋グランパス,6,150,44,20180311,明治安田J3第1節,盛岡,Ｇ大23,吹田Ｓ,20190310,明治安田J3第1節,長野,熊本,えがおＳ,1,606603,606603
249,Ｊ１百年構想,30531,長崎,1607170,翁長　聖,ONAGA Hijiri,MF,22,兵庫県,171,68,19950223,加古川神野ＳＣ　Ｕ－１２-神野ＳＣ-帝京第三高-中央大-Ｖ・ファーレン長崎-大宮アルディージャ-ＦＣ町田ゼルビア-東京ヴェルディ,95,218,0,20170226,明治安田J2第1節,長崎,群馬,トラスタ,20170318,明治安田J2第4節,長崎,金沢,トラスタ,1,798113,798113
249,Ｊ１百年構想,30531,長崎,1618765,マテウス　ジェズス,MATHEUS JESUS,MF,10,ブラジル,187,80,19970410,フラメンゴユース／ブラジル-ポンチ　プレッタＵ２０／ブラジル-ポンチ　プレッタ／ブラジル-エストリール／ポルトガル-サントス／ブラジル-ガンバ大阪-ポルティモネンセ／ポルトガル-オエステＦＣ／ブラジル-ＳＣ　コリンチャンス／ブラジル-レッドブル　ブラガンチーノ／ブラジル-ジュべントゥージ／ブラジル-クラブ　ナウチコ　カピバリべ／ブラジル-ＡＡポンチ　プレッタ／ブラジル,13,86,0,20180331,明治安田J1第5節,Ｇ大阪,FC東京,味スタ,20180429,明治安田J1第11節,Ｇ大阪,鳥栖,吹田Ｓ,1,16223,16223
249,Ｊ１百年構想,30531,長崎,1630134,長谷川　元希,HASEGAWA Motoki,MF,41,埼玉県,177,70,19981210,新座たけしのキッカーズ-大宮アルディージャＪｒユース-大宮アルディージャユース-法政大-ヴァンフォーレ甲府-アルビレックス新潟,71,117,0,20200729,明治安田J2第8節,甲府,水戸,Ｋｓスタ,20210417,明治安田J2第8節,甲府,松本,サンアル,1,727004,727004
249,Ｊ１百年構想,30531,長崎,1632395,ディエゴ　ピトゥカ,DIEGO PITUCA,MF,21,ブラジル,178,72,19920815,ブラジリスＦＣ／ブラジル-ＣＡグアスアーノ／ブラジル-ＳＥマトネンセ／ブラジル-ウニオンサンジョアンＥＣ／ブラジル-ボタフォゴＳＰ／ブラジル-サントスＦＣ／ブラジル-鹿島アントラーズ-サントスＦＣ／ブラジル,85,13,0,20210501,明治安田J1第12節,鹿島,横浜FC,ニッパツ,20210627,明治安田J1第20節,鹿島,札幌,カシマ,1,24827,24827
249,Ｊ１百年構想,30531,長崎,1636251,笠柳　翼,KASAYANAGI Tsubasa,MF,33,神奈川県,175,63,20030624,横浜ＦＣＪｒユース-ＦＣ川崎ＣＨＡＭＰ　Ｊｒユース-前橋育英高,0,80,0,20220326,明治安田J2第6節,長崎,金沢,トラスタ,20230422,明治安田J2第11節,長崎,秋田,トラスタ,1,727159,727159
249,Ｊ１百年構想,30531,長崎,1641590,鍋島　暖歩,NABESHIMA Harumu,MF,44,宮崎県,168,62,20040221,セントラルＦＣ宮崎-セントラルＦＣ宮崎Ｊｒユース-Ｖ・ファーレン長崎Ｕ－１８-東洋大,0,0,0,,,,,,,,,,,1,,
249,Ｊ１百年構想,30531,長崎,1648378,松本　天夢,MATSUMOTO Tenmu,MF,34,群馬県,169,59,20020928,妙義ジュニアサッカークラブ-高崎ＦＣ-高崎経済大附属高-新潟医療福祉大,0,29,0,20250406,明治安田J2第8節,長崎,今治,アシさと,20250503,明治安田J2第13節,長崎,愛媛,ピースタ,1,963811,892565
249,Ｊ１百年構想,30531,長崎,1650805,エメルソン,EMERSON,MF,16,ブラジル,174,69,19990727,ヴィラ　ノヴァＦＣ／ブラジル-ＮＫロコモティヴァ　ザグレブ／クロアチア-ヴィラ　ノヴァＦＣ／ブラジル-ＮＫロコモティヴァ　ザグレブ／クロアチア-ＦＫ　ＲＦＳ／ラトビア-ＮＫロコモティヴァ　ザグレブ／クロアチア-ＦＫ　ＲＦＳ／ラトビア,0,9,0,20250531,明治安田J2第18節,長崎,水戸,Ｋｓスタ,,,,,,1,32237,32237
249,Ｊ１百年構想,30531,長崎,1301036,山﨑　凌吾,YAMASAKI Ryogo,FW,18,岡山県,187,82,19920920,ヒーロ備前Ｊｒユース-玉野光南高-福岡大-サガン鳥栖-徳島ヴォルティス-サガン鳥栖-徳島ヴォルティス-湘南ベルマーレ-名古屋グランパス-京都サンガF.C.-セレッソ大阪,162,121,0,20150729,明治安田J1 2nd第5節,鳥栖,鹿島,ベアスタ,20160313,明治安田J2第3節,徳島,山形,鳴門大塚,1,73577,73577
249,Ｊ１百年構想,30531,長崎,1615895,七牟禮　蒼杜,NANAMURE Aoto,FW,28,,,,,,0,0,0,,,,,,,,,,,0,989797,892563
249,Ｊ１百年構想,30531,長崎,1632264,チアゴ　サンタナ,THIAGO SANTANA,FW,9,ブラジル,184,80,19930204,サンカルロスＦＣ／ブラジル-カシアス　ド　スル／ブラジル-サンカルロスＦＣ／ブラジル-ヘルマン　アイヒンガー／ブラジル-サンカルロスＦＣ／ブラジル-フィゲイレンセＦＣ／ブラジル-サンカルロスＦＣ／ブラジル-ナウチコ／ブラジル-サンカルロスＦＣ／ブラジル-ヴィトーリアＦＣ／ポルトガル-サンカルロスＦＣ／ブラジル-ＣＤサンタクララ／ポルトガル-サンカルロスＦＣ／ブラジル-ＣＤサンタクララ／ポルトガル-清水エスパルス-浦和レッズ,119,38,0,20210227,明治安田J1第1節,清水,鹿島,カシマ,20210227,明治安田J1第1節,清水,鹿島,カシマ,1,16123,16123
249,Ｊ１百年構想,30531,長崎,1639124,洪　怜鎭,KOU Reijin,FW,39,東京都,176,73,20030826,三菱養和ＳＣ巣鴨ジュニア-三菱養和ＳＣ巣鴨Ｊｒユース-三菱養和ＳＣユース-法政大,0,0,0,,,,,,,,,,,1,,
249,Ｊ１百年構想,30531,長崎,1641147,ジョップ　セリンサリウ,DIOP Serignesaliou,FW,32,,,,,,0,0,0,,,,,,,,,,,0,,896357
249,Ｊ１百年構想,30531,長崎,1656010,ノーマン　キャンベル,NORMAN CAMPBELL,FW,11,ジャマイカ,175,71,19991124,ハーバー　ビューＦＣ／ジャマイカ-ＲＦＫグラフィチャル　ベオグラード／セルビア-ハーバー　ビューＦＣ／ジャマイカ-ＦＫチュカリチュキ／セルビア-ＦＫヤヴォル　イヴァニツァ／セルビア-ＦＫヴォイヴォディナ　ノヴィ　サド／セルビア-ラナースＦＣ／デンマーク,0,0,0,,,,,,,,,,,1,64398,
250,Ｊ２・Ｊ３百年構想,276,札幌,4520,菅野　孝憲,SUGENO Takanori,GK,1,埼玉県,179,75,19840503,ヴェルディＪｒユース-東京ヴェルディ１９６９ユース-横浜ＦＣ-柏レイソル-京都サンガF.C.-北海道コンサドーレ札幌-京都サンガF.C.-北海道コンサドーレ札幌-京都サンガF.C.,376,272,0,20030618,J2第18節,横浜FC,湘南,平塚,20040710,J2第22節,横浜FC,鳥栖,三ツ沢,1,254435,254435
250,Ｊ２・Ｊ３百年構想,276,札幌,604916,高木　駿,TAKAGI Shun,GK,51,神奈川県,181,76,19890522,本町ＳＣ-ヴェルディジュニア-ヴェルディＪｒユース-東京ヴェルディ１９６９ユース-明治大-川崎フロンターレ-ジェフユナイテッド千葉-川崎フロンターレ-ジェフユナイテッド千葉-川崎フロンターレ-大分トリニータ,86,136,0,20140928,J2第34節,千葉,東京Ｖ,フクアリ,,,,,,1,743303,743303
250,Ｊ２・Ｊ３百年構想,276,札幌,1630133,田川　知樹,TAGAWA Tomoki,GK,24,大阪府,180,78,20020918,大阪市ジュネッスＦＣ-興国高-横浜Ｆ・マリノス-カターレ富山-横浜Ｆ・マリノス-カターレ富山-横浜Ｆ・マリノス-カターレ富山-横浜Ｆ・マリノス,0,35,69,20230305,明治安田J3第1節,富山,YS横浜,ニッパツ,,,,,,1,929138,815573
250,Ｊ２・Ｊ３百年構想,276,札幌,1651452,唯野　鶴眞,TADANO Kakuma,GK,41,北海道,193,90,20070528,北海道コンサドーレ札幌Ｕ－１２-北海道コンサドーレ札幌Ｕ－１５-北海道コンサドーレ札幌Ｕ－１８,0,0,0,,,,,,,,,,,1,,
250,Ｊ２・Ｊ３百年構想,276,札幌,1100154,福森　晃斗,FUKUMORI Akito,DF,5,神奈川県,183,81,19921216,ＦＣ高谷０４-村岡中-桐光学園高-川崎フロンターレ-コンサドーレ札幌-川崎フロンターレ-北海道コンサドーレ札幌-川崎フロンターレ-北海道コンサドーレ札幌-横浜ＦＣ-北海道コンサドーレ札幌-横浜ＦＣ,261,116,0,20110723,J1第6節,川崎Ｆ,新潟,東北電ス,20141102,J1第31節,川崎Ｆ,清水,等々力,1,26829,26829
250,Ｊ２・Ｊ３百年構想,276,札幌,1600178,大﨑　玲央,OSAKI Leo,DF,25,東京都,187,82,19910807,横浜Ｆ・マリノスプライマリー-横浜Ｆ・マリノスＪｒユース-横浜ＦＣユース-桐蔭横浜大-レイルホークス／アメリカ合衆国-横浜ＦＣ-徳島ヴォルティス-ヴィッセル神戸-エミレーツ　クラブ／アラブ首長国連邦,146,92,0,20160320,明治安田J2第4節,横浜FC,山口,ニッパツ,20160608,明治安田J2第17節,横浜FC,水戸,ニッパツ,1,26030,26030
250,Ｊ２・Ｊ３百年構想,276,札幌,1607761,パク　ミンギュ,PAK Mingyu,DF,3,大韓民国,177,67,19950810,ＦＣソウル／大韓民国-大田ハナシチズン／大韓民国-水原ＦＣ／大韓民国-釜山アイパーク／大韓民国-水原ＦＣ／大韓民国-金泉尚武ＦＣ／大韓民国-水原ＦＣ／大韓民国,14,20,0,20240807,明治安田J1第25節,札幌,横浜FM,日産ス,20250823,明治安田J2第27節,札幌,甲府,ＪＩＴス,1,163812,163812
250,Ｊ２・Ｊ３百年構想,276,札幌,1618850,中村　桐耶,NAKAMURA Toya,DF,4,北海道,186,78,20000723,コンサドーレ札幌Ｕ－１２-ＡＳＣ北海道-北海道コンサドーレ札幌Ｕ－１８-北海道コンサドーレ札幌-Ｈｏｎｄａ　ＦＣ-北海道コンサドーレ札幌-Ｈｏｎｄａ　ＦＣ,78,19,0,20220507,明治安田J1第12節,札幌,京都,札幌ド,20230610,明治安田J1第17節,札幌,鳥栖,駅スタ,1,254511,254511
250,Ｊ２・Ｊ３百年構想,276,札幌,1619988,髙尾　瑠,TAKAO Ryu,DF,2,愛知県,181,67,19961109,Ａ．Ｆ．Ｃ．Ａｇｕｉ-名古屋グランパス名古屋-名古屋グランパスＵ１５-名古屋グランパスＵ１８-関西学院大-ガンバ大阪,135,35,8,20190310,明治安田J3第1節,Ｇ大23,八戸,パナスタ,20201122,明治安田J1第28節,Ｇ大阪,浦和,埼玉,1,26871,26871
250,Ｊ２・Ｊ３百年構想,276,札幌,1624846,浦上　仁騎,URAKAMI Niki,DF,50,茨城県,178,76,19961111,ＲＪＣ古河四小サッカー少年団-古河ＳＳ-大宮アルディージャＪｒユース-大宮アルディージャユース-東洋大-ＡＣ長野パルセイロ-ヴァンフォーレ甲府-ＲＢ大宮アルディージャ,0,124,87,20190310,明治安田J3第1節,長野,熊本,えがおＳ,20210912,明治安田J2第29節,甲府,群馬,正田スタ,1,727390,727390
250,Ｊ２・Ｊ３百年構想,276,札幌,1632425,西野　奨太,NISHINO Shota,DF,47,北海道,181,79,20040528,北海道コンサドーレ札幌Ｕ－１２-北海道コンサドーレ札幌Ｕ－１５-北海道コンサドーレ札幌Ｕ－１８-北海道コンサドーレ札幌-カマタマーレ讃岐,5,30,13,20211127,明治安田J1第37節,札幌,柏,札幌ド,,,,,,1,639297,639297
250,Ｊ２・Ｊ３百年構想,276,札幌,1633171,家泉　怜依,IEIZUMI Rei,DF,15,香川県,185,85,20000120,太陽ＳＣ-古高松ＦＣ-小倉南ＦＣ-ＦＣ　ＤＩＡＭＯ-藤井学園寒川高-流通経済大-いわきＦＣ,12,65,33,20220313,明治安田J3第1節,いわき,鹿児島,白波スタ,20220813,明治安田J3第20節,いわき,八戸,プラスタ,1,798278,798278
250,Ｊ２・Ｊ３百年構想,276,札幌,1635495,内田　瑞己,UCHIDA Mizuki,DF,17,神奈川県,170,71,19990911,湘南ベルマーレジュニア-湘南ベルマーレＵ－１５平塚-平塚学園高-国士舘大-カマタマーレ讃岐-ＦＣ町田ゼルビア-カマタマーレ讃岐-ＦＣ町田ゼルビア-カマタマーレ讃岐-ＦＣ町田ゼルビア,0,0,99,20220313,明治安田J3第1節,讃岐,松本,ピカスタ,20221023,明治安田J3第30節,讃岐,相模原,ピカスタ,1,798180,798180
250,Ｊ２・Ｊ３百年構想,276,札幌,1641018,岡田　大和,OKADA Yamato,DF,28,島根県,180,78,20010617,サンフレッチェくにびきＦＣ-米子北高-福岡大-北海道コンサドーレ札幌-ロアッソ熊本,2,4,0,20240629,明治安田J1第21節,札幌,新潟,札幌ド,,,,,,1,726790,726790
250,Ｊ２・Ｊ３百年構想,276,札幌,1644148,梅津　龍之介,UMETSU Ryunosuke,DF,55,福島県,182,75,20040630,鹿島アントラーズＪｒユース-鹿島アントラーズユース-法政大在学中,0,0,0,,,,,,,,,,,1,1066846,
250,Ｊ２・Ｊ３百年構想,276,札幌,1648355,川原　颯斗,KAWAHARA Hayato,DF,39,北海道,175,67,20031002,ＬＩＶ　ＦＣ-北海道コンサドーレ札幌Ｕ－１５-北海道コンサドーレ札幌Ｕ－１８-国士舘大,0,0,0,,,,,,,,,,,1,1045825,
250,Ｊ２・Ｊ３百年構想,276,札幌,1652406,大澤　忠臣,OSAWA Tadaomi,DF,62,北海道,180,75,20090228,Ａｒｅａｒｅａ　ＦＣ-北海道コンサドーレ札幌Ｕ－１５,0,0,0,,,,,,,,,,,1,,
250,Ｊ２・Ｊ３百年構想,276,札幌,1652407,徳差　優利,TOKUSASHI Yuri,DF,37,北海道,174,69,20081002,北海道コンサドーレ釧路Ｕ－１２-北海道コンサドーレ札幌Ｕ－１５,0,0,0,,,,,,,,,,,1,1067213,
250,Ｊ２・Ｊ３百年構想,276,札幌,800224,宮澤　裕樹,MIYAZAWA Hiroki,MF,10,北海道,182,76,19890628,室蘭大沢ＦＣ-室蘭鶴ケ崎中-室蘭大谷高,251,264,0,20080503,J1第10節,札幌,京都,西京極,20080517,J1第13節,札幌,名古屋,札幌ド,1,26838,26838
250,Ｊ２・Ｊ３百年構想,276,札幌,1000380,堀米　勇輝,HORIGOME Yuki,MF,13,山梨県,168,63,19921213,大里ＳＳＳ-ヴァンフォーレ甲府Ｊｒユース-ヴァンフォーレ甲府Ｕ－１８-ヴァンフォーレ甲府-ロアッソ熊本-ヴァンフォーレ甲府-愛媛ＦＣ-ヴァンフォーレ甲府-京都サンガF.C.-ヴァンフォーレ甲府-ジェフユナイテッド千葉-モンテディオ山形-ジェフユナイテッド千葉-サガン鳥栖-愛媛ＦＣ-サガン鳥栖,114,238,0,20110305,J1第1節,甲府,磐田,中銀スタ,20120812,J2第28節,甲府,水戸,中銀スタ,1,254405,254405
250,Ｊ２・Ｊ３百年構想,276,札幌,1000661,荒野　拓馬,ARANO Takuma,MF,27,北海道,180,76,19930420,札幌ＦＣ-コンサドーレ札幌Ｕ－１５-コンサドーレ札幌Ｕ－１８,227,131,0,20101024,J2第31節,札幌,富山,富山,20130707,J2第23節,札幌,福岡,札幌厚別,1,26839,26839
250,Ｊ２・Ｊ３百年構想,276,札幌,1300024,堀米　悠斗,HORIGOME Yuto,MF,31,北海道,168,67,19940909,コンサドーレ札幌Ｕ－１２-コンサドーレ札幌Ｕ－１５-コンサドーレ札幌Ｕ－１８-コンサドーレ札幌-福島ユナイテッドＦＣ-北海道コンサドーレ札幌-アルビレックス新潟,90,220,18,20130331,J2第6節,札幌,Ｇ大阪,札幌ド,20151123,明治安田J2第42節,札幌,栃木,札幌ド,1,606992,606992
250,Ｊ２・Ｊ３百年構想,276,札幌,1400057,青木　亮太,AOKI Ryota,MF,11,東京都,174,72,19960306,東京ヴェルディＪｒユース-流通経済大付属柏高-名古屋グランパス-大宮アルディージャ-名古屋グランパス,134,68,7,20140323,J3第3節,J-22,盛岡,盛岡南,20170625,明治安田J2第20節,名古屋,長崎,パロ瑞穂,1,254438,254438
250,Ｊ２・Ｊ３百年構想,276,札幌,1503019,長谷川　竜也,HASEGAWA Tatsuya,MF,16,静岡県,164,60,19940307,門池ＳＳＳ-静岡学園中-静岡学園高-順天堂大-川崎フロンターレ-横浜ＦＣ-東京ヴェルディ-横浜ＦＣ,128,74,0,20160813,明治安田J1 2nd第8節,川崎Ｆ,鳥栖,ベアスタ,20161103,明治安田J1 2nd第17節,川崎Ｆ,Ｇ大阪,等々力,1,26898,26898
250,Ｊ２・Ｊ３百年構想,276,札幌,1601674,スパチョーク,SUPACHOK,MF,7,タイ,169,66,19980522,ブリーラム　ユナイテッドＦＣ／タイ-スリン　シティＦＣ／タイ-ブリーラム　ユナイテッドＦＣ／タイ-北海道コンサドーレ札幌-ブリーラム　ユナイテッドＦＣ／タイ,50,31,0,20220807,明治安田J1第24節,札幌,湘南,レモンＳ,20230513,明治安田J1第13節,札幌,湘南,レモンＳ,1,164445,164445
250,Ｊ２・Ｊ３百年構想,276,札幌,1629901,木戸　柊摩,KIDO Shuma,MF,18,北海道,170,63,20030102,ＣＡＳＣＡＶＥＬ　ＳＡＰＰＯＲＯ　Ｕ－１２-北海道コンサドーレ札幌Ｕ－１５-北海道コンサドーレ札幌Ｕ－１８-大阪体育大,0,22,0,20250216,明治安田J2第1節,札幌,大分,クラド,,,,,,1,624838,624838
250,Ｊ２・Ｊ３百年構想,276,札幌,1632974,田中　宏武,TANAKA Hiromu,MF,30,群馬県,174,68,19990415,前橋ＳＣ-桐生第一高-立正大-北海道コンサドーレ札幌-藤枝ＭＹＦＣ,9,22,0,20220525,明治安田J1第15節,札幌,柏,札幌ド,,,,,,1,254526,254526
250,Ｊ２・Ｊ３百年構想,276,札幌,1635330,田中　克幸,TANAKA Katsuyuki,MF,14,岡山県,175,70,20020315,ＦＣヴィパルテＵ－１５-帝京長岡高-明治大,17,22,0,20240224,明治安田J1第1節,札幌,福岡,ベススタ,20240810,明治安田J1第26節,札幌,福岡,プレド,1,811969,811969
250,Ｊ２・Ｊ３百年構想,276,札幌,1646098,原　康介,HARA Kosuke,MF,35,愛知県,170,65,20050803,Ｎａｇｏｙａ　Ｖｉｄａ　ＦＣ-名東クラブＪｒユース-名古屋高,12,15,0,20240302,明治安田J1第2節,札幌,鳥栖,駅スタ,20240316,明治安田J1第4節,札幌,町田,札幌ド,1,812809,812809
250,Ｊ２・Ｊ３百年構想,276,札幌,1651483,多田　蒼生,TADA Aoi,MF,63,北海道,179,71,20081225,北海道コンサドーレ札幌Ｕ－１２-北海道コンサドーレ札幌Ｕ－１５,0,0,0,,,,,,,,,,,1,,
250,Ｊ２・Ｊ３百年構想,276,札幌,1656015,ティラパット,TEERAPAT,MF,19,タイ,175,65,20070217,ＰＴＴ　Ａｃａｄｅｍｙ／タイ-アサンプション　カレッジ　シラチャ／タイ-ＢＧパトゥム　ユナイテッドＦＣ／タイ,0,0,0,,,,,,,,,,,1,1031085,
250,Ｊ２・Ｊ３百年構想,276,札幌,1656857,笹原　悠,SASAHARA Yu,MF,36,北海道,172,67,20080920,トロンコ旭川ＦＣ　Ｕ－１２-北海道コンサドーレ旭川Ｕ－１５,0,0,0,,,,,,,,,,,1,,
250,Ｊ２・Ｊ３百年構想,276,札幌,1656858,渋谷　優里,SHIBUYA Suguri,MF,38,北海道,171,67,20081209,北海道コンサドーレ室蘭Ｕ－１２-北海道コンサドーレ室蘭Ｕ－１５,0,0,0,,,,,,,,,,,1,,
250,Ｊ２・Ｊ３百年構想,276,札幌,1608815,白井　陽斗,SHIRAI Haruto,FW,71,大阪府,172,63,19991023,ガンバ大阪門真Ｊｒユース-ガンバ大阪ユース-ガンバ大阪-ファジアーノ岡山-ＦＣ琉球,11,50,133,20170312,明治安田J3第1節,Ｇ大23,鳥取,吹田Ｓ,20171007,明治安田J3第26節,Ｇ大23,Ｃ大23,ヤンマー,1,850623,815898
250,Ｊ２・Ｊ３百年構想,276,札幌,1629902,佐藤　陽成,SATO Yosei,FW,40,北海道,170,64,20030903,稚内ジュニアイレブン-稚内南中-北海道コンサドーレ札幌Ｕ－１５-北海道コンサドーレ札幌Ｕ－１８-大阪体育大,0,1,0,20250823,明治安田J2第27節,札幌,甲府,ＪＩＴス,,,,,,1,1024238,896352
250,Ｊ２・Ｊ３百年構想,276,札幌,1632766,大森　真吾,OMORI Shingo,FW,23,福岡県,181,77,20010209,小倉南ＦＣＪｒユース-東福岡高-順天堂大-北海道コンサドーレ札幌-ギラヴァンツ北九州-北海道コンサドーレ札幌-モンテディオ山形,12,4,7,20230826,明治安田J1第25節,札幌,川崎Ｆ,等々力,20231125,明治安田J1第33節,札幌,FC東京,味スタ,1,743304,743304
250,Ｊ２・Ｊ３百年構想,276,札幌,1648398,アマドゥ　バカヨコ,AMADOU BAKAYOKO,FW,20,シエラレオネ,190,80,19960101,コヴェントリー　シティ／イングランド-ボルトン　ワンダラーズ／イングランド-フォレストグリーン　ローヴァーズＦＣ／イングランド-ダンディーＦＣ／スコットランド-フォレストグリーン　ローヴァーズＦＣ／イングランド,6,32,0,20240816,明治安田J1第27節,札幌,鳥栖,プレド,20240816,明治安田J1第27節,札幌,鳥栖,プレド,1,33091,33091
250,Ｊ２・Ｊ３百年構想,276,札幌,1648842,キングロード　サフォ,KINGLORD SAFO,FW,22,ガーナ,178,84,20020109,ＦＣヴィゼラ／ポルトガル-ＳＣプライエンセ／ポルトガル-レアルＳＣ／ポルトガル-ＳＣプライエンセ／ポルトガル,0,0,0,,,,,,,,,,,1,1020888,896140
250,Ｊ２・Ｊ３百年構想,276,札幌,1652452,マリオ　セルジオ,MARIO SERGIO,FW,9,ブラジル,181,75,19950902,バイーア／ブラジル-ボタフォゴＳＰ／ブラジル-ボタフォゴＰＢ／ブラジル-ヘモ／ブラジル-ボタフォゴＰＢ／ブラジル-フルミネンセＰＩ／ブラジル-ミラソウＦＣ／ブラジル-パイサンドゥＳＣ／ブラジル-ミラソウＦＣ／ブラジル-シャペコエンセ／ブラジル,0,15,0,20250621,明治安田J2第20節,札幌,藤枝,藤枝サ,20250628,明治安田J2第21節,札幌,熊本,プレド,1,809234,809234
250,Ｊ２・Ｊ３百年構想,31219,八戸,1300174,大西　勝俉,ONISHI Shogo,GK,13,大阪府,184,90,19900729,生野南ＦＣ-ＩＲＩＳ生野ＦＣ-近畿大附属高-近畿大-愛媛ＦＣ-アスルクラロ沼津-鹿児島ユナイテッドＦＣ,0,8,154,20140824,J2第28節,愛媛,水戸,Ｋｓスタ,,,,,,1,929050,815396
250,Ｊ２・Ｊ３百年構想,31219,八戸,1643202,谷口　裕介,TANIGUCHI Yusuke,GK,25,群馬県,185,81,19950811,前橋ＦＣ-横浜Ｆ・マリノスユース-城西国際大-Ｖｏｎｄｓ市原-ブリオベッカ浦安,0,0,28,20230527,明治安田J3第11節,八戸,FC大阪,花園,,,,,,1,929071,815417
250,Ｊ２・Ｊ３百年構想,31219,八戸,1655861,吉村　耕一,YOSHIMURA Koichi,GK,1,鹿児島県,187,81,20030620,鹿児島ユナイテッドＦＣ　Ｕ－１５-鹿児島ユナイテッドＦＣ　Ｕ－１８-金沢学院大,0,0,0,,,,,,,,,,,1,,
250,Ｊ２・Ｊ３百年構想,31219,八戸,1624395,雪江　悠人,YUKIE Hiroto,DF,11,埼玉県,175,75,19960609,三郷ＪｒユースＦＣ-修徳高-立正大-福島ユナイテッドＦＣ,0,0,205,20190317,明治安田J3第2節,福島,富山,富山,20191019,明治安田J3第27節,福島,秋田,Ｊスタ,1,1016415,815403
250,Ｊ２・Ｊ３百年構想,31219,八戸,1629452,稲積　大介,INAZUMI Daisuke,DF,5,兵庫県,172,68,19970508,山田ＳＳＤ-ヴィッセル神戸Ｕ－１５-滝川二高-日本体育大-藤枝ＭＹＦＣ-高知ユナイテッドＳＣ,0,0,123,20200704,明治安田J3第2節,藤枝,相模原,藤枝サ,20200822,明治安田J3第11節,藤枝,長野,長野Ｕ,1,929064,815410
250,Ｊ２・Ｊ３百年構想,31219,八戸,1635451,白井　陽貴,SHIRAI Haruki,DF,41,栃木県,182,77,20001005,ＦＣエルマーノ那須-矢板中央高-法政大-Ｖ・ファーレン長崎-いわきＦＣ-Ｖ・ファーレン長崎,0,36,0,20220903,明治安田J2第34節,長崎,千葉,フクアリ,20220906,明治安田J2第32節,長崎,金沢,石川西部,1,798064,798064
250,Ｊ２・Ｊ３百年構想,31219,八戸,1637626,平松　航,HIRAMATSU Wataru,DF,2,徳島県,182,74,20000509,上八万ＳＣ-プルミエール徳島ＳＣ-ジュビロ磐田Ｕ－１８-立正大-栃木ＳＣ,0,61,29,20220921,明治安田J2第33節,栃木,長崎,トラスタ,20240622,明治安田J2第21節,栃木,千葉,カンセキ,1,790056,790056
250,Ｊ２・Ｊ３百年構想,31219,八戸,1640625,速水　修平,HAYAMI Shuhei,DF,15,静岡県,182,78,20001111,島田第一サッカースポーツ少年団-ジュビロＳＳ掛川-ジュビロ磐田Ｕ－１８-常葉大-いわきＦＣ,0,19,0,20230312,明治安田J2第4節,いわき,仙台,ユアスタ,,,,,,1,798272,798272
250,Ｊ２・Ｊ３百年構想,31219,八戸,1644968,本多　康太郎,HONDA Kotaro,DF,22,神奈川県,188,82,20060520,三保小ＳＣ-湘南ベルマーレＵ－１５平塚-湘南ベルマーレＵ－１８-湘南ベルマーレ,0,0,0,,,,,,,,,,,1,,
250,Ｊ２・Ｊ３百年構想,31219,八戸,1646003,澤田　雄大,SAWADA Yudai,DF,3,東京都,182,78,19990417,潤徳ガルーダＦＣ-ＦＣ多摩-國學院久我山高-東京学芸大-ソニー仙台ＦＣ-奈良クラブ,0,0,48,20240303,明治安田J3第2節,奈良,長野,ロートＦ,,,,,,1,929045,815391
250,Ｊ２・Ｊ３百年構想,31219,八戸,1655860,鈴木　慎之介,SUZUKI Shinnosuke,DF,4,埼玉県,180,76,20030507,大宮アルディージャＵ１２-大宮アルディージャＵ１５-米子北高-関西学院大,0,0,0,,,,,,,,,,,1,1052806,
250,Ｊ２・Ｊ３百年構想,31219,八戸,1618082,佐藤　祐太,SATO Yuta,MF,17,神奈川県,170,64,19950513,ＦＣ８０洋光台-バディーＳＣ-横浜Ｆ・マリノスＪｒユース-前橋育英高-専修大-Ｙ．Ｓ．Ｃ．Ｃ．横浜-ＡＣ長野パルセイロ-ＦＣ琉球,0,0,195,20190310,明治安田J3第1節,YS横浜,鳥取,ニッパツ,20191104,明治安田J3第29節,YS横浜,沼津,ニッパツ,1,929011,815841
250,Ｊ２・Ｊ３百年構想,31219,八戸,1625562,鵜木　郁哉,UNOKI Fumiya,MF,6,神奈川県,168,66,20010704,ＦＣ佐倉-柏レイソルＵ－１２-柏レイソルＵ－１５-柏レイソルＵ－１８-柏レイソル-水戸ホーリーホック-柏レイソル-水戸ホーリーホック-柏レイソル-いわきＦＣ-柏レイソル,18,51,0,20200913,明治安田J1第16節,柏,鳥栖,駅スタ,20230709,明治安田J2第25節,水戸,いわき,いわきＧ,1,254529,254529
250,Ｊ２・Ｊ３百年構想,31219,八戸,1629494,音泉　翔眞,OTOIZUMI Shoma,MF,8,千葉県,174,74,19960707,稲荷木ＳＳＣ-ヴィヴァイオ船橋Ｓ．ＣＪｒユース-関東第一高-東京国際大-東京２３ＦＣ-Ｙ．Ｓ．Ｃ．Ｃ．横浜-カターレ富山-水戸ホーリーホック-ＡＣ長野パルセイロ-水戸ホーリーホック,0,2,163,20200627,明治安田J3第1節,YS横浜,相模原,ギオンス,20200919,明治安田J3第16節,YS横浜,鹿児島,白波スタ,1,929063,815409
250,Ｊ２・Ｊ３百年構想,31219,八戸,1630023,佐藤　碧,SATO Aoi,MF,7,大分県,171,63,19970925,大分高-桃山学院大-ソニー仙台ＦＣ,0,0,124,20220327,明治安田J3第3節,八戸,藤枝,プラスタ,20220515,明治安田J3第9節,八戸,北九州,プラスタ,1,929067,815413
250,Ｊ２・Ｊ３百年構想,31219,八戸,1635364,高橋　耕平,TAKAHASHI Kohei,MF,26,北海道,172,70,19990920,伊達東サッカー少年団-ＦＣ伊達サッカー少年団-伊達中-北海道大谷室蘭高-札幌大-ＡＣ長野パルセイロ,0,0,43,20211017,明治安田J3第23節,長野,藤枝,長野Ｕ,20231029,明治安田J3第33節,長野,沼津,長野Ｕ,1,929224,815786
250,Ｊ２・Ｊ３百年構想,31219,八戸,1635382,鏑木　瑞生,KABURAKI Mizuki,MF,16,千葉県,173,69,20000528,ペガサスＪＦＣ-ドラゴンズ柏ＳＣ-クラブドラゴンズ柏-前橋育英高-拓殖大-いわきＦＣ-ヴァンラーレ八戸-いわきＦＣ,0,12,36,20230218,明治安田J2第1節,いわき,藤枝,いわきＧ,,,,,,1,798281,798281
250,Ｊ２・Ｊ３百年構想,31219,八戸,1635467,高吉　正真,TAKAYOSHI Shoma,MF,34,神奈川県,176,70,20000825,四谷ＦＣ-川崎フロンターレＵ－１５-川崎フロンターレＵ－１８-桐蔭横浜大-ギラヴァンツ北九州,0,0,76,20230305,明治安田J3第1節,北九州,岐阜,ミクスタ,20241116,明治安田J3第37節,北九州,長野,ミクスタ,1,929403,815443
250,Ｊ２・Ｊ３百年構想,31219,八戸,1636412,脇坂　崚平,WAKIZAKA Ryohei,MF,14,神奈川県,174,67,19981227,ＦＣ本郷-エスペランサＪｒユース-湘南工科大附属高-新潟医療福祉大-Ｙ．Ｓ．Ｃ．Ｃ．横浜,0,0,64,20220312,明治安田J3第1節,YS横浜,岐阜,ニッパツ,20221120,明治安田J3第34節,YS横浜,いわき,Ｊスタ,1,929172,815608
250,Ｊ２・Ｊ３百年構想,31219,八戸,1640488,永田　一真,NAGATA Kazuma,MF,80,岡山県,174,72,20000426,城東台ＦＣ-ヒーロ備前ジュニア-岡山学芸館高-福岡大-テゲバジャーロ宮崎,0,0,107,20230305,明治安田J3第1節,宮崎,長野,ユニスタ,20230416,明治安田J3第7節,宮崎,鹿児島,白波スタ,1,929069,815415
250,Ｊ２・Ｊ３百年構想,31219,八戸,1643580,田中　翼冴,TANAKA Tsubasa,MF,28,埼玉県,170,68,20070718,大宮アルディージャＵ１５-大宮アルディージャＵ１８-ソルティーロ千葉Ｕ１８,0,0,0,,,,,,,,,,,1,1052805,
250,Ｊ２・Ｊ３百年構想,31219,八戸,1652497,栗澤　陸,KURISAWA Riku,MF,24,岩手県,168,61,20030731,ＦＣ釜石Ｕ－１２-ヴェルディＳＳ岩手Ｕ－１５-遠野中-遠野高-八戸学院大,0,0,3,20251108,明治安田J3第35節,八戸,奈良,ロートＦ,,,,,,1,1016416,904546
250,Ｊ２・Ｊ３百年構想,31219,八戸,1400653,澤上　竜二,SAWAKAMI Ryuji,FW,10,奈良県,181,77,19931008,三和スポーツ少年団-桜ＦＣ-飛龍高-大阪体育大-セレッソ大阪-ＦＣ今治-セレッソ大阪-ＳＣ相模原-セレッソ大阪-ガイナーレ鳥取-セレッソ大阪-ガイナーレ鳥取-セレッソ大阪-福島ユナイテッドＦＣ-セレッソ大阪-福島ユナイテッドＦＣ,14,38,189,20160312,明治安田J2第3節,Ｃ大阪,群馬,金鳥スタ,20160710,明治安田J3第16節,Ｃ大23,Ｇ大23,金鳥スタ,1,929313,815475
250,Ｊ２・Ｊ３百年構想,31219,八戸,1604865,中野　誠也,NAKANO Seiya,FW,99,静岡県,173,69,19950723,ジュビロ磐田Ｕ－１５-ジュビロ磐田Ｕ－１８-筑波大-ジュビロ磐田-ファジアーノ岡山-ジュビロ磐田-大宮アルディージャ-アスルクラロ沼津-大宮アルディージャ-ヴァンラーレ八戸-ＲＢ大宮アルディージャ,10,137,50,20180401,明治安田J1第5節,磐田,浦和,エコパ,20180805,明治安田J1第20節,磐田,仙台,ヤマハ,1,798079,798079
250,Ｊ２・Ｊ３百年構想,31219,八戸,1625673,イスマイラ,ISMAILA,FW,90,ナイジェリア,188,76,19980804,ロイヤル　フットボールアカデミー／ナイジェリア-ゲートウェイＦＣ／ナイジェリア-バリガ　プロフェッショナルＦＣ／ナイジェリア-サークル　デ　ヨアヒム／モーリシャス-福島ユナイテッドＦＣ-京都サンガF.C.-ＦＣシェリフ　ティラスポリ／モルドバ-京都サンガF.C.-栃木ＳＣ-京都サンガF.C.-栃木ＳＣ-ＳＣ相模原-ベカメックス　ホーチミン　シティＦＣ／ベトナム,10,48,74,20190428,明治安田J3第7節,福島,八戸,ダイスタ,20190519,明治安田J3第9節,福島,長野,とうスタ,1,255018,255018
250,Ｊ２・Ｊ３百年構想,31219,八戸,1636262,髙尾　流星,TAKAO Ryusei,FW,9,宮崎県,180,74,20031120,ヴェントノーバＦＣ宮崎Ｕ－１２-ヴェントノーバＦＣ宮崎Ｕ－１５-飯塚高-ガイナーレ鳥取,0,0,52,20220416,明治安田J3第6節,鳥取,鹿児島,白波スタ,20220730,明治安田J3第19節,鳥取,岐阜,Ａｘｉｓ,1,929244,815521
250,Ｊ２・Ｊ３百年構想,31219,八戸,1650554,井波　勇太,INAMI Yuta,FW,30,北海道,175,72,20020829,北海道コンサドーレ札幌Ｕ－１５-北海高-札幌大,0,0,30,20250223,明治安田J3第2節,八戸,岐阜,長良川,20250309,明治安田J3第4節,八戸,相模原,プラスタ,1,1000800,896239
250,Ｊ２・Ｊ３百年構想,238,仙台,700722,林　彰洋,HAYASHI Akihiro,GK,33,東京都,195,92,19870507,柏レイソル青梅Ｊｒユース-流通経済大付属柏高-流通経済大-プリマスアーガイルＦＣ／イングランド-ＲＯＣシャルルロワ／ベルギー-清水エスパルス-サガン鳥栖-清水エスパルス-サガン鳥栖-ＦＣ東京,259,109,0,20120310,J1第1節,清水,名古屋,豊田ス,,,,,,1,394025,394025
250,Ｊ２・Ｊ３百年構想,238,仙台,1201101,松澤　香輝,MATSUZAWA Koki,GK,29,神奈川県,183,82,19920403,城北アスカＦＣ-東京ヴェルディ１９６９ジュニア-東京ヴェルディ１９６９Ｊｒユース-流通経済大付属柏高-早稲田大-ヴィッセル神戸-徳島ヴォルティス-ベガルタ仙台-徳島ヴォルティス,0,2,0,20220323,明治安田J2第6節,徳島,秋田,鳴門大塚,,,,,,1,789906,
250,Ｊ２・Ｊ３百年構想,238,仙台,1607369,堀田　大暉,HOTTA Daiki,GK,1,宮城県,183,81,19941005,ベガルタ仙台Ｊｒユース-ベガルタ仙台ユース-東海大-福島ユナイテッドＦＣ-湘南ベルマーレ-ツエーゲン金沢-湘南ベルマーレ-ファジアーノ岡山-湘南ベルマーレ-ファジアーノ岡山,0,63,59,20180311,明治安田J3第1節,福島,群馬,とうスタ,,,,,,1,727142,727142
250,Ｊ２・Ｊ３百年構想,238,仙台,1630159,髙橋　一平,TAKAHASHI Ippei,GK,41,秋田県,191,87,20031002,四ツ小屋サッカースポーツ少年団-ブラウブリッツ秋田Ｕ－１５-ヴィッセル神戸Ｕ－１８-桐蔭横浜大,0,0,0,,,,,,,,,,,1,1045817,
250,Ｊ２・Ｊ３百年構想,238,仙台,1651347,渡邊　航聖,WATANABE Kosei,GK,38,青森県,180,72,20080626,青森ＦＣ-ベガルタ仙台Ｊｒユース,0,0,0,,,,,,,,,,,1,,
250,Ｊ２・Ｊ３百年構想,238,仙台,1600138,韓　浩康,HAN Ho Gang,DF,55,京都府,186,80,19930918,京都朝鮮中級学校-京都朝鮮高級学校-朝鮮大学校-モンテディオ山形-ブラウブリッツ秋田-モンテディオ山形-ブラウブリッツ秋田-モンテディオ山形-ブラウブリッツ秋田-横浜ＦＣ-全南ドラゴンズ／大韓民国-水原三星ブルーウィングス／大韓民国,24,0,93,20160731,明治安田J3第19節,秋田,藤枝,Ａ‐スタ,20191117,明治安田J3第31節,秋田,Ｇ大23,ソユスタ,1,1045816,
250,Ｊ２・Ｊ３百年構想,238,仙台,1600204,奥山　政幸,OKUYAMA Masayuki,DF,3,愛知県,173,70,19930728,名古屋グランパスＵ１５-名古屋グランパスＵ１８-早稲田大-レノファ山口ＦＣ-ＦＣ町田ゼルビア-ベガルタ仙台-ＦＣ町田ゼルビア,4,299,0,20160409,明治安田J2第7節,山口,熊本,うまスタ,20200909,明治安田J2第18節,町田,金沢,石川西部,1,798119,798119
250,Ｊ２・Ｊ３百年構想,238,仙台,1629411,菅田　真啓,SUGATA Masahiro,DF,5,奈良県,183,77,19970628,葛城当麻ＦＣ-白鳳中-国見高-福岡大-ロアッソ熊本,0,151,47,20200830,明治安田J3第12節,熊本,沼津,愛鷹,20211010,明治安田J3第22節,熊本,八戸,プラスタ,1,789905,789905
250,Ｊ２・Ｊ３百年構想,238,仙台,1635488,五十嵐　聖己,IGARASHI Sena,DF,2,福島県,177,75,20020413,桑野サッカースポーツ少年団-ラッセル郡山ＦＣ-尚志高-桐蔭横浜大-いわきＦＣ,0,72,0,20240317,明治安田J2第4節,いわき,熊本,えがおＳ,20250810,明治安田J2第25節,いわき,磐田,ハワスタ,1,814392,894428
250,Ｊ２・Ｊ３百年構想,238,仙台,1638867,髙田　椋汰,TAKADA Ryota,DF,22,宮崎県,174,72,20000610,太陽延岡ＳＣ-日章学園中-日章学園高-阪南大-ブラウブリッツ秋田,0,90,0,20220813,明治安田J2第31節,秋田,岩手,いわスタ,20240506,明治安田J2第14節,仙台,鹿児島,白波スタ,1,789888,789888
250,Ｊ２・Ｊ３百年構想,238,仙台,1639140,マテウス　モラエス,MATEUS MORAES,DF,19,ブラジル,188,80,20010306,ＥＣヴィトーリア／ブラジル-横浜ＦＣ-ＥＣヴィトーリア／ブラジル,17,20,0,20221023,明治安田J2第42節,横浜FC,熊本,えがおＳ,,,,,,1,639542,639542
250,Ｊ２・Ｊ３百年構想,238,仙台,1640472,井上　詩音,INOUE Shion,DF,44,宮城県,184,77,20000425,守山ＦＣ-Ｎａｇｏｙａ　Ｓ．Ｓ．-名古屋グランパスＵ－１８-専修大-ヴァンフォーレ甲府-名古屋グランパス,2,66,0,20230225,明治安田J2第2節,甲府,徳島,ＪＩＴス,20230319,明治安田J2第5節,甲府,岡山,Ｃスタ,1,727006,727006
250,Ｊ２・Ｊ３百年構想,238,仙台,1643557,石井　隼太,ISHII Hayata,DF,42,東京都,173,70,20010706,みなみサッカークラブ-ＦＣ東京Ｕ－１５むさし-帝京高-城西国際大-水戸ホーリーホック,0,31,0,20230624,明治安田J2第22節,水戸,町田,Ｋｓスタ,,,,,,1,798056,798056
250,Ｊ２・Ｊ３百年構想,238,仙台,1652413,永井　大義,NAGAI Taiga,DF,24,宮城県,185,78,20071119,Ｓ．Ｆ．Ｃ．ジェラーレジュニア-Ｓ．Ｆ．Ｃ．ジェラーレＪｒユース-ベガルタ仙台ユース,0,0,0,,,,,,,,,,,1,,
250,Ｊ２・Ｊ３百年構想,238,仙台,1618666,工藤　蒼生,KUDO Aoi,MF,17,宮城県,168,66,20000531,北六サッカースポーツ少年団-ベガルタ仙台ジュニア-ベガルタ仙台Ｊｒユース-ベガルタ仙台ユース-阪南大,0,41,0,20240225,明治安田J2第1節,仙台,大分,レゾド,20241019,明治安田J2第35節,仙台,横浜FC,ユアスタ,1,798075,798075
250,Ｊ２・Ｊ３百年構想,238,仙台,1627554,相良　竜之介,SAGARA Ryunosuke,MF,14,佐賀県,172,67,20020817,サガン鳥栖Ｕ－１５-サガン鳥栖Ｕ－１８-サガン鳥栖-ベガルタ仙台-サガン鳥栖,17,78,0,20201125,明治安田J1第29節,鳥栖,仙台,駅スタ,20201129,明治安田J1第30節,鳥栖,Ｇ大阪,パナスタ,1,254547,254547
250,Ｊ２・Ｊ３百年構想,238,仙台,1627746,有田　恵人,ARITA Keito,MF,23,大阪府,171,61,20020124,川崎フロンターレＵ－１２-川崎フロンターレＵ－１５-川崎フロンターレＵ－１８-中央大,0,13,0,20240302,明治安田J2第2節,仙台,長崎,トラスタ,,,,,,1,813830,815349
250,Ｊ２・Ｊ３百年構想,238,仙台,1629404,武田　英寿,TAKEDA Hidetoshi,MF,8,宮城県,178,68,20010915,なかのＦＣ-ベガルタ仙台ジュニア-なかのＦＣ-青森山田中-青森山田高-浦和レッズ-ＦＣ琉球-浦和レッズ-大宮アルディージャ-浦和レッズ-水戸ホーリーホック-浦和レッズ,25,118,0,20201212,明治安田J1第32節,浦和,湘南,埼玉,20210809,明治安田J2第24節,琉球,北九州,ミクスタ,1,727175,727175
250,Ｊ２・Ｊ３百年構想,238,仙台,1629439,鎌田　大夢,KAMADA Hiromu,MF,10,愛媛県,168,60,20010623,キッズＦＣ-ＪＦＡアカデミー福島Ｕ－１５-ＪＦＡアカデミー福島Ｕ－１８-昌平高-福島ユナイテッドＦＣ,0,106,53,20200711,明治安田J3第3節,福島,岩手,とうスタ,20201220,明治安田J3第34節,福島,讃岐,ピカスタ,1,789898,789898
250,Ｊ２・Ｊ３百年構想,238,仙台,1630063,岩渕　弘人,IWABUCHI Hiroto,MF,27,岩手県,177,73,19970917,萩荘ＳＣ-萩荘中-遠野高-仙台大-いわきＦＣ-ファジアーノ岡山,32,54,31,20220313,明治安田J3第1節,いわき,鹿児島,白波スタ,20220403,明治安田J3第4節,いわき,富山,いわきＧ,1,798290,798290
250,Ｊ２・Ｊ３百年構想,238,仙台,1632419,松井　蓮之,MATSUI Renji,MF,6,福島県,178,73,20000227,アルテーロＦＣいわき-リベルダード磐城-矢板中央高-法政大-川崎フロンターレ-ＦＣ町田ゼルビア-川崎フロンターレ-ベガルタ仙台-川崎フロンターレ,0,75,0,20230611,明治安田J2第20節,町田,長崎,Ｇスタ,20230923,明治安田J2第36節,町田,長崎,トラスタ,1,151563,151563
250,Ｊ２・Ｊ３百年構想,238,仙台,1641538,湯谷　杏吏,YUTANI Azuri,MF,4,大阪府,180,75,20020708,サンフレッチェ広島ジュニア-サンフレッチェ広島Ｊｒユース-興國高-中央大,0,0,0,,,,,,,,,,,1,1029660,896354
250,Ｊ２・Ｊ３百年構想,238,仙台,1645028,杉山　耀建,SUGIYAMA Yota,MF,37,埼玉県,174,68,20031108,ＥＣ　ＦＵＪＩＭＩＮＯ-大宮アルディージャＵ１２-ＥＣ　ＪＯＧＡＤＯＲ-狭山ヶ丘高-中央大,0,0,0,,,,,,,,,,,1,1045819,
250,Ｊ２・Ｊ３百年構想,238,仙台,1646180,横山　颯大,YOKOYAMA Sota,MF,26,北海道,168,65,20060530,ＮＥＡＴＨ　ＦＣ-エスピーダ旭川-北海道コンサドーレ旭川Ｕ－１５-ベガルタ仙台ユース,0,0,0,,,,,,,,,,,1,978610,
250,Ｊ２・Ｊ３百年構想,238,仙台,1650539,南　創太,MINAMI Sota,MF,15,大分県,171,62,20060615,ブルーウィングＦＣ　Ｕ－１２-ブルーウィングＦＣ　Ｕ－１５-日章学園高,0,1,0,20251123,明治安田J2第37節,仙台,秋田,ソユスタ,,,,,,1,1014029,896163
250,Ｊ２・Ｊ３百年構想,238,仙台,1630142,梅木　翼,UMEKI Tsubasa,FW,18,島根県,183,75,19981124,出雲南ＦＣ-サンフレッチェくにびきＦＣ-立正大淞南高-福岡大-レノファ山口ＦＣ-ベガルタ仙台-ブラウブリッツ秋田,0,129,0,20200729,明治安田J2第8節,山口,長崎,みらスタ,20210509,明治安田J2第13節,山口,金沢,石川西部,1,727157,727157
250,Ｊ２・Ｊ３百年構想,238,仙台,1633277,荒木　駿太,ARAKI Shunta,FW,7,福岡県,170,66,19991024,勢門ウイングス-ルーヴェン福岡-長崎総合科学大附属高-駒澤大-サガン鳥栖-ＦＣ町田ゼルビア-サガン鳥栖-ＦＣ町田ゼルビア,35,78,0,20220306,明治安田J1第3節,鳥栖,名古屋,豊田ス,20230305,明治安田J2第3節,町田,金沢,石川西部,1,254560,254560
250,Ｊ２・Ｊ３百年構想,238,仙台,1633279,宮崎　鴻,MIYAZAKI Ko,FW,9,東京都,184,82,19990805,リトルインディアンズ少年ＳＣ-三菱養和ＳＣ巣鴨ジュニア-三菱養和ＳＣ巣鴨Ｊｒユース-前橋育英高-駒澤大-栃木ＳＣ,0,121,0,20220227,明治安田J2第2節,栃木,東京Ｖ,味スタ,20220730,明治安田J2第29節,栃木,徳島,カンセキ,1,790059,790059
250,Ｊ２・Ｊ３百年構想,238,仙台,1636964,小林　心,KOBAYASHI Kokoro,FW,11,新潟県,177,73,20000929,グランセナ新潟　Ｕ－１２-グランセナ新潟　Ｕ－１５-北越高-流通経済大-高知ユナイテッドＳＣ,0,15,13,20250216,明治安田J3第1節,高知,栃木SC,カンセキ,20250302,明治安田J3第3節,高知,FC大阪,春野陸,1,999893,896006
250,Ｊ２・Ｊ３百年構想,238,仙台,1645881,西丸　道人,NISHIMARU Minto,FW,30,鹿児島県,169,70,20050615,ＦＣ加治木-神村学園中-神村学園高-ベガルタ仙台-カマタマーレ讃岐,0,0,12,20250719,明治安田J3第21節,讃岐,高知,ピカスタ,,,,,,1,978609,896160
250,Ｊ２・Ｊ３百年構想,238,仙台,1649610,安野　匠,YASUNO Takumi,FW,40,神奈川県,174,65,20060408,ＦＣグランツ梅田-シュートＪｒユースＦＣ-帝京長岡高,0,6,0,20250330,明治安田J2第7節,仙台,富山,富山,,,,,,1,1002946,896164
250,Ｊ２・Ｊ３百年構想,238,仙台,1651456,中田　有祐,NAKADA Yu,FW,20,群馬県,190,86,20040605,ファナティコス-東京ヴェルディＪｒユース-ベガルタ仙台ユース-阪南大,0,12,0,20250615,明治安田J2第19節,仙台,山形,ＮＤスタ,,,,,,1,1014028,896355
250,Ｊ２・Ｊ３百年構想,238,仙台,1652412,古屋　歩夢,FURUYA Ayumu,FW,34,東京都,176,79,20070509,ＦＣ　ＣＯＬＯＲＳ-ＦＣ多摩Ｊｒユース-ベガルタ仙台ユース,0,0,0,,,,,,,,,,,1,1045820,
250,Ｊ２・Ｊ３百年構想,30310,秋田,1200591,山田　元気,YAMADA Genki,GK,1,岐阜県,187,84,19941216,ＦＣ　Ｘｅｂｅｃ　ジュニア-ＦＣ　Ｘｅｂｅｃ　Ｊｒユース-京都サンガF.C.Ｕ－１８-京都サンガF.C.-レノファ山口ＦＣ-京都サンガF.C.-レノファ山口ＦＣ-京都サンガF.C.-レノファ山口ＦＣ-カターレ富山-レノファ山口ＦＣ,0,120,34,20140309,J3第1節,J-22,琉球,沖縄県陸,,,,,,1,789892,789892
250,Ｊ２・Ｊ３百年構想,30310,秋田,1632253,矢田貝　壮貴,YATAGAI Soki,GK,23,大阪府,184,85,19980611,ＦＣ平野-京都橘高-大阪体育大-ＡＣ長野パルセイロ,0,0,18,20210314,明治安田J3第1節,長野,讃岐,ピカスタ,,,,,,1,849154,815367
250,Ｊ２・Ｊ３百年構想,30310,秋田,1643247,堀内　智葵,HORIUCHI Tomoki,GK,47,新潟県,184,82,20061217,浜浦コスモス-グランセナ新潟Ｊｒユース-ブラウブリッツ秋田Ｕ－１８,0,0,0,,,,,,,,,,,1,1016418,896087
250,Ｊ２・Ｊ３百年構想,30310,秋田,1401519,岡野　洵,OKANO Jun,DF,4,千葉県,187,83,19971209,こてはし台ＳＣ-ジェフユナイテッド千葉Ｕ－１５-ジェフユナイテッド千葉Ｕ－１８-ジェフユナイテッド千葉-大分トリニータ-ジェフユナイテッド千葉-大分トリニータ-ジェフユナイテッド千葉-ＦＣ町田ゼルビア-Ｖ・ファーレン長崎,4,112,0,20161016,明治安田J2第36節,千葉,松本,フクアリ,20221023,明治安田J2第42節,町田,新潟,デンカＳ,1,727061,727061
250,Ｊ２・Ｊ３百年構想,30310,秋田,1500472,岡﨑　亮平,OKAZAKI Ryohei,DF,2,神奈川県,185,78,19920425,荻野ＳＣ-湘南ベルマーレＪｒユース-湘南ベルマーレユース-中央大-湘南ベルマーレ-ロアッソ熊本-湘南ベルマーレ-ＦＣ琉球-栃木ＳＣ,1,146,0,20150628,明治安田J2第20節,熊本,讃岐,うまスタ,20250802,明治安田J2第24節,秋田,磐田,ヤマハ,1,790060,790060
250,Ｊ２・Ｊ３百年構想,30310,秋田,1500524,才藤　龍治,SAITO Ryuji,DF,13,東京都,177,73,19930312,渋谷東部ＪＦＣ-渋谷セントラルＳＣ-ＦＣトリプレッタ-成立学園高-東京国際大-ＦＣ琉球-カターレ富山-ＳＣ相模原,0,136,160,20150315,明治安田J3第1節,琉球,YS横浜,沖縄県陸,20150506,明治安田J3第10節,琉球,秋田,沖縄県陸,1,789884,789884
250,Ｊ２・Ｊ３百年構想,30310,秋田,1501890,長谷川　巧,HASEGAWA Takumi,DF,32,新潟県,179,71,19981006,東青山ＦＣジュニア-アルビレックス新潟Ｊｒユース-アルビレックス新潟Ｕ－１８-アルビレックス新潟-ザスパクサツ群馬-アルビレックス新潟-ツエーゲン金沢-アルビレックス新潟,16,95,3,20180825,明治安田J3第20節,群馬,Ｆ東23,味フィ西,20200726,明治安田J2第7節,金沢,群馬,正田スタ,1,649294,649294
250,Ｊ２・Ｊ３百年構想,30310,秋田,1627446,飯泉　涼矢,IIZUMI Ryoya,DF,3,東京都,181,80,19951228,八王子ＣＢＸＦＣ-ＦＣ杉野-三菱養和ＳＣユース-早稲田大-ＦＣ今治-ガイナーレ鳥取-水戸ホーリーホック-ブラウブリッツ秋田-水戸ホーリーホック,0,29,68,20200627,明治安田J3第1節,今治,岐阜,長良川,20250802,明治安田J2第24節,秋田,磐田,ヤマハ,1,813834,815323
250,Ｊ２・Ｊ３百年構想,30310,秋田,1630146,長井　一真,NAGAI Kazuma,DF,5,大阪府,180,77,19981102,大阪セントラルＦＣ-大阪セントラルＦＣＪｒユース-興国高-関西大-京都サンガF.C.-水戸ホーリーホック-ブラウブリッツ秋田-水戸ホーリーホック,10,90,0,20200628,明治安田J2第2節,京都,磐田,サンガＳ,20231022,明治安田J2第39節,水戸,群馬,Ｋｓスタ,1,255016,255016
250,Ｊ２・Ｊ３百年構想,30310,秋田,1632230,野々村　鷹人,NONOMURA Takato,DF,17,滋賀県,183,85,19980513,ＦＣ湖東-綾羽高-流通経済大-松本山雅ＦＣ,0,20,109,20210307,明治安田J2第2節,松本,京都,サンガＳ,20230528,明治安田J3第11節,松本,鹿児島,サンアル,1,929368,815752
250,Ｊ２・Ｊ３百年構想,30310,秋田,1632251,高橋　秀典,TAKAHASHI Hidenori,DF,22,千葉県,174,75,19980718,バディーＳＣ千葉-ウィングスＵ－１５-青森山田高-大阪体育大-レノファ山口ＦＣ-栃木ＳＣ-レノファ山口ＦＣ,0,43,33,20211024,明治安田J2第35節,山口,京都,サンガＳ,20250615,明治安田J3第16節,栃木SC,福島,とうスタ,1,727166,727166
250,Ｊ２・Ｊ３百年構想,30310,秋田,1635504,畑橋　拓輝,HATAHASHI Hiroki,DF,71,東京都,184,80,20020804,三菱養和ＳＣ調布Ｊｒユース-三菱養和ＳＣユース-国士舘大,0,15,0,20250315,明治安田J2第5節,秋田,札幌,ソユスタ,20250425,明治安田J2第11節,秋田,千葉,フクアリ,1,999868,896086
250,Ｊ２・Ｊ３百年構想,30310,秋田,1300056,中村　亮太,NAKAMURA Ryota,MF,9,愛知県,178,78,19910128,名古屋ＦＣＵ－１５-中京大付属中京高-中京大-松本山雅ＦＣ-ＦＣ大阪-松本山雅ＦＣ-アスルクラロ沼津,0,128,105,20131027,J2第38節,松本,福岡,松本,20170402,明治安田J3第4節,沼津,富山,富山,1,789895,789895
250,Ｊ２・Ｊ３百年構想,30310,秋田,1400296,水谷　拓磨,MIZUTANI Takuma,MF,7,静岡県,162,62,19960424,清水エスパルスＪｒユース-清水エスパルスユース-清水エスパルス-ＦＣ今治-清水エスパルス-ＡＣ長野パルセイロ,15,77,94,20140830,J1第22節,清水,鳥栖,ベアスタ,20201115,明治安田J3第27節,長野,讃岐,ピカスタ,1,798090,798090
250,Ｊ２・Ｊ３百年構想,30310,秋田,1500464,中野　嘉大,NAKANO Yoshihiro,MF,77,鹿児島県,176,66,19930224,パルティーダ鹿児島Ｕ－１２-パルティーダ鹿児島Ｕ－１５-佐賀東高-筑波大-川崎フロンターレ-ベガルタ仙台-川崎フロンターレ-ベガルタ仙台-北海道コンサドーレ札幌-サガン鳥栖-北海道コンサドーレ札幌-サガン鳥栖-湘南ベルマーレ-横浜ＦＣ-湘南ベルマーレ-横浜ＦＣ,154,35,0,20150822,明治安田J1 2nd第8節,川崎Ｆ,湘南,ＢＭＷス,20151004,明治安田J1 2nd第13節,川崎Ｆ,Ｇ大阪,等々力,1,26834,26834
250,Ｊ２・Ｊ３百年構想,30310,秋田,1607168,吉岡　雅和,YOSHIOKA Masakazu,MF,16,長崎県,163,59,19950309,ＦＣ雲仙エスティオールＵ－１２-ＦＣ雲仙エスティオールＵ－１５-長崎総合科学大附属高-駒澤大-Ｖ・ファーレン長崎-カターレ富山-Ｖ・ファーレン長崎-アビスパ福岡-レノファ山口ＦＣ,9,185,3,20170226,明治安田J2第1節,長崎,群馬,トラスタ,20171015,明治安田J2第37節,長崎,山口,トラスタ,1,727145,727145
250,Ｊ２・Ｊ３百年構想,30310,秋田,1607187,藤山　智史,FUJIYAMA Tomofumi,MF,25,三重県,168,66,19940423,ふたばサッカースポーツ少年団-伊賀ＦＣＪｒユース-四日市中央工高-鹿屋体育大-ブラウブリッツ秋田-ＡＣ長野パルセイロ,0,145,122,20170312,明治安田J3第1節,秋田,北九州,ミクスタ,20170319,明治安田J3第2節,秋田,Ｃ大23,金鳥スタ,1,789889,789889
250,Ｊ２・Ｊ３百年構想,30310,秋田,1611265,諸岡　裕人,MOROOKA Hiroto,MF,6,東京都,168,68,19970104,ＦＣトリプレッタＪｒユース-正智深谷高-国士舘大-福島ユナイテッドＦＣ,0,90,87,20190309,明治安田J3第1節,福島,藤枝,藤枝サ,20220723,明治安田J3第18節,福島,鳥取,とうスタ,1,798046,798046
250,Ｊ２・Ｊ３百年構想,30310,秋田,1611266,大石　竜平,OISHI Ryuhei,MF,14,静岡県,169,67,19970121,ジュビロ磐田Ｕ－１５-清水桜が丘高-国士舘大-ツエーゲン金沢,0,162,0,20190224,明治安田J2第1節,金沢,栃木,栃木グ,20190317,明治安田J2第4節,金沢,町田,石川西部,1,798306,798306
250,Ｊ２・Ｊ３百年構想,30310,秋田,1619231,石田　凌太郎,ISHIDA Ryotaro,MF,31,愛知県,176,72,20011213,名古屋グランパスＵ－１２-名古屋グランパスＵ－１５-名古屋グランパスＵ－１８-名古屋グランパス-徳島ヴォルティス-名古屋グランパス-栃木ＳＣ-名古屋グランパス-栃木ＳＣ-名古屋グランパス,19,73,0,20200801,明治安田J1第8節,名古屋,柏,豊田ス,20240324,明治安田J2第6節,栃木,大分,カンセキ,1,73576,73576
250,Ｊ２・Ｊ３百年構想,30310,秋田,1646530,土井　紅貴,DOI Koki,MF,66,千葉県,176,74,20020409,ＶＩＶＡＩＯ船橋-鹿島学園高-関東学院大-ヴァンラーレ八戸,0,8,22,20250223,明治安田J3第2節,八戸,岐阜,長良川,,,,,,1,1000799,896237
250,Ｊ２・Ｊ３百年構想,30310,秋田,1610941,佐藤　大樹,SATO Daiki,FW,10,北海道,178,75,19990423,クラブフィールズＵ－１２-コンサドーレ札幌Ｕ－１５-北海道コンサドーレ札幌Ｕ－１８-法政大-ＦＣ町田ゼルビア-Ｙ．Ｓ．Ｃ．Ｃ．横浜-ＦＣ町田ゼルビア-ブラウブリッツ秋田-ＦＣ町田ゼルビア,0,75,26,20210703,明治安田J2第21節,町田,栃木,栃木グ,20230701,明治安田J3第16節,YS横浜,宮崎,ユニスタ,1,815349,815368
250,Ｊ２・Ｊ３百年構想,30310,秋田,1620720,佐川　洸介,SAGAWA Kosuke,FW,11,埼玉県,187,90,20000511,江南南サッカー少年団-クマガヤＳＣ-セレッソ大阪Ｕ－１８-東京国際大-東京ヴェルディ-ザスパ群馬-東京ヴェルディ,0,82,0,20230312,明治安田J2第4節,東京Ｖ,徳島,鳴門大塚,20230813,明治安田J2第30節,東京Ｖ,秋田,ソユスタ,1,798302,798302
250,Ｊ２・Ｊ３百年構想,30310,秋田,1627186,鈴木　翔大,SUZUKI Shota,FW,34,千葉県,180,79,19930403,飯沼ＦＣ-鹿島アントラーズジュニア-鹿島アントラーズＪｒユース-日本航空高-神奈川大-ソニー仙台ＦＣ-いわきＦＣ-鹿児島ユナイテッドＦＣ,0,70,60,20220313,明治安田J3第1節,いわき,鹿児島,白波スタ,20220320,明治安田J3第2節,いわき,相模原,Ｊスタ,1,815482,815870
250,Ｊ２・Ｊ３百年構想,30310,秋田,1629999,梅田　魁人,UMEDA Kaito,FW,8,山口県,179,80,19970515,高川学園中-高川学園高-福岡大-テゲバジャーロ宮崎-水戸ホーリーホック,0,65,27,20210314,明治安田J3第1節,宮崎,岩手,ユニスタ,20210321,明治安田J3第2節,宮崎,長野,長野Ｕ,1,727183,727183
250,Ｊ２・Ｊ３百年構想,30310,秋田,1631674,半田　航也,HANDA Koya,FW,18,秋田県,180,75,19980927,ＦＣスティンガー-ブラウブリッツ秋田Ｕ－１５-ブラウブリッツ秋田Ｕ－１８-札幌大-ブラウブリッツ秋田-ヴェルスパ大分-ブラウブリッツ秋田-ガイナーレ鳥取,0,26,26,20201220,明治安田J3第34節,秋田,鹿児島,白波スタ,20220605,明治安田J2第20節,秋田,熊本,ソユスタ,1,815420,815366
250,Ｊ２・Ｊ３百年構想,30310,秋田,1645935,西村　真祈,NISHIMURA Masaki,FW,52,兵庫県,180,78,20011103,三樹平田ＳＣ-セレッソ大阪西Ｕ－１５-セレッソ大阪Ｕ－１８-関西大-ＦＣ大阪,0,0,50,20240309,明治安田J3第3節,FC大阪,金沢,ゴースタ,20240923,明治安田J3第29節,FC大阪,福島,花園,1,929442,815830
250,Ｊ２・Ｊ３百年構想,294,山形,1300047,渋谷　飛翔,SHIBUYA Tsubasa,GK,45,東京都,189,89,19950127,ミッキーＳＣ-ヴェルディＳＳレスチ-関東第一高-横浜ＦＣ-名古屋グランパス-ヴァンフォーレ甲府-横浜ＦＣ-モンテディオ山形-横浜ＦＣ,0,65,0,20131110,J2第40節,横浜FC,富山,富山,,,,,,1,73973,73973
250,Ｊ２・Ｊ３百年構想,294,山形,1500662,トーマス　ヒュワード　ベル,THOMAS HEWARD BELLE,GK,1,オーストラリア,190,81,19970311,セントラルコースト　マリナーズＦＣ／オーストラリア-シドニーＦＣ／オーストラリア-ウェスタンユナイテッド／オーストラリア,0,19,0,20250215,明治安田J2第1節,山形,大宮,ＮＡＣＫ,,,,,,1,51052,51052
250,Ｊ２・Ｊ３百年構想,294,山形,1503930,長谷川　洸,HASEGAWA Ko,GK,16,東京都,183,85,19950516,砧少年サッカーチーム-ＦＣトッカーノＵ－１５-東京ヴェルディユース-ヴェルディＳＳ相模原ユース-東京ヴェルディユース-日本体育大-東京ヴェルディ,0,8,0,20230422,明治安田J2第11節,山形,東京Ｖ,味スタ,,,,,,1,727017,727017
250,Ｊ２・Ｊ３百年構想,294,山形,1639135,上林　大誠,KAMBAYASHI Taisei,GK,32,山形県,184,79,20060221,モンテディオ山形Ｊｒユース庄内-モンテディオ山形ユース,0,0,0,,,,,,,,,,,1,799409,799409
250,Ｊ２・Ｊ３百年構想,294,山形,800196,山田　拓巳,YAMADA Takumi,DF,6,東京都,170,67,19891125,杉の子ＳＣ-三井千葉ＳＣ-市立船橋高,17,365,0,20091108,J1第31節,山形,鹿島,カシマ,20130317,J2第3節,山形,長崎,ＮＤスタ,1,727018,727018
250,Ｊ２・Ｊ３百年構想,294,山形,1604773,熊本　雄太,KUMAMOTO Yuta,DF,3,福岡県,186,83,19950718,川崎ＦＣ-東福岡高-早稲田大-モンテディオ山形-アビスパ福岡,5,179,0,20180311,明治安田J2第3節,山形,熊本,えがおＳ,20190324,明治安田J2第5節,山形,琉球,ＮＤスタ,1,254563,254563
250,Ｊ２・Ｊ３百年構想,294,山形,1605454,川井　歩,KAWAI Ayumu,DF,15,山口県,177,66,19990812,愛宕サッカースポーツ少年団-サンフレッチェ広島Ｊｒユース-サンフレッチェ広島ユース-サンフレッチェ広島-レノファ山口ＦＣ-サンフレッチェ広島-レノファ山口ＦＣ,0,197,0,20190407,明治安田J2第8節,山口,長崎,トラスタ,20190511,明治安田J2第13節,山口,大宮,みらスタ,1,727011,727011
250,Ｊ２・Ｊ３百年構想,294,山形,1621165,野嶽　寛也,NODAKE Hiroya,DF,13,鹿児島県,173,66,20001203,太陽ＳＣ-紫原中-鹿児島ユナイテッドＦＣ　Ｕ－１８-鹿児島ユナイテッドＦＣ,0,59,59,20180902,明治安田J3第21節,鹿児島,YS横浜,ニッパツ,20230826,明治安田J3第24節,鹿児島,北九州,ミクスタ,1,815477,815861
250,Ｊ２・Ｊ３百年構想,294,山形,1627038,相馬　丞,SOMA Jo,DF,29,山形県,182,76,20010615,ＳＦＣジェラーレ-モンテディオ山形Ｊｒユース村山-モンテディオ山形ユース-仙台大-モンテディオ山形-鹿児島ユナイテッドＦＣ,0,1,13,20240506,明治安田J2第14節,山形,山口,みらスタ,20250621,明治安田J3第17節,鹿児島,松本,サンアル,1,819589,892556
250,Ｊ２・Ｊ３百年構想,294,山形,1627495,西村　慧祐,NISHIMURA Keisuke,DF,4,東京都,187,81,19980219,柏イーグルスＴＯＲ８２-習志野高-専修大-大宮アルディージャ-モンテディオ山形-大宮アルディージャ,0,183,0,20200627,明治安田J2第2節,大宮,千葉,フクアリ,20200704,明治安田J2第3節,大宮,群馬,ＮＡＣＫ,1,727020,727020
250,Ｊ２・Ｊ３百年構想,294,山形,1632248,城和　隼颯,SHIROWA Hayate,DF,22,千葉県,187,88,19980825,ＦＣ八幡ビーバーズ-柏レイソルＵ－１５-柏レイソルＵ－１８-法政大-ザスパ群馬,0,124,0,20210228,明治安田J2第1節,群馬,秋田,正田スタ,20220326,明治安田J2第6節,群馬,新潟,デンカＳ,1,789863,789863
250,Ｊ２・Ｊ３百年構想,294,山形,1635237,イ　ドンヒ,LEE Dong Hee,DF,2,大韓民国,186,83,20000207,湖南大／大韓民国-蔚山現代ＦＣ／大韓民国-富川ＦＣ１９９５／大韓民国-浦項スティーラース／大韓民国,0,0,0,,,,,,,,,,,1,,
250,Ｊ２・Ｊ３百年構想,294,山形,1636265,岡本　一真,OKAMOTO Kazuma,DF,19,神奈川県,175,70,20030919,バディーＳＣ-横浜Ｆ・マリノスＪｒユース-前橋育英高-ザスパクサツ群馬,0,77,0,20220626,明治安田J2第23節,群馬,徳島,鳴門大塚,20230429,明治安田J2第12節,群馬,甲府,正田スタ,1,789861,789861
250,Ｊ２・Ｊ３百年構想,294,山形,1636287,坂本　稀吏也,SAKAMOTO Kiriya,DF,49,兵庫県,184,78,20030423,西宮ＳＳ-セレッソ大阪西Ｕ－１５-興國高-モンテディオ山形-サガン鳥栖-モンテディオ山形-ギラヴァンツ北九州,2,16,9,20220831,明治安田J2第8節,山形,岡山,ＮＤスタ,,,,,,1,606594,606594
250,Ｊ２・Ｊ３百年構想,294,山形,1100134,土居　聖真,DOI Shoma,MF,8,山形県,172,63,19920521,ＯＳＡフォルトナ山形ＦＣ-鹿島アントラーズＪｒユース-鹿島アントラーズユース-鹿島アントラーズ,332,48,0,20111126,J1第33節,鹿島,清水,カシマ,20130921,J1第26節,鹿島,磐田,ヤマハ,1,26876,26876
250,Ｊ２・Ｊ３百年構想,294,山形,1503453,國分　伸太郎,KOKUBU Shintaro,MF,25,岡山県,172,66,19940831,富山スポーツ少年団サッカー部-サンフレッチェびんごＪｒユース-大分トリニータＵ－１８-立命館大-大分トリニータ-ギラヴァンツ北九州-大分トリニータ-ギラヴァンツ北九州-大分トリニータ,0,232,29,20170318,明治安田J2第4節,大分,徳島,大銀ド,20190310,明治安田J3第1節,北九州,Ｆ東23,ミクスタ,1,727052,727052
250,Ｊ２・Ｊ３百年構想,294,山形,1603082,吉尾　海夏,YOSHIO Kaina,MF,20,兵庫県,169,66,19980628,Ｎ２ＳＣ-横浜Ｆ・マリノスプライマリー-横浜Ｆ・マリノスＪｒユース-横浜Ｆ・マリノスユース-横浜Ｆ・マリノス-ベガルタ仙台-横浜Ｆ・マリノス-ＦＣ町田ゼルビア-横浜Ｆ・マリノス-ＦＣ町田ゼルビア-横浜Ｆ・マリノス,43,84,0,20180318,明治安田J1第4節,横浜FM,浦和,埼玉,20190525,明治安田J1第13節,仙台,清水,アイスタ,1,152115,152115
250,Ｊ２・Ｊ３百年構想,294,山形,1605839,寺山　翼,TERAYAMA Tsubasa,MF,17,埼玉県,180,78,20000410,新座片山ＦＣ-ＦＣ東京Ｕ－１５むさし-ＦＣ東京Ｕ－１８-順天堂大-ＦＣ東京-サガン鳥栖-ＦＣ東京-モンテディオ山形-ＦＣ東京,19,15,15,20170826,明治安田J3第20節,Ｆ東23,YS横浜,味フィ西,20241103,明治安田J1第35節,鳥栖,町田,駅スタ,1,606623,606623
250,Ｊ２・Ｊ３百年構想,294,山形,1624295,田中　渉,TANAKA Wataru,MF,21,群馬県,169,65,20000923,ＦＣ尾島ジュニア-前橋ＳＣＪｒユース-桐生第一高-ベガルタ仙台-レノファ山口ＦＣ-ベガルタ仙台-レノファ山口ＦＣ-ベガルタ仙台-モンテディオ山形-鹿児島ユナイテッドＦＣ,8,138,0,20191207,明治安田J1第34節,仙台,広島,Ｅスタ,20211107,明治安田J2第38節,山口,大宮,ＮＡＣＫ,1,27024,27024
250,Ｊ２・Ｊ３百年構想,294,山形,1627189,中村　亮太朗,NAKAMURA Ryotaro,MF,7,新潟県,179,70,19970927,ブルーウイング新潟南-豊照サッカー少年団-グランセナ新潟Ｊｒユース-新潟明訓高-中央大-ヴァンフォーレ甲府-鹿島アントラーズ-ヴァンフォーレ甲府-鹿島アントラーズ-清水エスパルス-鹿島アントラーズ,15,129,0,20200704,明治安田J2第3節,甲府,松本,サンアル,20200819,明治安田J2第13節,甲府,愛媛,中銀スタ,1,254493,254493
250,Ｊ２・Ｊ３百年構想,294,山形,1629468,氣田　亮真,KIDA Ryoma,MF,10,千葉県,172,66,19970812,高柳ＦＣ-カナリーニョＦＣ-カナリーニョＦＣＪｒユース-ジェフユナイテッド千葉Ｕ－１８-専修大-Ｖ・ファーレン長崎-ベガルタ仙台,29,165,0,20200223,明治安田J2第1節,長崎,栃木,トラスタ,20201021,明治安田J2第28節,長崎,愛媛,ニンスタ,1,789899,789899
250,Ｊ２・Ｊ３百年構想,294,山形,1632259,柳町　魁耀,YANAGIMACHI Kaiyo,MF,14,茨城県,175,68,20020507,鹿島アントラーズジュニア-鹿島アントラーズＪｒユース-鹿島アントラーズユース-水戸ホーリーホック-アスルクラロ沼津,0,9,58,20220702,明治安田J2第24節,水戸,横浜FC,Ｋｓスタ,20240608,明治安田J3第16節,沼津,岐阜,長良川,1,798057,798057
250,Ｊ２・Ｊ３百年構想,294,山形,1635014,横山　塁,YOKOYAMA Rui,MF,18,東京都,180,68,19990930,ＦＣ東京Ｕ－１５深川-ＦＣ東京Ｕ－１８-東洋大-モンテディオ山形-レノファ山口ＦＣ,0,63,0,20220219,明治安田J2第1節,山形,群馬,正田スタ,20220615,明治安田J2第16節,山形,岩手,いわスタ,1,727051,727051
250,Ｊ２・Ｊ３百年構想,294,山形,1636234,榎本　啓吾,ENOMOTO Keigo,MF,27,千葉県,165,62,19990905,市川中央リトルキッズ-ヴィヴァイオ船橋Ｓ．Ｃ　Ｊｒユース-ジェフユナイテッド千葉Ｕ－１５-ジェフユナイテッド千葉Ｕ－１８-東海学園大-藤枝ＭＹＦＣ,0,78,34,20220312,明治安田J3第1節,藤枝,鳥取,藤枝サ,20220910,明治安田J3第24節,藤枝,八戸,藤枝サ,1,798160,798160
250,Ｊ２・Ｊ３百年構想,294,山形,1636520,平賀　大空,HIRAGA Sora,MF,24,兵庫県,173,71,20050302,センアーノ神戸ジュニア-神戸ＦＣＪｒユース-京都サンガF.C.Ｕ－１８-京都サンガF.C.,36,0,0,20231203,明治安田J1第34節,京都,横浜FM,サンガＳ,20240503,明治安田J1第11節,京都,FC東京,味スタ,1,736813,736813
250,Ｊ２・Ｊ３百年構想,294,山形,1641629,田中　祉同,TANAKA Shido,MF,23,兵庫県,168,65,20030522,春風ＪＦＣ-ＣＯＳＰＡ-神戸弘陵高-国士舘大,0,0,0,,,,,,,,,,,1,,
250,Ｊ２・Ｊ３百年構想,294,山形,1650272,竹ノ谷　優駕スベディ,TAKENOYA Yugasubedei,MF,30,埼玉県,178,64,20071227,江南南サッカー少年団-クマガヤＳＣ-前橋育英高,0,0,0,,,,,,,,,,,1,,
250,Ｊ２・Ｊ３百年構想,294,山形,1655877,タリソン　アウベス,THALISSON ALVES,MF,88,ブラジル,183,78,19990302,レジオンＦＣ／ブラジル-ＮＫスロボダヴァラジュディン／クロアチア-ＮＫロガシュカ／スロベニア-ＮＫオリンピア　リュブリャナ／スロベニア,0,0,0,,,,,,,,,,,1,840193,
250,Ｊ２・Ｊ３百年構想,294,山形,1619675,高橋　潤哉,TAKAHASHI Junya,FW,9,秋田県,178,78,19970528,大住サッカースポーツ少年団-ＦＣあきた-モンテディオ山形ユース-駒澤大-モンテディオ山形-アスルクラロ沼津-モンテディオ山形-福島ユナイテッドＦＣ,0,89,59,20200715,明治安田J2第5節,山形,群馬,ＮＤスタ,20200715,明治安田J2第5節,山形,群馬,ＮＤスタ,1,727054,727054
250,Ｊ２・Ｊ３百年構想,294,山形,1624376,ディサロ　燦シルヴァーノ,DISARO' Akira Silvano,FW,11,東京都,175,72,19960402,バディＳＣ-チェドラテーゼ-三菱養和ＳＣ巣鴨-三菱養和ＳＣユース-法政大-ギラヴァンツ北九州-清水エスパルス-モンテディオ山形-清水エスパルス-湘南ベルマーレ,34,118,26,20190310,明治安田J3第1節,北九州,Ｆ東23,ミクスタ,20190310,明治安田J3第1節,北九州,Ｆ東23,ミクスタ,1,254564,254564
250,Ｊ２・Ｊ３百年構想,294,山形,1646525,堀金　峻明,HORIKANE Shummei,FW,55,福岡県,182,79,20021225,ラソス香月ＳＳＣ-木屋瀬中-九州国際大付属高-関東学院大,0,30,0,20240512,明治安田J2第15節,山形,水戸,ＮＤスタ,20250316,明治安田J2第5節,山形,熊本,えがおＳ,1,822728,892560
250,Ｊ２・Ｊ３百年構想,30674,福島,605028,チョン　ソンリョン,JUNG Sung Ryong,GK,78,大韓民国,191,91,19850104,西歸浦高等学校／大韓民国-浦項スティーラース／大韓民国-城南一和／大韓民国-水原三星ブルーウィングス／大韓民国-川崎フロンターレ,273,0,0,20160227,明治安田J1 1st第1節,川崎Ｆ,広島,Ｅスタ,,,,,,1,73674,73674
250,Ｊ２・Ｊ３百年構想,30674,福島,1300210,吉丸　絢梓,YOSHIMARU Kenshin,GK,22,宮崎県,183,75,19960327,川東サッカースポーツ少年団-セレソン都城-ヴィッセル神戸Ｕ－１８-ヴィッセル神戸-大分トリニータ-ヴィッセル神戸-徳島ヴォルティス-ヴィッセル神戸-ギラヴァンツ北九州,3,19,94,20140316,J3第2節,J-22,藤枝,藤枝サ,,,,,,1,929310,815472
250,Ｊ２・Ｊ３百年構想,30674,福島,1401499,上田　智輝,UEDA Tomoki,GK,1,奈良県,182,80,19960303,奈良東和ＦＣ-京都サンガF.C.Ｕ－１５-京都サンガF.C.Ｕ－１８-関西学院大-奈良クラブ-大宮アルディージャ-藤枝ＭＹＦＣ-ＦＣ岐阜,0,29,34,20210228,明治安田J2第1節,大宮,水戸,Ｋｓスタ,,,,,,1,798165,798165
250,Ｊ２・Ｊ３百年構想,30674,福島,1640638,安西　駿,ANZAI Shun,GK,31,福島県,185,72,20000501,会津サントスＦＣ-矢板中央高-平成国際大-福島ユナイテッドＦＣ-福井ユナイテッドＦＣ,0,0,0,,,,,,,,,,,1,929324,815487
250,Ｊ２・Ｊ３百年構想,30674,福島,1650555,田中　雄大,TANAKA Yudai,GK,41,滋賀県,180,73,19990709,野洲ＪＦＣ-ＦＣ湖東-膳所高-京都大-おこしやす京都ＡＣ-みちのく仙台ＦＣ,0,0,0,,,,,,,,,,,1,,
250,Ｊ２・Ｊ３百年構想,30674,福島,1618093,藤谷　匠,FUJITANI Takumi,DF,17,兵庫県,184,73,19951206,ＦＣフレスカ神戸-香川西高-神戸学院大-ＦＣ岐阜-栃木ＳＣ,0,41,121,20190519,明治安田J2第14節,岐阜,千葉,フクアリ,20211114,明治安田J3第27節,岐阜,宮崎,ユニスタ,1,813840,815336
250,Ｊ２・Ｊ３百年構想,30674,福島,1618635,鈴　直樹,SUZU Naoki,DF,28,鹿児島県,176,72,20000413,太陽ＳＣ-サンフレッチェ広島ユース-青山学院大,0,0,103,20230305,明治安田J3第1節,福島,今治,里山Ｓ,20250824,明治安田J3第24節,福島,岐阜,長良川,1,929314,815476
250,Ｊ２・Ｊ３百年構想,30674,福島,1624411,安在　達弥,ANZAI Tatsuya,DF,23,東京都,173,72,19960509,羽衣ＳＣ-東京ヴェルディジュニア-東京ヴェルディＪｒユース-東京ヴェルディユース-中央大-東京ヴェルディ-アスルクラロ沼津-東京ヴェルディ-アスルクラロ沼津-東京ヴェルディ-アスルクラロ沼津,0,4,182,20190519,明治安田J2第14節,東京Ｖ,山口,みらスタ,20210703,明治安田J3第14節,沼津,鳥取,Ａｘｉｓ,1,929081,815632
250,Ｊ２・Ｊ３百年構想,30674,福島,1627813,當麻　颯,TOMA Hayate,DF,5,大阪府,186,76,20020421,ＦＣ　Ｒｅｇａｔｅ　三宝-スポーツネットサッカークラブ-ガンバ大阪Ｊｒユース-ガンバ大阪ユース-甲南大,0,0,54,20191006,明治安田J3第25節,Ｇ大23,富山,パナスタ,20250816,明治安田J3第23節,福島,栃木Ｃ,とうスタ,1,1003770,896021
250,Ｊ２・Ｊ３百年構想,30674,福島,1638453,千葉　虎士,CHIBA Toraji,DF,77,宮城県,179,67,20051227,エスペランサ登米ＦＣ-モンテディオ山形ユース-モンテディオ山形,0,0,0,,,,,,,,,,,1,989791,
250,Ｊ２・Ｊ３百年構想,30674,福島,1640639,宝納　拓斗,HOUNOU Takuto,DF,24,,,,,,0,0,0,,,,,,,,,,,0,929322,
250,Ｊ２・Ｊ３百年構想,30674,福島,1641496,野末　学,NOZUE Satoru,DF,27,静岡県,178,75,20000530,サントスＦＣ-ＪＦＡアカデミー福島Ｕ－１５-ＪＦＡアカデミー福島Ｕ－１８-関東学院大,0,0,48,20230430,明治安田J3第8節,福島,長野,長野Ｕ,,,,,,1,929323,815485
250,Ｊ２・Ｊ３百年構想,30674,福島,1643995,土屋　櫂大,TSUCHIYA Kaito,DF,29,神奈川県,181,74,20060512,ダビデＦＣ-バディーＳＣ-川崎フロンターレＵ－１５-川崎フロンターレＵ－１８-川崎フロンターレ,1,0,0,20250409,明治安田J1第5節,川崎Ｆ,横浜FM,Ｕ等々力,,,,,,1,799401,799401
250,Ｊ２・Ｊ３百年構想,30674,福島,1656066,チェ　ドヒョン,CHOI Do Hyon,DF,21,大韓民国,175,66,20041011,全州市民ＦＣＵ－１２／大韓民国-全州市民ＦＣＵ－１５／大韓民国-慶熙高／大韓民国-中東高／大韓民国-松湖大／大韓民国,0,0,0,,,,,,,,,,,1,,
250,Ｊ２・Ｊ３百年構想,30674,福島,1656731,ナム　ヒョンミン,NAM Hyeongmin,DF,15,大韓民国,185,77,20050402,長平中／大韓民国-大東税務高／大韓民国-韓国基督教大／大韓民国,0,0,0,,,,,,,,,,,1,,
250,Ｊ２・Ｊ３百年構想,30674,福島,1600520,上畑　佑平士,UEHATA Uheiji,MF,6,兵庫県,180,72,19980725,高須ＳＣ-セレッソ大阪西Ｕ－１５-セレッソ大阪Ｕ－１８-産業能率大,0,0,138,20210516,明治安田J3第8節,福島,八戸,郡山西部,20210828,明治安田J3第16節,福島,岐阜,長良川,1,929312,815474
250,Ｊ２・Ｊ３百年構想,30674,福島,1607141,針谷　岳晃,HARIGAYA Takeaki,MF,10,埼玉県,166,56,19981015,ＦＣ古河Ｊｒユース-昌平高-ジュビロ磐田-ギラヴァンツ北九州-ジュビロ磐田-ギラヴァンツ北九州-ジュビロ磐田-ギラヴァンツ北九州-ジュビロ磐田,3,62,95,20190630,明治安田J1第17節,磐田,川崎Ｆ,ヤマハ,20240707,明治安田J3第20節,福島,今治,とうスタ,1,26075,26075
250,Ｊ２・Ｊ３百年構想,30674,福島,1621198,岡田　優希,OKADA Yuki,MF,8,神奈川県,172,70,19960513,川崎フロンターレＵ－１２-川崎フロンターレＵ－１５-川崎フロンターレＵ－１８-早稲田大-ＦＣ町田ゼルビア-テゲバジャーロ宮崎-ギラヴァンツ北九州-奈良クラブ,0,83,127,20190224,明治安田J2第1節,町田,東京Ｖ,町田,20200815,明治安田J2第12節,町田,北九州,ミクスタ,1,929034,815378
250,Ｊ２・Ｊ３百年構想,30674,福島,1631762,泉　彩稀,IZUMI Saiki,MF,20,大阪府,179,65,20030821,柏田ＳＣ-ヴィッセル神戸Ｕ－１８-甲南大,0,0,0,,,,,,,,,,,1,1052769,
250,Ｊ２・Ｊ３百年構想,30674,福島,1636233,永長　鷹虎,EINAGA Takatora,MF,32,兵庫県,168,60,20030407,ＡＣアスロン-リガールＪＰＣ-興国高-川崎フロンターレ-水戸ホーリーホック-川崎フロンターレ-ザスパ群馬-川崎フロンターレ-テゲバジャーロ宮崎-川崎フロンターレ-ＦＣ琉球-川崎フロンターレ,1,27,26,20230415,明治安田J1第8節,川崎Ｆ,名古屋,等々力,20230812,明治安田J2第30節,水戸,長崎,Ｋｓスタ,1,152765,152765
250,Ｊ２・Ｊ３百年構想,30674,福島,1636247,吉田　陣平,YOSHIDA Jimpei,MF,96,新潟県,170,66,20030506,Ｃｌｕｂ　Ｆ３-Ｆ．ＴＨＲＥＥ　Ｕ－１５-佐賀東高-アルビレックス新潟-カマタマーレ讃岐-アルビレックス新潟-カマタマーレ讃岐-アルビレックス新潟,0,3,46,20220515,明治安田J2第16節,新潟,町田,Ｇスタ,20240914,明治安田J3第28節,讃岐,金沢,ゴースタ,1,606989,606989
250,Ｊ２・Ｊ３百年構想,30674,福島,1637254,中村　翼,NAKAMURA Tsubasa,MF,14,神奈川県,168,63,20020426,ＳＣＨ　ＦＣ-横浜Ｆ・マリノスＪｒユース-横浜Ｆ・マリノスユース-法政大,0,0,18,20250323,明治安田J3第6節,福島,長野,長野Ｕ,20250330,明治安田J3第7節,福島,鳥取,とうスタ,1,1000728,896024
250,Ｊ２・Ｊ３百年構想,30674,福島,1641376,狩野　海晟,KANO Kaisei,MF,30,宮城県,167,63,20020208,ＦＣセレスタ-ＦＣみやぎバルセロナＪｒユース-モンテディオ山形ユース-関東学院大-モンテディオ山形-福島ユナイテッドＦＣ-モンテディオ山形,0,3,31,20240609,明治安田J2第19節,山形,大分,ＮＤスタ,20250830,明治安田J3第25節,福島,鹿児島,とうスタ,1,818676,892555
250,Ｊ２・Ｊ３百年構想,30674,福島,1641601,田中　慶汰,TANAKA Keita,MF,26,神奈川県,175,68,20030417,ＪＦＣ　ＦＵＴＵＲＯ-川崎フロンターレＵ－１５-川崎フロンターレＵ－１８-日本大,0,0,0,,,,,,,,,,,1,1052766,
250,Ｊ２・Ｊ３百年構想,30674,福島,1644488,芦部　晃生,ASHIBE Kosei,MF,7,宮城県,173,69,20010405,小牛田ＦＣ-ベガルタ仙台Ｊｒユース-ベガルタ仙台ユース-関東学院大-ＦＣ町田ゼルビア-水戸ホーリーホック-ＦＣ町田ゼルビア-福島ユナイテッドＦＣ-ＦＣ町田ゼルビア,1,5,16,20240720,明治安田J1第24節,町田,横浜FM,国立,20250824,明治安田J3第24節,福島,岐阜,長良川,1,837819,894418
250,Ｊ２・Ｊ３百年構想,30674,福島,1653365,藤田　仁朗,FUJITA Jiro,MF,19,兵庫県,169,60,20030502,東舞子ＳＣ-ＦＣ　ＦＲＥＳＣＡ神戸-滝川二高-神奈川大,0,0,0,,,,,,,,,,,1,1052767,
250,Ｊ２・Ｊ３百年構想,30674,福島,291,三浦　知良,MIURA Kazuyoshi,FW,11,静岡県,177,72,19670226,ヴェルディ川崎-ジェノア／イタリア-ヴェルディ川崎-クロアチア　ザグレブ／クロアチア-京都パープルサンガ-ヴィッセル神戸-横浜ＦＣ-シドニーＦＣ／オーストラリア-横浜ＦＣ-鈴鹿ポイントゲッターズ-横浜ＦＣ-ＵＤオリヴェイレンセ／ポルトガル-横浜ＦＣ-アトレチコ鈴鹿クラブ-横浜ＦＣ,326,249,0,19930515,サントリー第1節,Ｖ川崎,横浜M,国立,19930526,サントリー第4節,Ｖ川崎,鹿島,等々力,1,735587,
250,Ｊ２・Ｊ３百年構想,30674,福島,1100188,樋口　寛規,HIGUCHI Hiroki,FW,40,兵庫県,172,72,19920416,宝塚ジュニアＦＣ-学文中-滝川二高-清水エスパルス-ＦＣ岐阜-清水エスパルス-ＦＣ岐阜-清水エスパルス-湘南ベルマーレ-清水エスパルス-ＳＣ相模原-清水エスパルス,0,78,307,20120317,J2第3節,岐阜,草津,長良川,20120320,J2第4節,岐阜,湘南,ＢＭＷス,1,929309,815471
250,Ｊ２・Ｊ３百年構想,30674,福島,1626004,清水　一雅,SHIMIZU Kazumasa,FW,9,群馬県,171,68,20010802,上洲ＦＣ高崎-ベガルタ仙台ユース-びわこ成蹊スポーツ大,0,0,68,20240224,明治安田J3第1節,福島,岐阜,長良川,20240410,明治安田J3第9節,福島,金沢,とうスタ,1,929325,815488
250,Ｊ２・Ｊ３百年構想,30674,福島,1635565,石井　稜真,ISHII Ryoma,FW,18,福岡県,183,79,20020615,ＤＦＣ　ＪＥＴＳ-カミーリア筑紫野-アビスパ福岡Ｕ－１８-法政大,0,0,11,20250216,明治安田J3第1節,福島,奈良,ロートＦ,,,,,,1,999906,895991
250,Ｊ２・Ｊ３百年構想,30674,福島,1641592,村上　力己,MURAKAMI Riki,FW,25,,,,,,0,0,0,,,,,,,,,,,0,,
250,Ｊ２・Ｊ３百年構想,31201,いわき,1600156,加藤　有輝,KATO Yuki,GK,1,埼玉県,188,81,19970920,伊奈小針サッカースポーツ少年団-大宮アルディージャＪｒユース-大宮アルディージャユース-大宮アルディージャ-ギラヴァンツ北九州-大宮アルディージャ-ギラヴァンツ北九州-大宮アルディージャ-ギラヴァンツ北九州-ＲＢ大宮アルディージャ,0,21,25,20190713,明治安田J2第22節,大宮,鹿児島,ＮＡＣＫ,,,,,,1,929449,815888
250,Ｊ２・Ｊ３百年構想,31201,いわき,1622195,佐々木　雅士,SASAKI Masato,GK,23,千葉県,185,79,20020501,常盤平少年ＳＣ-柏レイソルＵ－１２-柏レイソルＵ－１５-柏レイソルＵ－１８-柏レイソル-ファジアーノ岡山-柏レイソル-いわきＦＣ-柏レイソル,30,20,0,20210619,明治安田J1第18節,柏,広島,Ｅスタ,,,,,,1,254450,254450
250,Ｊ２・Ｊ３百年構想,31201,いわき,1641575,松本　崚汰,MATSUMOTO Ryota,GK,21,千葉県,184,79,20021025,新松戸ＳＣ-小金北中-白井高-東京国際大,0,2,0,20250323,明治安田J2第6節,いわき,今治,ハワスタ,,,,,,1,999877,896198
250,Ｊ２・Ｊ３百年構想,31201,いわき,1645987,ジュ　ヒョンジン,JOO Hyun Jin,GK,39,大韓民国,190,84,20050206,富陽小／大韓民国-五山中／大韓民国-大東税務高／大韓民国,0,1,0,20250601,明治安田J2第18節,いわき,熊本,ハワスタ,,,,,,1,991005,894426
250,Ｊ２・Ｊ３百年構想,31201,いわき,1602932,堂鼻　起暉,DOHANA Kazuki,DF,4,大阪府,177,75,19981205,千里丘ＦＣ-ヴィッセル神戸Ｕ－１８-びわこ成蹊スポーツ大-福島ユナイテッドＦＣ,0,42,97,20210314,明治安田J3第1節,福島,藤枝,とうスタ,20210828,明治安田J3第16節,福島,岐阜,長良川,1,835914,815900
250,Ｊ２・Ｊ３百年構想,31201,いわき,1632204,遠藤　凌,ENDO Ryo,DF,3,埼玉県,183,76,19980706,飯能ジュニアＳＳＳ-坂戸ディプロマッツＦＣ-浦和レッズユース-桐蔭横浜大-アルビレックス新潟-いわきＦＣ-アルビレックス新潟-いわきＦＣ-アルビレックス新潟,7,52,20,20211113,明治安田J2第39節,新潟,愛媛,デンカＳ,20220827,明治安田J3第22節,いわき,藤枝,藤枝サ,1,798277,798277
250,Ｊ２・Ｊ３百年構想,31201,いわき,1635685,深港　壮一郎,FUKAMINATO Soichiro,DF,35,鹿児島県,179,76,20000812,星ヶ峯ＳＳＳ-神村学園中-神村学園高-立正大-ＦＣ町田ゼルビア-カマタマーレ讃岐-ＦＣ町田ゼルビア-カマタマーレ讃岐-ＦＣ町田ゼルビア-ブラウブリッツ秋田-ＦＣ町田ゼルビア,0,19,34,20230702,明治安田J3第16節,讃岐,琉球,ピカスタ,20250802,明治安田J2第24節,いわき,千葉,フクアリ,1,929334,815661
250,Ｊ２・Ｊ３百年構想,31201,いわき,1643558,桒田　大誠,KUWATA Taisei,DF,5,千葉県,185,84,20020826,ＴＯＰＳＩＤＥアウルＦＣ-暁星国際中-暁星国際高-中京大-柏レイソル,0,0,0,,,,,,,,,,,1,978604,896130
250,Ｊ２・Ｊ３百年構想,31201,いわき,1648838,ヒョン　ウビン,HYUN Woo Been,DF,33,大韓民国,190,81,20060117,世宗ＳＫＫ　Ｕ－１５／大韓民国-全北現代モータースＵ－１８／大韓民国-世宗未来高／大韓民国,0,0,0,,,,,,,,,,,1,,
250,Ｊ２・Ｊ３百年構想,31201,いわき,1651557,坂本　光,SAKAMOTO Hikaru,DF,25,熊本県,183,78,20040317,出水ＳＣ-ルーテル学院中-ルーテル学院高-流通経済大,0,0,0,,,,,,,,,,,1,,
250,Ｊ２・Ｊ３百年構想,31201,いわき,1654109,中野　陽斗,NAKANO Haruto,DF,15,鹿児島県,180,73,20070506,Ｆ．Ｃｕｏｒｅ-神村学園中-神村学園高,0,0,0,,,,,,,,,,,1,1050368,
250,Ｊ２・Ｊ３百年構想,31201,いわき,1000646,永木　亮太,NAGAKI Ryota,MF,40,神奈川県,175,67,19880604,ヴェルディジュニア-ＦＣ奈良-川崎フロンターレＵ－１５-川崎フロンターレＵ－１８-中央大-湘南ベルマーレ-鹿島アントラーズ-湘南ベルマーレ-名古屋グランパス-湘南ベルマーレ-徳島ヴォルティス-湘南ベルマーレ-徳島ヴォルティス,267,160,0,20100714,J1第11節,湘南,鹿島,カシマ,20110515,J2第12節,湘南,鳥栖,平塚,1,26880,26880
250,Ｊ２・Ｊ３百年構想,31201,いわき,1618636,柴田　壮介,SHIBATA Sosuke,MF,8,神奈川県,168,64,20010526,ＦＣグランツ梅田-湘南ベルマーレＵ－１５平塚-湘南ベルマーレＵ－１８-湘南ベルマーレ-カターレ富山-湘南ベルマーレ-カターレ富山-湘南ベルマーレ-ヴァンラーレ八戸-湘南ベルマーレ-いわきＦＣ-湘南ベルマーレ-いわきＦＣ-湘南ベルマーレ,19,39,37,20190622,明治安田J1第16節,湘南,Ｇ大阪,パナスタ,20240506,明治安田J3第13節,八戸,岩手,プラスタ,1,26991,26991
250,Ｊ２・Ｊ３百年構想,31201,いわき,1629443,山中　惇希,YAMANAKA Atsuki,MF,27,埼玉県,174,68,20010506,江南南サッカー少年団-グランデＦＣ-浦和レッズユース-ザスパクサツ群馬-ＡＣ長野パルセイロ-ザスパ群馬,0,99,20,20211020,明治安田J3第20節,長野,八戸,プラスタ,20250308,明治安田J3第4節,群馬,鹿児島,白波スタ,1,798073,798073
250,Ｊ２・Ｊ３百年構想,31201,いわき,1630057,山口　大輝,YAMAGUCHI Daiki,MF,14,埼玉県,175,68,19971102,武蔵野ＦＣ-ＦＣカーニョ-西武台高-流通経済大,0,81,22,20220604,明治安田J3第11節,いわき,YS横浜,ニッパツ,20220716,明治安田J3第17節,いわき,沼津,Ｊスタ,1,798273,798273
250,Ｊ２・Ｊ３百年構想,31201,いわき,1631731,中島　舜,NAKAJIMA Shun,MF,7,イングランド,173,67,20020408,川鶴ＦＣ-柏レイソルＵ－１２-柏レイソルＵ－１５-柏レイソルＵ－１８-流通経済大-柏レイソル,5,0,0,20250308,明治安田J1第5節,柏,鹿島,三協Ｆ柏,,,,,,1,999866,896127
250,Ｊ２・Ｊ３百年構想,31201,いわき,1632246,高橋　勇利也,TAKAHASHI Yuriya,MF,22,宮城県,181,76,19990324,伊島ＳＳＳ-ファジアーノ岡山Ｕ－１５-東北高-神奈川大-ザスパ群馬,0,42,30,20210604,明治安田J2第17節,群馬,水戸,正田スタ,20230705,明治安田J2第24節,群馬,熊本,正田スタ,1,798128,798128
250,Ｊ２・Ｊ３百年構想,31201,いわき,1635458,今野　息吹,KONNO Ibuki,MF,2,東京都,179,70,20010510,新宿ＦＣ-三菱養和ＳＣ巣鴨ジュニア-三菱養和ＳＣ巣鴨Ｊｒユース-三菱養和ＳＣユース-法政大-ガンバ大阪-愛媛ＦＣ-ガンバ大阪-愛媛ＦＣ-ガンバ大阪,0,9,0,20240921,明治安田J2第32節,愛媛,山形,ニンスタ,20240929,明治安田J2第33節,愛媛,千葉,ニンスタ,1,926438,895686
250,Ｊ２・Ｊ３百年構想,31201,いわき,1637011,久永　瑠音,HISANAGA Ruon,MF,28,栃木県,175,72,20040304,ともぞうＳＣジュニア-ＪＦＡアカデミー福島Ｕ－１５-ＪＦＡアカデミー福島Ｕ－１８-桐蔭横浜大,0,4,0,20250215,明治安田J2第1節,いわき,千葉,ハワスタ,,,,,,1,999879,895934
250,Ｊ２・Ｊ３百年構想,31201,いわき,1641145,木吹　翔太,KOFIE Shota,MF,30,石川県,203,90,20060819,泉クラブＵ－１２ジュニア-ＪＦＡアカデミー福島-サンフレッチェ広島ユース-サンフレッチェ広島-いわきＦＣ-サンフレッチェ広島,0,16,0,20250223,明治安田J2第2節,いわき,大分,クラド,,,,,,1,972970,896197
250,Ｊ２・Ｊ３百年構想,31201,いわき,1648387,大氏　凜州,OUJI Rinshu,MF,20,兵庫県,169,66,20030514,泉ＦＣ-ＪＦＡアカデミー福島Ｕ－１５-ＪＦＡアカデミー福島Ｕ－１８-流通経済大,0,0,0,,,,,,,,,,,1,,
250,Ｊ２・Ｊ３百年構想,31201,いわき,1650540,村上　陽斗,MURAKAMI Haruto,MF,13,大阪府,174,67,20020717,ＦＣティアモ交野-ガンバ大阪門真Ｊｒユース-東海大仰星高-大阪経済大,0,11,0,20250309,明治安田J2第4節,いわき,鳥栖,ハワスタ,,,,,,1,999878,896200
250,Ｊ２・Ｊ３百年構想,31201,いわき,1651946,松本　琉雅,MATSUMOTO Ruka,MF,41,茨城県,175,73,20040930,サンハロスＦＣ-鹿島アントラーズノルテＪｒユース-帝京高-順天堂大在学中,0,0,0,,,,,,,,,,,1,,
250,Ｊ２・Ｊ３百年構想,31201,いわき,1654117,荒木　仁翔,ARAKI Masato,MF,16,宮崎県,170,68,20070802,太陽延岡ＳＣ-ソレッソ熊本-神村学園高,0,0,0,,,,,,,,,,,1,1050370,
250,Ｊ２・Ｊ３百年構想,31201,いわき,1655862,チョン　ソホ,JEON Seoho,MF,19,大韓民国,180,70,20070608,原州ユナイテッド／大韓民国-ＦＣＫＨＴ一同Ｕ１５／大韓民国-輔仁高／大韓民国,0,0,0,,,,,,,,,,,1,,
250,Ｊ２・Ｊ３百年構想,31201,いわき,1632534,西谷　亮,NISHITANI Ryo,FW,10,神奈川県,180,69,20040110,ＦＣパーシモン-東京ヴェルディジュニア-東京ヴェルディＪｒユース-東京ヴェルディユース-東京ヴェルディ-ＦＣ岐阜-東京ヴェルディ-ＦＣ岐阜-東京ヴェルディ,0,13,63,20220330,明治安田J2第7節,東京Ｖ,琉球,タピスタ,20240310,明治安田J3第3節,岐阜,讃岐,長良川,1,798312,798312
250,Ｊ２・Ｊ３百年構想,31201,いわき,1636789,熊田　直紀,KUMATA Naoki,FW,38,福島県,181,79,20040802,ＥＳＴＲＥＬＬＡＳ　ＦＣ-ＦＣ東京Ｕ－１５むさし-ＦＣ東京Ｕ－１８-ＦＣ東京-ＫＲＣヘンク／ベルギー-ＦＣ東京-いわきＦＣ-ＦＣ東京-いわきＦＣ-ＦＣ東京,8,42,0,20230401,明治安田J1第6節,FC東京,鳥栖,駅スタ,20230903,明治安田J1第26節,FC東京,福岡,味スタ,1,615851,615851
250,Ｊ２・Ｊ３百年構想,31201,いわき,1640627,坂元　一渚璃,SAKAMOTO Iori,FW,26,兵庫県,184,68,20041122,長尾台ＳＣ-南ひばりが丘中-報徳学園高-いわきＦＣ-ブランデュー弘前ＦＣ,0,9,0,20230319,明治安田J2第5節,いわき,徳島,いわきＧ,,,,,,1,798284,798284
250,Ｊ２・Ｊ３百年構想,31201,いわき,1640653,オウイエ　ウイリアム,OWIE William,FW,32,神奈川県,190,80,20040419,大空ＫＳＣ-川崎フロンターレＵ－１５-日本体育大柏高-柏レイソル-ＦＣ岐阜-柏レイソル,0,0,14,20250223,明治安田J3第2節,岐阜,八戸,長良川,,,,,,1,978603,896043
250,Ｊ２・Ｊ３百年構想,31201,いわき,1641615,田中　幹大,TANAKA Kanta,FW,29,神奈川県,183,72,20030722,中野島ＦＣ-川崎フロンターレＵ－１５-川崎フロンターレＵ－１８-中央大,0,3,0,20250810,明治安田J2第25節,いわき,磐田,ハワスタ,,,,,,1,1023153,898641
250,Ｊ２・Ｊ３百年構想,31201,いわき,1647674,加藤　大晟,KATO Taisei,FW,11,奈良県,184,81,20020906,富雄ＦＣ-奈良ＹＭＣＡ　Ｕ－１５-浜松開誠館高-鹿屋体育大,0,29,0,20240804,明治安田J2第25節,いわき,秋田,ハワスタ,20250913,明治安田J2第29節,いわき,札幌,プレド,1,849153,894429
250,Ｊ２・Ｊ３百年構想,30305,栃木SC,1100297,川田　修平,KAWATA Shuhei,GK,1,埼玉県,189,82,19940405,深谷豊里ＳＳＳ-ＦＣ深谷-大宮アルディージャユース-大宮アルディージャ-栃木ＳＣ-大宮アルディージャ-栃木ＳＣ-藤枝ＭＹＦＣ,0,97,39,20140316,J3第2節,J-22,藤枝,藤枝サ,,,,,,1,790053,790053
250,Ｊ２・Ｊ３百年構想,30305,栃木SC,1603776,櫻庭　立樹,SAKURABA Riki,GK,21,北海道,192,87,19991013,岩見沢ジュニアＦＣ-コンサドーレ札幌Ｕ－１５-北海道コンサドーレ札幌Ｕ－１８-筑波大-ＦＣ大阪-ガイナーレ鳥取,0,0,20,20240225,明治安田J3第1節,鳥取,今治,里山Ｓ,,,,,,1,929250,815527
250,Ｊ２・Ｊ３百年構想,30305,栃木SC,1633160,鹿野　修平,SHIKANO Shuhei,GK,31,東京都,183,77,19990827,杉の子ＳＣ-ＦＲＩＥＮＤＬＹ　Ｊｒユース-流通経済大付属柏高-流通経済大-いわきＦＣ-栃木ＳＣ-いわきＦＣ,0,14,12,20220313,明治安田J3第1節,いわき,鹿児島,白波スタ,,,,,,1,798282,798282
250,Ｊ２・Ｊ３百年構想,30305,栃木SC,1641530,猪越　優惟,INOKOSHI Yui,GK,71,宮城県,185,81,20010526,グルージャ盛岡ジュニア-ＦＣみやぎバルセロナ-帝京長岡高-中央大-清水エスパルス,0,1,0,20241110,明治安田J2第38節,清水,熊本,アイスタ,,,,,,1,968327,896116
250,Ｊ２・Ｊ３百年構想,30305,栃木SC,1200047,内田　航平,UCHIDA Kohei,DF,88,埼玉県,175,74,19930519,すみれＦＣジュニア-ＦＣコルージャ-正智深谷高-水戸ホーリーホック-徳島ヴォルティス,2,274,9,20120408,J2第7節,水戸,千葉,Ｋｓスタ,20140518,J2第14節,水戸,京都,Ｋｓスタ,1,790930,790930
250,Ｊ２・Ｊ３百年構想,30305,栃木SC,1617908,柳　育崇,YANAGI Yasutaka,DF,5,千葉県,188,94,19940622,鹿島アントラーズジュニア-鹿島アントラーズＪｒユース-八千代高-専修大-アルビレックス新潟Ｓ／シンガポール-アルビレックス新潟-栃木ＳＣ-アルビレックス新潟-栃木ＳＣ-ファジアーノ岡山,4,193,0,20180624,明治安田J2第20節,新潟,町田,町田,20200812,明治安田J2第11節,栃木,岡山,栃木グ,1,727122,727122
250,Ｊ２・Ｊ３百年構想,30305,栃木SC,1632430,鈴木　俊也,SUZUKI Shunya,DF,14,静岡県,178,73,20001124,フレンドリーＳＣ-ＦＣ東京Ｕ－１５深川-早稲田実業高-早稲田大-大宮アルディージャ-高知ユナイテッドＳＣ-ＲＢ大宮アルディージャ,0,2,35,20210321,明治安田J2第4節,大宮,相模原,ギオンス,20250315,明治安田J3第5節,高知,鹿児島,春野陸,1,798126,798126
250,Ｊ２・Ｊ３百年構想,30305,栃木SC,1633870,阿部　海斗,ABE Kaito,DF,6,福岡県,175,70,19990618,小郡東野ＳＣ-サガン鳥栖Ｕ－１２-サガン鳥栖Ｕ－１５-サガン鳥栖Ｕ－１８-福岡大-ロアッソ熊本,0,82,1,20211114,明治安田J3第27節,熊本,富山,えがおＳ,20220409,明治安田J2第9節,熊本,東京Ｖ,味スタ,1,789918,789918
250,Ｊ２・Ｊ３百年構想,30305,栃木SC,1639761,岩﨑　博,IWASAKI Hiroshi,DF,25,山梨県,186,82,20021011,ＵスポーツクラブＵ－１２-ヴァンフォーレ甲府Ｕ－１５-ヴァンフォーレ甲府Ｕ－１８-桐蔭横浜大,0,0,32,20250216,明治安田J3第1節,栃木SC,高知,カンセキ,,,,,,1,999894,895987
250,Ｊ２・Ｊ３百年構想,30305,栃木SC,1643223,田畑　知起,TABATA Tomoki,DF,26,愛媛県,182,75,20040226,ＦＣゼブラキッズ-ＦＣゼブラ-松山工業高-東海大,0,0,0,,,,,,,,,,,1,1065612,
250,Ｊ２・Ｊ３百年構想,30305,栃木SC,1647380,木邨　優人,KIMURA Yuto,DF,37,大阪府,184,75,20020916,港南ＦＣ-大阪市ジュネッスＦＣ-京都サンガF.C.Ｕ－１８-関西大,0,0,12,20250517,明治安田J3第13節,栃木SC,奈良,ロートＦ,20251129,明治安田J3第38節,栃木SC,長野,長野Ｕ,1,1002245,895996
250,Ｊ２・Ｊ３百年構想,30305,栃木SC,1655838,田端　琉聖,TABATA Ryusei,DF,24,静岡県,187,78,20030511,島田第三ＳＳＳ-清水エスパルスＪｒユース-清水エスパルスユース-立正大,0,0,0,,,,,,,,,,,1,1050349,
250,Ｊ２・Ｊ３百年構想,30305,栃木SC,1100859,佐藤　祥,SATO Sho,MF,4,千葉県,174,71,19930722,大森ＳＣ-ジェフユナイテッド千葉Ｕ－１５辰巳台-ジェフユナイテッド千葉Ｕ－１８-ジェフユナイテッド千葉-ブラウブリッツ秋田-ジェフユナイテッド千葉-水戸ホーリーホック-ザスパクサツ群馬,0,239,59,20111126,J2第37節,千葉,Ｆ東京,味スタ,20150906,明治安田J3第27節,秋田,山口,Ａ‐スタ,1,790055,790055
250,Ｊ２・Ｊ３百年構想,30305,栃木SC,1400059,杉森　考起,SUGIMORI Koki,MF,17,愛知県,174,67,19970405,名古屋グランパスＵ１５-名古屋グランパスＵ１８-名古屋グランパス-ＦＣ町田ゼルビア-名古屋グランパス-徳島ヴォルティス-名古屋グランパス-徳島ヴォルティス-愛媛ＦＣ,32,186,14,20140831,J3第23節,J-22,藤枝,藤枝サ,20150517,明治安田J3第12節,J-22,福島,とうスタ,1,798049,798049
250,Ｊ２・Ｊ３百年構想,30305,栃木SC,1619986,中野　克哉,NAKANO Katsuya,MF,81,奈良県,168,64,19960913,鳥見サッカー少年団-ＹＦ奈良テソロ-京都橘高-関西学院大-京都サンガF.C.-ＦＣ琉球-ＲＢ大宮アルディージャ,0,66,77,20190224,明治安田J2第1節,京都,新潟,西京極,20200819,明治安田J2第13節,京都,新潟,デンカＳ,1,929447,815886
250,Ｊ２・Ｊ３百年構想,30305,栃木SC,1624845,食野　壮磨,MESHINO Soma,MF,40,大阪府,167,63,20010520,ジョイナスＦＣ-ガンバ大阪Ｊｒユース-ガンバ大阪ユース-京都産業大-東京ヴェルディ,26,0,10,20190331,明治安田J3第4節,Ｇ大23,YS横浜,ニッパツ,20190331,明治安田J3第4節,Ｇ大23,YS横浜,ニッパツ,1,813244,894431
250,Ｊ２・Ｊ３百年構想,30305,栃木SC,1625300,青島　太一,AOSHIMA Taichi,MF,11,静岡県,170,63,20010417,青島ＳＳＳ-藤枝東ＦＣジュニア-清水エスパルスＪｒユース-清水エスパルスユース-立正大,0,21,27,20240320,明治安田J2第5節,栃木,秋田,ソユスタ,20240714,明治安田J2第24節,栃木,岡山,カンセキ,1,813841,815356
250,Ｊ２・Ｊ３百年構想,30305,栃木SC,1635199,五十嵐　太陽,IGARASHI Taiyo,MF,10,神奈川県,172,60,20030414,ＳＣＨ　ＦＣ-川崎フロンターレＵ－１２-川崎フロンターレＵ－１５-川崎フロンターレＵ－１８-川崎フロンターレ-レノファ山口ＦＣ-川崎フロンターレ-栃木ＳＣ-川崎フロンターレ,0,43,37,20230218,明治安田J2第1節,山口,大宮,みらスタ,20230507,明治安田J2第14節,山口,群馬,正田スタ,1,151564,151564
250,Ｊ２・Ｊ３百年構想,30305,栃木SC,1636280,大曽根　広汰,OSONE Kota,MF,13,東京都,167,64,19990817,ＡＲＴＥえいあんじＳＳ-川崎フロンターレＵ－１３-川崎フロンターレＵ－１５-川崎フロンターレＵ－１８-日本体育大-ベガルタ仙台-藤枝ＭＹＦＣ-ベガルタ仙台-藤枝ＭＹＦＣ,0,48,0,20220220,明治安田J2第1節,仙台,新潟,ユアスタ,20231112,明治安田J2第42節,藤枝,いわき,藤枝サ,1,798203,798203
250,Ｊ２・Ｊ３百年構想,30305,栃木SC,1638477,永井　大士,NAGAI Taishi,MF,27,神奈川県,170,68,20040101,ＦＣパルピターレ-横浜Ｆ・マリノスＪｒユース-聖和学園高-桐蔭横浜大,0,0,0,,,,,,,,,,,1,1050350,
250,Ｊ２・Ｊ３百年構想,30305,栃木SC,1641569,堤　陽輝,TSUTSUMI Haruki,MF,15,福岡県,180,75,20030613,大和ウィンガーズ-筑後サザンＦＣ-東海大付属福岡高-東海大,0,0,0,,,,,,,,,,,1,1050351,
250,Ｊ２・Ｊ３百年構想,30305,栃木SC,1646162,吉野　陽翔,YOSHINO Haruto,MF,47,栃木県,181,76,20020804,栃木ＳＣジュニア-栃木ＳＣＪｒユース-栃木ＳＣユース-立正大,0,0,29,20250216,明治安田J3第1節,栃木SC,高知,カンセキ,,,,,,1,990995,894408
250,Ｊ２・Ｊ３百年構想,30305,栃木SC,1650552,屋宜　和真,YAGI Kazuma,MF,39,北海道,167,60,20021210,レジスタＦＣ-鹿島アントラーズつくばＪｒユース-昌平高-平成国際大,0,0,8,20250330,明治安田J3第7節,栃木SC,栃木Ｃ,カンセキ,,,,,,1,1003776,895997
250,Ｊ２・Ｊ３百年構想,30305,栃木SC,1651486,横浜　丞,YOKOHAMA Tasuku,MF,52,栃木県,172,70,20081212,ＦＣＶＡＬＯＮ-栃木ＳＣＵ－１５,0,0,0,,,,,,,,,,,1,,
250,Ｊ２・Ｊ３百年構想,30305,栃木SC,1656860,市川　遥章,ICHIKAWA Haruaki,MF,50,栃木県,171,64,20080422,ＪＦＣＷｉｎｇ-栃木ＳＣＵ－１５,0,0,0,,,,,,,,,,,1,,
250,Ｊ２・Ｊ３百年構想,30305,栃木SC,1656861,湯浅　友吾,YUASA Yugo,MF,51,栃木県,160,54,20080415,緑が丘ＹＦＣ-栃木ＳＣＵ－１５,0,0,0,,,,,,,,,,,1,,
250,Ｊ２・Ｊ３百年構想,30305,栃木SC,300132,矢野　貴章,YANO Kisho,FW,29,静岡県,187,78,19840405,浜名高-柏レイソル-アルビレックス新潟-ＳＣフライブルク／ドイツ-アルビレックス新潟-名古屋グランパス-アルビレックス新潟,358,237,29,20030322,J1-1st第1節,柏,Ｆ東京,味スタ,20030420,J1-1st第4節,柏,Ｃ大阪,柏,1,790052,790052
250,Ｊ２・Ｊ３百年構想,30305,栃木SC,1630209,西野　太陽,NISHINO Taiyo,FW,77,徳島県,180,70,20020810,田宮ビクトリー-徳島ヴォルティスＪｒユース-京都橘高-徳島ヴォルティス,5,62,0,20210627,明治安田J1第20節,徳島,横浜FM,鳴門大塚,20230219,明治安田J2第1節,徳島,大分,鳴門大塚,1,798050,798050
250,Ｊ２・Ｊ３百年構想,30305,栃木SC,1632272,オタボー　ケネス,OTABOR KENNETH,FW,80,ナイジェリア,178,67,20020513,ＬＢ　Ｓｐｏｒｔｓ　Ｄｒｅａｍｓ　ＦＣ／ナイジェリア-高知中央高-いわてグルージャ盛岡,0,19,85,20210411,明治安田J3第5節,岩手,八戸,プラスタ,20220710,明治安田J2第26節,岩手,長崎,トラスタ,1,928986,815693
250,Ｊ２・Ｊ３百年構想,30305,栃木SC,1641020,近藤　慶一,KONDO Yoshihito,FW,9,岐阜県,181,82,20020303,多治見ＺＥＬＯ　ＦＣ-瀬戸ＦＣ-中京高-名古屋学院大-いわきＦＣ-鹿児島ユナイテッドＦＣ-いわきＦＣ,0,49,26,20230218,明治安田J2第1節,いわき,藤枝,いわきＧ,20230408,明治安田J2第8節,いわき,大分,いわきＧ,1,798271,798271
250,Ｊ２・Ｊ３百年構想,30305,栃木SC,1645969,川名　連介,KAWANA Rennosuke,FW,7,神奈川県,170,68,20020218,佐野ベアーズ-横浜Ｆ・マリノスＪｒユース追浜-湘南工科大附属高-産業能率大,0,13,33,20240506,明治安田J2第14節,栃木,藤枝,カンセキ,20240616,明治安田J2第20節,栃木,大分,レゾド,1,819588,894410
250,Ｊ２・Ｊ３百年構想,30305,栃木SC,1650553,庄司　朗,SHOJI Hogara,FW,19,千葉県,187,79,20021010,ＪＳＣ　ＣＨＩＢＡ　Ｕ１２-ＪＳＣ　ＣＨＩＢＡ　Ｕ１５-桐光学園高-立教大,0,0,6,20250323,明治安田J3第6節,栃木SC,琉球,タピスタ,,,,,,1,999897,895998
250,Ｊ２・Ｊ３百年構想,30527,栃木Ｃ,500326,原田　欽庸,HARADA Yoshinobu,GK,1,埼玉県,183,79,19860517,東川口ＦＣクラージュ-東川口ＦＣ-成立学園高-水戸ホーリーホック-栃木ウーヴァＦＣ-Ｖ・ファーレン長崎-ツエーゲン金沢,0,90,34,20071110,J2第49節,水戸,愛媛,足利陸,,,,,,1,1000014,895957
250,Ｊ２・Ｊ３百年構想,30527,栃木Ｃ,1401627,児玉　潤,KODAMA Jun,GK,16,東京都,175,70,19970908,横河武蔵野ＦＣジュニア-横河武蔵野ＦＣＪｒユース-三鷹第一中-東京ヴェルディユース-桐蔭横浜大-東京武蔵野シティＦＣ-福山シティＦＣ-Ｙ．Ｓ．Ｃ．Ｃ．横浜-北海道コンサドーレ札幌,2,1,43,20230305,明治安田J3第1節,YS横浜,富山,ニッパツ,,,,,,1,818626,815902
250,Ｊ２・Ｊ３百年構想,30527,栃木Ｃ,1617519,相澤　ピーターコアミ,AIZAWA Peterkwame,GK,31,東京都,193,89,20010120,７ＦＣ福生-ＡＺ８６東京青梅-日本文理高-ジェフユナイテッド千葉-ラインメール青森ＦＣ-ヴァンラーレ八戸,0,0,37,20250215,明治安田J3第1節,栃木Ｃ,相模原,ＣＦＳ,,,,,,1,973032,895715
250,Ｊ２・Ｊ３百年構想,30527,栃木Ｃ,1655873,奥原　崇陽,OKUHARA Soya,GK,21,沖縄県,184,75,20080208,Ｗウイング沖縄ＪＦＣ-Ｗウイング沖縄ＦＣ-ＡＩＥ国際高,0,0,0,,,,,,,,,,,1,,
250,Ｊ２・Ｊ３百年構想,30527,栃木Ｃ,1200003,奥井　諒,OKUI Ryo,DF,5,大阪府,169,65,19900307,ガンバ大阪ジュニア-ガンバ大阪Ｊｒユース-履正社高-早稲田大-ヴィッセル神戸-大宮アルディージャ-清水エスパルス-Ｖ・ファーレン長崎,138,114,28,20120407,J1第5節,神戸,清水,ホームズ,20121117,J1第32節,神戸,Ｆ東京,味スタ,1,727065,727065
250,Ｊ２・Ｊ３百年構想,30527,栃木Ｃ,1300960,小池　裕太,KOIKE Yuta,DF,32,栃木県,172,68,19961106,ＦＣアネーロ宇都宮Ｕ－１５-アルビレックス新潟ユース-流通経済大-シント＝トロイデン／ベルギー-鹿島アントラーズ-シント＝トロイデン／ベルギー-セレッソ大阪-横浜Ｆ・マリノス-ヴィッセル神戸,35,0,0,20190614,明治安田J1第15節,鹿島,Ｃ大阪,カシマ,20190706,明治安田J1第18節,鹿島,磐田,カシマ,1,14600,14600
250,Ｊ２・Ｊ３百年構想,30527,栃木Ｃ,1500461,乾　貴哉,INUI Takaya,DF,33,群馬県,187,73,19960512,前橋ジュニア-前橋Ｊｒユース-桐生第一高-ジェフユナイテッド千葉-水戸ホーリーホック-ジェフユナイテッド千葉-ギラヴァンツ北九州,0,86,119,20150712,明治安田J3第20節,J-22,相模原,ギオンス,20170527,明治安田J2第16節,千葉,愛媛,フクアリ,1,929384,815424
250,Ｊ２・Ｊ３百年構想,30527,栃木Ｃ,1500834,マテイ　ヨニッチ,MATEJ JONJIC,DF,42,クロアチア,187,83,19910129,ハイドゥク　スプリト／クロアチア-ＮＫザダル／クロアチア-ハイドゥク　スプリト／クロアチア-ＮＫザダル／クロアチア-ＮＫオシエク／クロアチア-仁川ユナイテッドＦＣ／大韓民国-セレッソ大阪-上海申花／中国-セレッソ大阪-仁川ユナイテッドＦＣ／大韓民国,183,0,33,20170225,明治安田J1第1節,Ｃ大阪,磐田,ヤンマー,20170304,明治安田J1第2節,Ｃ大阪,浦和,埼玉,1,26824,26824
250,Ｊ２・Ｊ３百年構想,30527,栃木Ｃ,1627829,鈴木　裕斗,SUZUKI Hiroto,DF,22,東京都,170,60,20000505,中川ＦＣ-ジェファＦＣ-興國高-流通経済大,0,0,35,20250215,明治安田J3第1節,栃木Ｃ,相模原,ＣＦＳ,20251123,明治安田J3第37節,栃木Ｃ,長野,ＣＦＳ,1,1000018,895967
250,Ｊ２・Ｊ３百年構想,30527,栃木Ｃ,1629421,薩川　淳貴,SATSUKAWA Atsuki,DF,41,静岡県,170,62,19970812,ＬＩＢＥＲＤＡＤＥ　ＦＣ-静岡学園高-関東学院大-カマタマーレ讃岐-鹿児島ユナイテッドＦＣ-大分トリニータ,0,30,84,20200628,明治安田J3第1節,讃岐,Ｇ大23,ピカスタ,20210516,明治安田J3第8節,讃岐,今治,夢スタ,1,813827,815347
250,Ｊ２・Ｊ３百年構想,30527,栃木Ｃ,1629481,佐藤　喜生,SATO Yoshiki,DF,15,新潟県,184,75,19971106,山潟イレブン-グランセナ新潟ＦＣ-北越高-桐蔭横浜大-ギラヴァンツ北九州,0,5,36,20201216,明治安田J2第41節,北九州,山形,ミクスタ,20250705,明治安田J3第19節,栃木Ｃ,琉球,ＣＦＳ,1,1000669,895790
250,Ｊ２・Ｊ３百年構想,30527,栃木Ｃ,1629487,知念　哲矢,CHINEN Tetsuya,DF,17,沖縄県,180,72,19971108,仲井真・真地ＦＣ-識名ＦＣ-石田中-長崎総合科学大附属高-近畿大-ＦＣ琉球-浦和レッズ-ベガルタ仙台-大宮アルディージャ-ベガルタ仙台-水戸ホーリーホック-ベガルタ仙台,9,53,5,20200711,明治安田J2第4節,琉球,徳島,タピスタ,20200909,明治安田J2第18節,琉球,大宮,タピスタ,1,151021,151021
250,Ｊ２・Ｊ３百年構想,30527,栃木Ｃ,1635513,小西　慶太郎,KONISHI Keitaro,DF,28,埼玉県,177,76,20020406,北坂戸ＳＣ-坂戸ディプロマッツ-鹿島学園高-国士舘大,0,0,20,20250413,明治安田J3第9節,栃木Ｃ,高知,春野陸,,,,,,1,1001146,895971
250,Ｊ２・Ｊ３百年構想,30527,栃木Ｃ,1000105,加藤　大,KATO Masaru,MF,18,福岡県,175,72,19910507,ＦＣ杉野Ｊｒユース-三菱養和ＳＣユース-アルビレックス新潟-愛媛ＦＣ-アルビレックス新潟-愛媛ＦＣ-アルビレックス新潟-アビスパ福岡-アルビレックス新潟-Ｖ・ファーレン長崎,93,292,0,20100911,J1第22節,新潟,Ｇ大阪,東北電ス,20121021,J2第39節,愛媛,町田,町田,1,727064,727064
250,Ｊ２・Ｊ３百年構想,30527,栃木Ｃ,1400112,表原　玄太,OMOTEHARA Genta,MF,11,徳島県,167,67,19960228,阿南ＦＣＪｒユース-ヴィッセル神戸Ｕ－１８-愛媛ＦＣ-湘南ベルマーレ-徳島ヴォルティス-湘南ベルマーレ-徳島ヴォルティス-松本山雅ＦＣ,2,109,7,20140309,J2第2節,愛媛,水戸,ニンスタ,20140322,J2第4節,愛媛,東京Ｖ,ニンスタ,1,1000008,895954
250,Ｊ２・Ｊ３百年構想,30527,栃木Ｃ,1607078,岡庭　裕貴,OKANIWA Yuki,MF,10,東京都,172,70,19950103,横河武蔵野ＦＣジュニア-横河武蔵野ＦＣＪｒユース-横河武蔵野ＦＣユース-東京農業大-ザスパクサツ群馬-東京ユナイテッドＦＣ,0,36,47,20170226,明治安田J2第1節,群馬,長崎,トラスタ,20170816,明治安田J2第28節,群馬,山口,維新公園,1,1002213,895808
250,Ｊ２・Ｊ３百年構想,30527,栃木Ｃ,1607664,加藤　丈,KATO Joe,MF,6,マレーシア,162,65,19980914,ウェストペナントヒルズチェリーブルックライオンズ／オーストラリア-キャッスルヒルユナイテッド／オーストラリア-フットボールニューサウスウェールズ／オーストラリア-オーストラリアインスティテュートオブスポーツ／オーストラリア-ブリスベン　ロアーＦＣ／オーストラリア-フローレＳＫ／ノルウェー-アデレードＵＦＣ／オーストラリア-栃木シティ-ブリスベン　ロアー／オーストラリア,0,0,28,20250215,明治安田J3第1節,栃木Ｃ,相模原,ＣＦＳ,,,,,,1,50973,50973
250,Ｊ２・Ｊ３百年構想,30527,栃木Ｃ,1624511,森　俊貴,MORI Toshiki,MF,7,栃木県,178,71,19970829,栃木ＳＣジュニア-栃木ＳＣＪｒユース-栃木ＳＣユース-法政大-栃木ＳＣ,0,163,33,20200627,明治安田J2第2節,栃木,山形,ＮＤスタ,20200927,明治安田J2第22節,栃木,町田,栃木グ,1,798060,798060
250,Ｊ２・Ｊ３百年構想,30527,栃木Ｃ,1624572,宇都木　峻,UTSUGI Shun,MF,26,茨城県,178,71,19960921,古河第一小-古河第一中-佐野日大高-関西学院大-奈良クラブ-アルテリーヴォ和歌山,0,0,20,20250215,明治安田J3第1節,栃木Ｃ,相模原,ＣＦＳ,20250830,明治安田J3第25節,栃木Ｃ,沼津,愛鷹,1,1000007,895970
250,Ｊ２・Ｊ３百年構想,30527,栃木Ｃ,1639209,下田　栄祐,SHIMODA Yoshihiro,MF,44,岩手県,178,77,20040505,盛岡太田東サッカー少年団-鹿島アントラーズつくばＪｒユース-鹿島アントラーズユース-鹿島アントラーズ-いわきＦＣ-鹿島アントラーズ-いわきＦＣ-鹿島アントラーズ,0,37,0,20230611,明治安田J2第20節,いわき,山形,ＮＤスタ,20230903,明治安田J2第33節,いわき,岡山,いわきＧ,1,798279,
250,Ｊ２・Ｊ３百年構想,30527,栃木Ｃ,1647155,大嶌　貴,OSHIMA Takashi,MF,13,神奈川県,169,63,20001018,大根ＳＣ-湘南ベルマーレＵ－１５-湘南ベルマーレＵ－１８-作新学院大,0,0,15,20250628,明治安田J3第18節,栃木Ｃ,鹿児島,ＣＦＳ,20250705,明治安田J3第19節,栃木Ｃ,琉球,ＣＦＳ,1,1017624,895974
250,Ｊ２・Ｊ３百年構想,30527,栃木Ｃ,1656595,ペドロ　アウグスト,PEDORO AUGUSTO,MF,20,ブラジル,181,71,19970303,サンパウロＦＣ／ブラジル-ＥＣサンベント／ブラジル-サンパウロＦＣ／ブラジル-ロウレターノＤＣ／ポルトガル-サンパウロＦＣ／ブラジル-ＣＤトンデラ／ポルトガル-フォルタレーザＥＣ／ブラジル-スポルチ　レシフェ／ブラジル,0,0,0,,,,,,,,,,,1,1065633,
250,Ｊ２・Ｊ３百年構想,30527,栃木Ｃ,1200002,鈴木　武蔵,SUZUKI Musashi,FW,9,ジャマイカ,185,75,19940211,韮川西小サッカースポーツ少年団-ＦＣおおたＪｒユース-桐生第一高-アルビレックス新潟-水戸ホーリーホック-アルビレックス新潟-松本山雅ＦＣ-アルビレックス新潟-Ｖ・ファーレン長崎-北海道コンサドーレ札幌-ＫベールスホットＶ．Ａ．／ベルギー-ガンバ大阪-北海道コンサドーレ札幌-ガンバ大阪-横浜ＦＣ,246,15,3,20120519,J1第12節,新潟,磐田,東北電ス,20130525,J1第13節,新潟,川崎Ｆ,等々力,1,26830,26830
250,Ｊ２・Ｊ３百年構想,30527,栃木Ｃ,1200020,田中　パウロ淳一,TANAKA Paulo Junichi,FW,77,兵庫県,169,68,19931023,米田ＳＣ-兵庫ＦＣ-兵庫ＦＣＪｒユース-サルパＦＣＪｒユース-大阪桐蔭高-川崎フロンターレ-ツエーゲン金沢-ＦＣ岐阜-レノファ山口ＦＣ-松本山雅ＦＣ,3,203,70,20120630,J1第16節,川崎Ｆ,神戸,等々力,20140601,J3第14節,金沢,藤枝,石川西部,1,1053539,895952
250,Ｊ２・Ｊ３百年構想,30527,栃木Ｃ,1400225,平岡　将豪,HIRAOKA Masahide,FW,99,福岡県,174,74,19950512,ＦＣ中津１９８１-ＪＦＡアカデミー福島Ｕ－１５-ＪＦＡアカデミー福島Ｕ－１８-ＡＣ長野パルセイロ-アスルクラロ沼津-ＡＣ長野パルセイロ-いわきＦＣ-ＢＴＯＰ北海道,0,0,29,20150315,明治安田J3第1節,長野,町田,町田,20250316,明治安田J3第5節,栃木Ｃ,宮崎,ＣＦＳ,1,1000673,895812
250,Ｊ２・Ｊ３百年構想,30527,栃木Ｃ,1500447,齋藤　恵太,SAITO Keita,FW,29,宮城県,181,75,19930331,山元ＪＦＣ-山下中-聖和学園高-仙台大-福島ユナイテッドＦＣ-ロアッソ熊本-水戸ホーリーホック-ＡＣ長野パルセイロ-水戸ホーリーホック-ブラウブリッツ秋田-ファジアーノ岡山-栃木シティ-ファジアーノ岡山,1,185,84,20150329,明治安田J3第3節,福島,YS横浜,ニッパツ,20150426,明治安田J3第7節,福島,鳥取,とりスタ,1,789882,789882
250,Ｊ２・Ｊ３百年構想,30527,栃木Ｃ,1503334,西谷　和希,NISHIYA Kazuki,FW,24,栃木県,165,65,19931005,益子ＳＣストラーダ-ＪＥＦ宇都宮-鹿島学園高-流通経済大-栃木ＳＣ-徳島ヴォルティス-ツエーゲン金沢,22,199,114,20160313,明治安田J3第1節,栃木,鳥取,栃木グ,20160612,明治安田J3第12節,栃木,YS横浜,ニッパツ,1,790924,790924
250,Ｊ２・Ｊ３百年構想,30527,栃木Ｃ,1503569,山下　敬大,YAMASHITA Keita,FW,8,福岡県,185,81,19960313,川崎ＦＣ　Ｕ－１２-川崎ＦＣ　Ｕ－１５-九州国際大付属高-福岡大-レノファ山口ＦＣ-ジェフユナイテッド千葉-サガン鳥栖-ＦＣ東京-湘南ベルマーレ-ＦＣ東京,73,106,0,20180225,明治安田J2第1節,山口,熊本,みらスタ,20180321,明治安田J2第5節,山口,金沢,みらスタ,1,254464,254464
250,Ｊ２・Ｊ３百年構想,30527,栃木Ｃ,1636253,升掛　友護,MASUKAKE Yugo,FW,88,埼玉県,175,68,20030824,浦和文蔵サッカースポーツ少年団-柏レイソルＵ－１５-柏レイソルＵ－１８-柏レイソル-愛媛ＦＣ-柏レイソル-マリンガ／ブラジル-ブルメナウＦＣ／ブラジル-マリンガ／ブラジル,11,0,5,20220320,明治安田J1第5節,柏,名古屋,豊田ス,,,,,,1,254573,
250,Ｊ２・Ｊ３百年構想,30527,栃木Ｃ,1636321,ダヴィド　モーベルグ,DAVID MOBERG,FW,19,スウェーデン,179,74,19940320,ＩＦＫヨーテボリ／スウェーデン-サンダーランドＡＦＣ／イングランド-キルマーノックＦＣ／スコットランド-サンダーランドＡＦＣ／イングランド-ＦＣノアシェラン／デンマーク-ＩＦＫノルシェーピン／スウェーデン-ＡＣスパルタ　プラハ／チェコ-浦和レッズ-アリス　テッサロニキ／ギリシャ-ＩＦＫノルシェーピン／スウェーデン,29,0,0,20220319,明治安田J1第5節,浦和,磐田,埼玉,20220319,明治安田J1第5節,浦和,磐田,埼玉,1,32573,
250,Ｊ２・Ｊ３百年構想,30527,栃木Ｃ,1641490,小竹　知恩,KOTAKE Sean,FW,14,栃木県,181,80,20060414,ＦＥ．アトレチコ佐野-プログレッソ佐野ＦＣ　Ｕ－１５-清水エスパルスユース-清水エスパルス-ザスパ群馬-清水エスパルス,2,0,14,20250329,明治安田J1第7節,清水,湘南,アイスタ,20251123,明治安田J3第37節,群馬,松本,正田スタ,1,978597,896115
250,Ｊ２・Ｊ３百年構想,30527,栃木Ｃ,1647159,吉田　篤志,YOSHIDA Atsushi,FW,23,山形県,182,76,19990407,Ｓ．Ｆ．Ｃ．ジェラーレ-山形ＦＣＪｒユース-山形市立商高-いわきＦＣ-栃木シティ-ヴィアティン三重,0,0,23,20250215,明治安田J3第1節,栃木Ｃ,相模原,ＣＦＳ,20250215,明治安田J3第1節,栃木Ｃ,相模原,ＣＦＳ,1,1000013,895975
250,Ｊ２・Ｊ３百年構想,30103,群馬,1635450,近藤　壱成,KONDO Issei,GK,13,奈良県,188,86,20010115,アスペガス生駒ＦＣ-ジュビロ磐田Ｕ－１８-法政大-ジェフユナイテッド千葉,0,0,25,20250215,明治安田J3第1節,群馬,琉球,正田スタ,,,,,,1,798202,798202
250,Ｊ２・Ｊ３百年構想,30103,群馬,1637050,志賀　一允,SHIGA Kazumasa,GK,16,東京都,187,82,20010520,栗の実ＳＣ-柏レイソルＵ－１２-柏レイソルＵ－１５-柏レイソルＵ－１８-東京国際大-沖縄ＳＶ,0,0,0,,,,,,,,,,,1,1014030,
250,Ｊ２・Ｊ３百年構想,30103,群馬,1647378,山田　和季,YAMADA Kazuki,GK,1,兵庫県,185,80,20031230,西宮ＳＳ-西宮ＳＳジュニアユース-近江高-関西大,0,0,0,,,,,,,,,,,1,,
250,Ｊ２・Ｊ３百年構想,30103,群馬,1650809,キム　ジェヒ,KIM Je Hee,GK,88,大韓民国,185,80,20060516,密城小／大韓民国-五常中／大韓民国-慶南ＦＣ　Ｕ１８／大韓民国-盈徳高／大韓民国,0,0,14,20250330,明治安田J3第7節,群馬,北九州,正田スタ,,,,,,1,1003777,896080
250,Ｊ２・Ｊ３百年構想,30103,群馬,1200028,小柳　達司,KOYANAGI Tatsushi,DF,30,千葉県,181,80,19900207,つつみＦＣ-三郷早稲田中-専修大松戸高-日本体育大-ザスパクサツ群馬-ツエーゲン金沢-ザスパクサツ群馬-ツエーゲン金沢-ヴァンフォーレ甲府-ブラウブリッツ秋田-ザスパ群馬-ブラウブリッツ秋田,0,343,32,20120401,J2第6節,草津,横浜FC,正田スタ,20130601,J2第17節,群馬,長崎,正田スタ,1,789891,789891
250,Ｊ２・Ｊ３百年構想,30103,群馬,1604175,菊地　健太,KIKUCHI Kenta,DF,14,東京都,171,71,20000528,ジェファＦＣ-ＪＦＡアカデミー福島Ｕ－１５-ＪＦＡアカデミー福島Ｕ－１８-専修大,0,17,15,20231014,明治安田J2第32節,群馬,藤枝,藤枝サ,,,,,,1,798081,798081
250,Ｊ２・Ｊ３百年構想,30103,群馬,1629996,大畑　隆也,OHATA Ryuya,DF,3,群馬県,180,77,19971012,前橋ＦＣ-前橋育英高-日本体育大-テゲバジャーロ宮崎-カターレ富山,0,25,113,20210404,明治安田J3第4節,宮崎,熊本,えがおＳ,20211107,明治安田J3第26節,宮崎,讃岐,ピカスタ,1,813818,815856
250,Ｊ２・Ｊ３百年構想,30103,群馬,1636297,貫　真郷,NUKI Masato,DF,22,埼玉県,185,80,20031002,大宮アルディージャジュニア-大宮アルディージャＪｒユース-大宮アルディージャＵ１８-大宮アルディージャ-ラインメール青森ＦＣ-ＲＢ大宮アルディージャ,0,11,3,20220710,明治安田J2第26節,大宮,東京Ｖ,ＮＡＣＫ,,,,,,1,798130,798130
250,Ｊ２・Ｊ３百年構想,30103,群馬,1637086,田頭　亮太,TAGASHIRA Ryota,DF,2,東京都,170,67,20020207,練馬ＦＣＵ１２-練馬ＦＣＵ１５-東福岡高-東洋大-ザスパ群馬-奈良クラブ,0,25,16,20230709,明治安田J2第25節,群馬,大宮,正田スタ,20240526,明治安田J2第17節,群馬,秋田,ソユスタ,1,798095,798095
250,Ｊ２・Ｊ３百年構想,30103,群馬,1645972,中野　力瑠,NAKANO Rikiru,DF,25,東京都,185,82,20051219,ＡＺ’８６東京青梅ジュニア-ＡＺ’８６東京青梅ジュニアユース-桐生第一高,0,0,1,20250607,明治安田J3第15節,群馬,栃木SC,カンセキ,,,,,,1,990990,894402
250,Ｊ２・Ｊ３百年構想,30103,群馬,1648744,秋元　琉星,AKIMOTO Ryusei,DF,26,青森県,180,79,20030125,青森福田ＳＳＳ-青森山田中-青森山田高-新潟医療福祉大,0,0,0,,,,,,,,,,,1,1032892,
250,Ｊ２・Ｊ３百年構想,30103,群馬,1650549,野瀬　翔也,NOSE Shoya,DF,43,愛知県,185,75,20030214,名古屋グランパスＵ－１２-名東クラブＪｒユース-東邦高-阪南大,0,0,25,20250323,明治安田J3第6節,群馬,奈良,ロートＦ,,,,,,1,1000670,896081
250,Ｊ２・Ｊ３百年構想,30103,群馬,1656067,キム　グニル,KIM Gunil,DF,5,大韓民国,190,85,20021206,慶熙中／大韓民国-高陽高／大韓民国-Ｇｏａｌ　Ｃｌｕｂ　Ｕ１８／大韓民国-全州電気大／大韓民国-江陵市民ＳＣ／大韓民国-城南ＦＣ／大韓民国-驪州ＦＣ／大韓民国-ヤンチョン　ＴＮＴ　ＦＣ／大韓民国,0,0,0,,,,,,,,,,,1,,
250,Ｊ２・Ｊ３百年構想,30103,群馬,1656653,シルヴァン　デランド,SYLVAIN DESLANDES,DF,23,フランス,190,86,19970425,スタッド　マルヘルベ　カーン／フランス-ウルバーハンプトンワンダラーズ／イングランド-ベリー／イングランド-ポーツマスＦＣ／イングランド-ＦＣフミージャ／スペイン-ＦＣアルジェス／ルーマニア-デブレツェニＶＳＣ／ハンガリー-サバイルＦＫ／アゼルバイジャン-オムニアＦＣ／キプロス,0,0,0,,,,,,,,,,,1,,
250,Ｊ２・Ｊ３百年構想,30103,群馬,1200831,風間　宏希,KAZAMA Koki,MF,15,静岡県,177,74,19910619,江尻サッカースポーツ少年団-清水ＦＣ-清水商高-ロウレターノＤＣ／ポルトガル-ＴｕＳコブレンツ／ドイツ-川崎フロンターレ-ギラヴァンツ北九州-モンテディオ山形-ザスパクサツ群馬-モンテディオ山形-ＦＣ琉球,17,358,46,20120728,J1第19節,川崎Ｆ,大宮,等々力,20140330,J2第5節,北九州,讃岐,本城,1,789860,789860
250,Ｊ２・Ｊ３百年構想,30103,群馬,1503033,米原　秀亮,YONEHARA Shusuke,MF,6,熊本県,184,76,19980420,河江イレブン-ロアッソ熊本Ｊｒユース-ロアッソ熊本ユース-ロアッソ熊本-松本山雅ＦＣ-ヴァンフォーレ甲府-松本山雅ＦＣ,0,62,66,20170617,明治安田J2第19節,熊本,徳島,鳴門大塚,20240914,明治安田J3第28節,松本,今治,アシさと,1,929361,815745
250,Ｊ２・Ｊ３百年構想,30103,群馬,1605023,瀬畠　義成,SEHATA Gijo,MF,37,神奈川県,182,78,20010119,ＪＦＡアカデミー福島Ｕ－１５-ＪＦＡアカデミー福島Ｕ－１８-東洋大-Ｖ・ファーレン長崎-ザスパ群馬-Ｖ・ファーレン長崎-ザスパ群馬-Ｖ・ファーレン長崎,0,22,28,20230527,明治安田J2第18節,長崎,磐田,トラスタ,20251102,明治安田J3第34節,群馬,金沢,ゴースタ,1,798091,798091
250,Ｊ２・Ｊ３百年構想,30103,群馬,1610940,藤村　怜,FUJIMURA Ren,MF,27,北海道,176,70,19990526,栗山ＦＣ-コンサドーレ札幌Ｕ－１５-北海道コンサドーレ札幌Ｕ－１８-北海道コンサドーレ札幌-モンテディオ山形-北海道コンサドーレ札幌-いわてグルージャ盛岡,1,5,66,20190630,明治安田J1第17節,札幌,仙台,ユアスタ,20230806,明治安田J3第21節,岩手,長野,長野Ｕ,1,26843,26843
250,Ｊ２・Ｊ３百年構想,30103,群馬,1617890,山口　一真,YAMAGUCHI Kazuma,MF,10,東京都,175,70,19960117,山梨学院大付属高-阪南大-鹿島アントラーズ-水戸ホーリーホック-鹿島アントラーズ-松本山雅ＦＣ-ＦＣ町田ゼルビア-松本山雅ＦＣ-ＦＣ町田ゼルビア-松本山雅ＦＣ-ザスパ群馬-松本山雅ＦＣ,17,76,47,20180414,明治安田J1第8節,鹿島,名古屋,カシマ,20181106,明治安田J1第32節,鹿島,柏,三協Ｆ柏,1,929363,815747
250,Ｊ２・Ｊ３百年構想,30103,群馬,1617962,西村　恭史,NISHIMURA Yasufumi,MF,7,大阪府,185,78,19991104,長野ＦＣ-興国高-清水エスパルス-ファジアーノ岡山-清水エスパルス-ギラヴァンツ北九州-清水エスパルス-ギラヴァンツ北九州-清水エスパルス-ＡＣ長野パルセイロ-清水エスパルス-ＡＣ長野パルセイロ,10,32,134,20200223,明治安田J1第1節,清水,FC東京,アイスタ,20210809,明治安田J2第24節,北九州,琉球,ミクスタ,1,929211,815773
250,Ｊ２・Ｊ３百年構想,30103,群馬,1624841,下川　太陽,SHIMOKAWA Taiyo,MF,20,大阪府,165,62,20020307,ヴィトーリア松原ＦＣ-セレッソ大阪Ｕ－１５-セレッソ大阪Ｕ－１８-カマタマーレ讃岐,0,0,117,20190330,明治安田J3第4節,Ｃ大23,藤枝,ヤンマー,20190706,明治安田J3第15節,Ｃ大23,讃岐,ピカスタ,1,929337,815664
250,Ｊ２・Ｊ３百年構想,30103,群馬,1632218,神垣　陸,KAMIGAKI Riku,MF,8,群馬県,179,70,19980714,図南ＳＣ前橋-前橋ＦＣ-尚志高-桐蔭横浜大-レノファ山口ＦＣ-奈良クラブ,0,81,68,20210313,明治安田J2第3節,山口,新潟,みらスタ,20210619,明治安田J2第19節,山口,甲府,ＪＩＴス,1,727156,727156
250,Ｊ２・Ｊ３百年構想,30103,群馬,1636515,安達　秀都,ADACHI Shuto,MF,36,熊本県,170,63,20040715,リベルタ北熊本-ソレッソ熊本-ヴィッセル神戸Ｕ－１８-ヴィッセル神戸-いわてグルージャ盛岡-ヴィッセル神戸-ザスパ群馬-ヴィッセル神戸,0,0,63,20240225,明治安田J3第1節,岩手,讃岐,ピカスタ,20250906,明治安田J3第26節,群馬,琉球,沖縄県陸,1,928993,815700
250,Ｊ２・Ｊ３百年構想,30103,群馬,1639185,モハマド　ファルザン佐名,MOHAMADO Faruzansana,MF,19,千葉県,175,68,20040630,高洲ＳＣホッパーズ-柏レイソルＵ－１２-柏レイソルＵ－１５-柏レイソルＵ－１８-柏レイソル-ザスパ群馬-柏レイソル,3,0,8,20230319,明治安田J1第5節,柏,広島,Ｅスタ,20250719,明治安田J3第21節,群馬,栃木Ｃ,ＣＦＳ,1,606589,606589
250,Ｊ２・Ｊ３百年構想,30103,群馬,1643982,古賀　竣,KOGA Shun,MF,44,島根県,175,70,20070807,ＦＣボア益田-レノファ山口ＦＣ　Ｕ－１５-プラシア山口ＦＣ　Ｕ１５-ＦＣ東京Ｕ－１８,0,0,0,,,,,,,,,,,1,,
250,Ｊ２・Ｊ３百年構想,30103,群馬,1644220,玉城　大志,TAMASHIRO Taishi,MF,4,埼玉県,174,73,20010410,岸町ＳＳＳ-浦和レッズＪｒユース-浦和レッズユース-仙台大-ザスパ群馬-ガイナーレ鳥取,0,9,14,20240316,明治安田J2第4節,群馬,愛媛,正田スタ,20250418,明治安田J3第10節,群馬,FC大阪,紀三井寺,1,814254,896085
250,Ｊ２・Ｊ３百年構想,30103,群馬,1651714,櫻井　文陽,SAKURAI Ayahi,MF,33,大阪府,165,62,20030522,ガンバ大阪ジュニア-千里丘ＦＣ-阪南大高-阪南大,0,0,7,20250705,明治安田J3第19節,群馬,松本,サンアル,,,,,,1,1017880,897583
250,Ｊ２・Ｊ３百年構想,30103,群馬,1655796,ソン　ミンソッ,SONG Min Seob,MF,97,大韓民国,187,78,20070920,京畿道ＰＥＣ　ＵＴＤ／大韓民国-梅灘中／大韓民国-水原ＦＣ　Ｕ－１５／大韓民国-水原ＦＣ　Ｕ－１８／大韓民国,0,0,0,,,,,,,,,,,1,1050334,
250,Ｊ２・Ｊ３百年構想,30103,群馬,1655798,佐藤　凜弥,SATO Rinya,MF,39,広島県,170,64,20070801,ＦＣＫマリーゴールド熊本Ｕ－１２-ロアッソ熊本Ｊｒユース-桐光学園高,0,0,0,,,,,,,,,,,1,,
250,Ｊ２・Ｊ３百年構想,30103,群馬,1655799,原田　高虎,HARADA Takatora,MF,42,大分県,176,66,20071101,大分トリニータＵ－１２-ヴェルスパ大分Ｕ－１５-国見高,0,0,0,,,,,,,,,,,1,,
250,Ｊ２・Ｊ３百年構想,30103,群馬,1300048,青木　翔大,AOKI Shota,FW,9,神奈川県,183,80,19900811,毛利台ＦＣ-クラブフットワークＪｒユース-鹿島学園高-桐蔭横浜大-横浜ＦＣ-ＡＣ長野パルセイロ-横浜ＦＣ-ＦＣ琉球-横浜ＦＣ-アスルクラロ沼津-ザスパクサツ群馬-ブラウブリッツ秋田,0,162,139,20130320,J2第4節,横浜FC,群馬,正田スタ,20140309,J3第1節,琉球,J-22,沖縄県陸,1,789896,789896
250,Ｊ２・Ｊ３百年構想,30103,群馬,1630220,中島　大嘉,NAKASHIMA Taika,FW,99,大阪府,188,88,20020608,アイリスＦＣ住吉-ＲＩＰ　ＡＣＥ　ＳＣ　Ｕ－１５-国見高-北海道コンサドーレ札幌-名古屋グランパス-北海道コンサドーレ札幌-藤枝ＭＹＦＣ-北海道コンサドーレ札幌-水戸ホーリーホック-北海道コンサドーレ札幌-ザスパ群馬-北海道コンサドーレ札幌,37,25,4,20210310,明治安田J1第3節,札幌,広島,Ｅスタ,20220319,明治安田J1第5節,札幌,Ｃ大阪,ヨドコウ,1,254514,254514
250,Ｊ２・Ｊ３百年構想,30103,群馬,1632256,加々美　登生,KAGAMI Toi,FW,11,山梨県,172,69,19990215,ヴァンフォーレ甲府Ｕ－１５-ヴァンフォーレ甲府Ｕ－１８-桐蔭横浜大-いわてグルージャ盛岡,0,24,100,20210321,明治安田J3第2節,岩手,鳥取,Ａｘｉｓ,20210411,明治安田J3第5節,岩手,八戸,プラスタ,1,928985,815691
250,Ｊ２・Ｊ３百年構想,30103,群馬,1641371,出間　思努,IZUMA Shido,FW,69,北海道,175,73,20050615,北海道コンサドーレ札幌Ｕ－１２-北海道コンサドーレ札幌Ｕ－１５-北海道コンサドーレ札幌Ｕ－１８-北海道コンサドーレ札幌,0,6,0,20250223,明治安田J2第2節,札幌,熊本,えがおＳ,,,,,,1,706353,706353
250,Ｊ２・Ｊ３百年構想,30103,群馬,1642635,百田　真登,HYAKUDA Manato,FW,17,大阪府,178,74,20010404,宇山ＳＣ-ガンバ大阪門真Ｊｒユース-関大一高-関西大-奈良クラブ,0,0,60,20231126,明治安田J3第37節,奈良,鳥取,ロートＦ,20240224,明治安田J3第1節,奈良,琉球,ロートＦ,1,929044,815389
250,Ｊ２・Ｊ３百年構想,30103,群馬,1645925,田中　翔太,TANAKA Shota,FW,18,千葉県,178,78,20010410,中原ＳＣ-エクサス松戸ＳＣ-青森山田高-新潟医療福祉大-ガイナーレ鳥取,0,0,64,20240225,明治安田J3第1節,鳥取,今治,里山Ｓ,20240310,明治安田J3第3節,鳥取,宮崎,Ａｘｉｓ,1,929256,815533
250,Ｊ２・Ｊ３百年構想,30103,群馬,1650550,小西　宏登,KONISHI Hiroto,FW,38,大阪府,171,72,20021112,ＦＣ．ＶＯＬＥＮＴＥ大阪-阪南大高-立命館大,0,0,26,20250215,明治安田J3第1節,群馬,琉球,正田スタ,20250308,明治安田J3第4節,群馬,鹿児島,白波スタ,1,1000022,895978
250,Ｊ２・Ｊ３百年構想,30103,群馬,1655797,松本　皐誠,MATSUMOTO Kosei,FW,29,三重県,173,65,20030812,愛宕サッカー少年団-名古屋グランパスＵ－１５-名古屋グランパスＵ－１８-専修大,0,0,0,,,,,,,,,,,1,1050338,
250,Ｊ２・Ｊ３百年構想,199,大宮,1000432,笠原　昂史,KASAHARA Takashi,GK,1,埼玉県,191,91,19881121,江南南サッカー少年団-クマガヤＳＣ-市立船橋高-明治大-水戸ホーリーホック-大宮アルディージャ-Ｖ・ファーレン長崎,0,257,38,20130317,J2第3節,水戸,鳥取,とりスタ,,,,,,1,727394,727394
250,Ｊ２・Ｊ３百年構想,199,大宮,1500483,志村　滉,SHIMURA Ko,GK,40,千葉県,186,80,19960427,バディーＳＣ千葉-ヴィヴァイオ船橋-市立船橋高-ジュビロ磐田-水戸ホーリーホック-ジュビロ磐田-ＦＣ東京-ジュビロ磐田-ギラヴァンツ北九州-大宮アルディージャ-ギラヴァンツ北九州,10,41,0,20160611,明治安田J1 1st第15節,磐田,FC東京,エコパ,,,,,,1,727395,727395
250,Ｊ２・Ｊ３百年構想,199,大宮,1634951,トム　グローバー,TOM GLOVER,GK,24,オーストラリア,197,94,19971224,トッテナム　ホットスパー／イングランド-セントラルコースト　マリナーズＦＣ／オーストラリア-トッテナム　ホットスパー／イングランド-ヘルシンボリ／スウェーデン-メルボルンシティＦＣ／オーストラリア-ミドルスブラ／イングランド,0,0,0,,,,,,,,,,,1,31456,
250,Ｊ２・Ｊ３百年構想,199,大宮,1636291,若林　学歩,WAKABAYASHI Manafu,GK,50,東京都,196,88,20040310,椚田中-狭山ヶ丘高-大宮アルディージャ-いわてグルージャ盛岡-ＲＢ大宮アルディージャ-横河武蔵野ＦＣ,0,1,0,20220820,明治安田J2第32節,大宮,町田,ＮＡＣＫ,,,,,,1,,
250,Ｊ２・Ｊ３百年構想,199,大宮,1400734,茂木　力也,MOTEGI Rikiya,DF,22,埼玉県,176,73,19960927,江南南サッカー少年団-クマガヤＳＣ-浦和レッズユース-浦和レッズ-愛媛ＦＣ-浦和レッズ-モンテディオ山形-浦和レッズ-愛媛ＦＣ-浦和レッズ-愛媛ＦＣ,1,270,41,20150315,明治安田J3第1節,J-22,相模原,ギオンス,20150920,明治安田J3第29節,J-22,相模原,ギオンス,1,727391,727391
250,Ｊ２・Ｊ３百年構想,199,大宮,1604177,西尾　隆矢,NISHIO Ryuya,DF,88,大阪府,182,86,20010516,ＦＣグラシオン-セレッソ大阪Ｕ－１５-セレッソ大阪Ｕ－１８-セレッソ大阪,118,0,53,20180623,明治安田J3第15節,Ｃ大23,藤枝,金鳥スタ,20200927,明治安田J3第18節,Ｃ大23,YS横浜,ニッパツ,1,74126,74126
250,Ｊ２・Ｊ３百年構想,199,大宮,1605020,イヨハ　理　ヘンリー,IYOHA Osamu Henry,DF,13,愛知県,182,82,19980623,ＦＣフェルボール愛知-サンフレッチェ広島ユース-サンフレッチェ広島-ＦＣ岐阜-サンフレッチェ広島-ＦＣ岐阜-サンフレッチェ広島-ＦＣ岐阜-サンフレッチェ広島-鹿児島ユナイテッドＦＣ-サンフレッチェ広島-ロアッソ熊本-サンフレッチェ広島-京都サンガF.C.-サンフレッチェ広島-ＲＢ大宮アルディージャ-サンフレッチェ広島,21,66,36,20180225,明治安田J2第1節,岐阜,福岡,レベスタ,20201025,明治安田J3第23節,岐阜,岩手,北上,1,606617,606617
250,Ｊ２・Ｊ３百年構想,199,大宮,1629466,加藤　聖,KATO Hijiri,DF,3,兵庫県,169,68,20010916,ヴィッセル神戸Ｕ－１２-鹿の子台ＦＣ-ＪＦＡアカデミー福島Ｕ－１５-ＪＦＡアカデミー福島Ｕ－１８-Ｖ・ファーレン長崎-横浜Ｆ・マリノス-ファジアーノ岡山,38,61,0,20210327,明治安田J2第5節,長崎,大宮,ＮＡＣＫ,20210825,明治安田J2第24節,長崎,金沢,石川西部,1,727162,727162
250,Ｊ２・Ｊ３百年構想,199,大宮,1630187,尾崎　優成,OZAKI Yusei,DF,19,山口県,186,82,20030726,ヴィッセル神戸Ｕ－１５-ヴィッセル神戸Ｕ－１８-ヴィッセル神戸-愛媛ＦＣ-ヴィッセル神戸-ブラウブリッツ秋田-ヴィッセル神戸,2,46,0,20230218,明治安田J1第1節,神戸,福岡,ノエスタ,,,,,,1,130344,130344
250,Ｊ２・Ｊ３百年構想,199,大宮,1635019,ガブリエウ,GABRIEL,DF,5,ブラジル,180,81,19950314,アトレチコ　ミネイロ／ブラジル-ボタフォゴ／ブラジル-アトレチコ　ミネイロ／ブラジル-横浜ＦＣ,13,75,0,20210809,明治安田J1第23節,横浜FC,名古屋,ニッパツ,20220515,明治安田J2第16節,横浜FC,徳島,ニッパツ,1,31615,31615
250,Ｊ２・Ｊ３百年構想,199,大宮,1635347,村上　陽介,MURAKAMI Yosuke,DF,34,東京都,184,80,20020204,ＦＣトッカーノＵ－１２-ＦＣトッカーノＵ－１５-大宮アルディージャＵ１８-明治大,0,15,35,20240302,明治安田J3第2節,大宮,岐阜,ＮＡＣＫ,20250413,明治安田J2第9節,大宮,秋田,ソユスタ,1,929450,815889
250,Ｊ２・Ｊ３百年構想,199,大宮,1641667,関口　凱心,SEKIGUCHI Kaishin,DF,37,埼玉県,180,73,20010924,柳崎ＳＣＪ-大宮アルディージャＪｒユース-西武台高-山梨学院大,0,31,10,20230422,明治安田J2第11節,大宮,清水,ＮＡＣＫ,20240914,明治安田J3第28節,大宮,北九州,ＮＡＣＫ,1,798132,798132
250,Ｊ２・Ｊ３百年構想,199,大宮,1643569,酒井　舜哉,SAKAI Shunya,DF,32,,,,,,0,0,0,,,,,,,,,,,0,,
250,Ｊ２・Ｊ３百年構想,199,大宮,1646943,木寺　優直,KIDERA Sunao,DF,44,埼玉県,179,65,20080912,なかよしくらぶ-大宮アルディージャＵ１２-大宮アルディージャＵ１５,0,0,0,,,,,,,,,,,1,1067254,
250,Ｊ２・Ｊ３百年構想,199,大宮,1646947,熊田　佳斗,KUMADA Yoshito,DF,25,埼玉県,185,80,20090905,グランデＦＣ-ＦＣ　Ｇｏｉｓ-大宮アルディージャＵ１２-大宮アルディージャＵ１５,0,0,0,,,,,,,,,,,1,,
250,Ｊ２・Ｊ３百年構想,199,大宮,1656022,井芹　響輔,ISERI Kyosuke,DF,46,埼玉県,171,62,20090429,大宮ジャックＳＣ-大宮アルディージャＵ１２-大宮アルディージャＵ１５,0,0,0,,,,,,,,,,,1,,
250,Ｊ２・Ｊ３百年構想,199,大宮,900054,和田　拓也,WADA Takuya,MF,33,神奈川県,170,68,19900728,明治サッカースポーツ少年団-ヴェルディＪｒユース-東京ヴェルディユース-東京ヴェルディ-ベガルタ仙台-大宮アルディージャ-サンフレッチェ広島-横浜Ｆ・マリノス-サンフレッチェ広島-横浜Ｆ・マリノス-横浜ＦＣ,163,181,15,20090307,J2第1節,東京Ｖ,徳島,鳴門大塚,20150708,明治安田J2第22節,大宮,札幌,札幌ド,1,27032,27032
250,Ｊ２・Ｊ３百年構想,199,大宮,1400086,石川　俊輝,ISHIKAWA Toshiki,MF,6,埼玉県,174,70,19910710,大増サンライズＦＣ-大宮アルディージャＪｒユース-大宮アルディージャユース-東洋大-湘南ベルマーレ-大宮アルディージャ-ヴァンフォーレ甲府,74,168,36,20140503,J2第11節,湘南,水戸,Ｋｓスタ,20170603,明治安田J2第17節,湘南,長崎,ＢＭＷス,1,727393,727393
250,Ｊ２・Ｊ３百年構想,199,大宮,1500460,小島　幹敏,KOJIMA Masato,MF,7,埼玉県,178,73,19960917,大宮大成サッカースポーツ少年団-大宮アルディージャジュニア-大宮アルディージャＪｒユース-大宮アルディージャユース-大宮アルディージャ-水戸ホーリーホック-大宮アルディージャ-水戸ホーリーホック,0,263,39,20150705,明治安田J3第19節,J-22,盛岡,盛岡南,20180317,明治安田J2第4節,水戸,山口,Ｋｓスタ,1,727389,727389
250,Ｊ２・Ｊ３百年構想,199,大宮,1624317,アルトゥール　シルバ,ARTHUR SILVA,MF,30,,,,,,0,0,0,,,,,,,,,,,0,26858,26858
250,Ｊ２・Ｊ３百年構想,199,大宮,1633521,泉　柊椰,IZUMI Toya,MF,14,大阪府,174,66,20001202,八尾太陽リンクスＳＣ-柏田ＳＣ-ヴィッセル神戸Ｕ－１８-びわこ成蹊スポーツ大-ヴィッセル神戸-モンテディオ山形-ヴィッセル神戸-大宮アルディージャ-ヴィッセル神戸,8,42,38,20230225,明治安田J1第2節,神戸,札幌,札幌ド,20230318,明治安田J1第5節,神戸,鳥栖,駅スタ,1,606597,606597
250,Ｊ２・Ｊ３百年構想,199,大宮,1636988,加藤　玄,KATO Gen,MF,16,愛知県,183,79,20030415,刈谷８１ＦＣ-名古屋グランパスＵ－１５-名古屋グランパスＵ－１８-筑波大-名古屋グランパス,8,0,0,20250215,明治安田J1第1節,名古屋,川崎Ｆ,Ｕ等々力,,,,,,1,999862,895946
250,Ｊ２・Ｊ３百年構想,199,大宮,1640429,阿部　来誠,ABE Raisei,MF,31,,,,,,0,0,0,,,,,,,,,,,0,798125,798125
250,Ｊ２・Ｊ３百年構想,199,大宮,1641589,中山　昂大,NAKAYAMA Kota,MF,15,埼玉県,187,80,20020706,新座西堀キッカーズ-大宮アルディージャジュニア-大宮アルディージャＪｒユース-大宮アルディージャＵ１８-東洋大,0,10,0,20250222,明治安田J2第2節,大宮,甲府,ＮＡＣＫ,,,,,,1,989800,892576
250,Ｊ２・Ｊ３百年構想,199,大宮,1646951,神田　泰斗,KANDA Taito,MF,17,群馬県,180,69,20080507,インテルナチオナーレ前橋ＦＣ-ＰＡＬＡＩＳＴＲＡ　Ｕ－１２-大宮アルディージャＵ１５,0,0,0,,,,,,,,,,,1,1006365,
250,Ｊ２・Ｊ３百年構想,199,大宮,1646958,エドワード　真秀,EDWARD Matthew,MF,47,埼玉県,181,77,20080721,ＮＥＯＳ　ＦＣ-大宮アルディージャＵ１５,0,0,0,,,,,,,,,,,1,,
250,Ｊ２・Ｊ３百年構想,199,大宮,1651478,小林　柚希,KOBAYASHI Yuzuki,MF,43,群馬県,175,68,20080413,インテルナチオナーレ前橋ＦＣ-ＰＡＬＡＩＳＴＲＡ　Ｕ－１２-大宮アルディージャＵ１５,0,0,0,,,,,,,,,,,1,,
250,Ｊ２・Ｊ３百年構想,199,大宮,1652654,松井　匠,MATSUI Takumi,MF,27,高知県,174,74,20031121,十津三里ＦＣ-高知中-高知高-阪南大,0,0,0,,,,,,,,,,,1,1049812,
250,Ｊ２・Ｊ３百年構想,199,大宮,1656068,カウアン　ディニース,KAUA DINIZ,MF,8,ブラジル,186,75,20040307,アメリカ　ミネイロ／ブラジル,0,0,0,,,,,,,,,,,1,800694,
250,Ｊ２・Ｊ３百年構想,199,大宮,1000648,杉本　健勇,SUGIMOTO Kenyu,FW,23,大阪府,188,80,19921118,ＦＣルイラモスヴェジット-セレッソ大阪Ｕ－１５-セレッソ大阪Ｕ－１８-セレッソ大阪-東京ヴェルディ-セレッソ大阪-川崎フロンターレ-セレッソ大阪-浦和レッズ-横浜Ｆ・マリノス-浦和レッズ-ジュビロ磐田-浦和レッズ-ジュビロ磐田-横浜Ｆ・マリノス-ジュビロ磐田-大宮アルディージャ-ジュビロ磐田,296,99,34,20110723,J1第6節,Ｃ大阪,清水,長居,20110824,J1第23節,Ｃ大阪,横浜FM,ニッパ球,1,26998,26998
250,Ｊ２・Ｊ３百年構想,199,大宮,1300051,豊川　雄太,TOYOKAWA Yuta,FW,10,熊本県,171,68,19940909,大津高-鹿島アントラーズ-ファジアーノ岡山-鹿島アントラーズ-ファジアーノ岡山-鹿島アントラーズ-ＫＡＳオイペン／ベルギー-セレッソ大阪-京都サンガF.C.,142,110,5,20140301,J1第1節,鹿島,甲府,国立,20140315,J1第3節,鹿島,鳥栖,ベアスタ,1,14713,14713
250,Ｊ２・Ｊ３百年構想,199,大宮,1636322,オリオラ　サンデー,ORIOLA SUNDAY,FW,90,ナイジェリア,178,75,20030418,ＩＢスポーツドリームスＦＣ／ナイジェリア-福知山成美高-徳島ヴォルティス-ヴァンラーレ八戸-徳島ヴォルティス,0,33,48,20220219,明治安田J2第1節,徳島,金沢,鳴門大塚,20231008,明治安田J3第30節,八戸,長野,長野Ｕ,1,798205,798205
250,Ｊ２・Ｊ３百年構想,199,大宮,1639186,山本　桜大,YAMAMOTO Ota,FW,45,広島県,175,70,20040604,大和田ＦＣ-柏レイソルＵ－１２-柏レイソルＵ－１５-柏レイソルＵ－１８-柏レイソル-栃木ＳＣ-柏レイソル-レノファ山口ＦＣ-柏レイソル,16,42,0,20230218,明治安田J1第1節,柏,Ｇ大阪,三協Ｆ柏,20240810,明治安田J2第26節,栃木,山口,みらスタ,1,606622,606622
250,Ｊ２・Ｊ３百年構想,199,大宮,1639207,磯﨑　麻玖,ISOZAKI Mark,FW,48,埼玉県,192,85,20060526,慈恩寺キッカーズ-さいたまシティノースＦＣ-大宮アルディージャＵ１５-大宮アルディージャＵ１８,0,0,0,,,,,,,,,,,1,,
250,Ｊ２・Ｊ３百年構想,199,大宮,1640494,カプリーニ,CAPRINI,FW,11,ブラジル,170,76,19971111,ジュべントゥージ／ブラジル-アトレチコ　パラナエンセ／ブラジル-ジュべントゥージ／ブラジル-ＥＣバイーアＢ／ブラジル-エスポルチーヴォ／ブラジル-ジュべントゥージ／ブラジル-イピランガＲＳ／ブラジル-ジュべントゥージ／ブラジル-ジュべントゥージ／ブラジル-ロンドリーナＥＣ／ブラジル-横浜ＦＣ,22,73,0,20230218,明治安田J1第1節,横浜FC,名古屋,ニッパツ,20231111,明治安田J1第32節,横浜FC,鳥栖,駅スタ,1,175867,175867
250,Ｊ２・Ｊ３百年構想,199,大宮,1646957,中島　大翔,NAKAJIMA Haruto,FW,42,埼玉県,165,57,20081016,アラディオーロ-大宮アルディージャＵ１２-大宮アルディージャＵ１５,0,0,0,,,,,,,,,,,1,,
250,Ｊ２・Ｊ３百年構想,199,大宮,1654127,日髙　元,HIDAKA Hajime,FW,20,宮崎県,165,63,20071113,インセブルＦＣ　Ｕ－１２-神村学園中-神村学園高,0,0,0,,,,,,,,,,,1,1049814,
250,Ｊ２・Ｊ３百年構想,199,大宮,1655847,マギー　ジェラニー　蓮,MCGHEE Jelani Ren,FW,49,沖縄県,186,86,20081224,ＦＣ琉球Ｕ－１２-ＦＣ琉球Ｕ－１５-ＦＣ市川ＧＵＮＮＥＲＳ　Ｕ－１５-ＦＣ琉球Ｕ－１８-ＦＣ琉球,0,0,0,,,,,,,,,,,1,,
250,Ｊ２・Ｊ３百年構想,296,横浜FC,1607128,市川　暉記,ICHIKAWA Akinori,GK,21,神奈川県,190,86,19981019,ＦＣ中井-湘南ベルマーレ小田原-星槎国際高湘南-横浜ＦＣ-ガイナーレ鳥取-横浜ＦＣ-ガンバ大阪,32,41,10,20190331,明治安田J3第4節,鳥取,富山,チュスタ,,,,,,1,606615,606615
250,Ｊ２・Ｊ３百年構想,296,横浜FC,1619337,石井　僚,ISHII Ryo,GK,42,群馬県,191,84,20000711,高崎北ＳＣ-上州ＦＣ高崎-浦和レッズユース-浦和レッズ-レノファ山口ＦＣ-浦和レッズ-Ｙ．Ｓ．Ｃ．Ｃ．横浜-浦和レッズ-Ｙ．Ｓ．Ｃ．Ｃ．横浜-浦和レッズ-ザスパ群馬,0,5,17,20211121,明治安田J3第28節,YS横浜,熊本,えがおＳ,,,,,,1,789868,789868
250,Ｊ２・Ｊ３百年構想,296,横浜FC,1627462,ヤクブ　スウォビィク,JAKUB SLOWIK,GK,27,ポーランド,190,85,19910831,スパルタザモツリー／ポーランド-スパルタ　オボルニキ／ポーランド-ヤギエロニア　ビャウィストク／ポーランド-ヴァルタ　ポズナン／ポーランド-ヤギエロニア　ビャウィストク／ポーランド-ポゴンシュチェチン／ポーランド-シロンスク　ヴロツワフ／ポーランド-ベガルタ仙台-ＦＣ東京-コンヤスポル／トルコ,148,0,0,20190720,明治安田J1第20節,仙台,Ｃ大阪,ヤンマー,,,,,,1,4640,4640
250,Ｊ２・Ｊ３百年構想,296,横浜FC,1646775,西方　瑛太郎,NISHIKATA Eitaro,GK,40,神奈川県,185,78,20100215,洋光台ＳＣ-横浜ＦＣＪｒユース,0,0,0,,,,,,,,,,,1,,
250,Ｊ２・Ｊ３百年構想,296,横浜FC,1646777,山岸　克斗,YAMAGISHI Katsuto,GK,50,埼玉県,188,86,20080816,ＫＩＤＳ　ＰＯＷＥＲ-Ｓ．Ｔ．ＦＣ-横浜ＦＣＪｒユース,0,0,0,,,,,,,,,,,1,,
250,Ｊ２・Ｊ３百年構想,296,横浜FC,1400120,岩武　克弥,IWATAKE Katsuya,DF,22,大分県,175,70,19960604,カティオーラＦＣジュニア-カティオーラＦＣジュニアユース-大分トリニータＵ－１８-明治大-浦和レッズ,72,63,0,20140330,J2第5節,大分,岡山,カンスタ,20220710,明治安田J2第26節,横浜FC,徳島,鳴門大塚,1,27010,27010
250,Ｊ２・Ｊ３百年構想,296,横浜FC,1500814,伊藤　槙人,ITO Makito,DF,16,静岡県,183,76,19921018,浜松ＪＦＣ-ヤマハジュビロ浜北-ヤマハジュビロＳＳ浜松-浜名高-駒澤大-ジェフユナイテッド千葉-水戸ホーリーホック-藤枝ＭＹＦＣ-水戸ホーリーホック-横浜Ｆ・マリノス-ジュビロ磐田-横浜Ｆ・マリノス-ジュビロ磐田,99,115,15,20150429,明治安田J2第10節,千葉,熊本,うまスタ,20171015,明治安田J3第27節,藤枝,富山,富山,1,27044,27044
250,Ｊ２・Ｊ３百年構想,296,横浜FC,1604775,鈴木　準弥,SUZUKI Junya,DF,3,静岡県,176,71,19960107,アスルクラロ沼津Ｕ１２-ＡＣＮジュビロ沼津-清水エスパルスユース-早稲田大-ＶｆＲアーレン／ドイツ-藤枝ＭＹＦＣ-ブラウブリッツ秋田-ＦＣ東京-ＦＣ町田ゼルビア,56,37,62,20190309,明治安田J3第1節,藤枝,福島,藤枝サ,20190602,明治安田J3第10節,藤枝,Ｇ大23,パナスタ,1,254462,254462
250,Ｊ２・Ｊ３百年構想,296,横浜FC,1630110,新保　海鈴,SHIMBO Kaili,DF,48,東京都,171,64,20020816,柏レイソルＵ－１２-柏レイソルＵ－１５-セレッソ大阪Ｕ－１８-レノファ山口ＦＣ-テゲバジャーロ宮崎-レノファ山口ＦＣ-いわてグルージャ盛岡-レノファ山口ＦＣ,34,40,87,20200705,明治安田J3第2節,Ｃ大23,Ｇ大23,パナスタ,20201122,明治安田J3第29節,Ｃ大23,熊本,ヤンマー,1,813821,815333
250,Ｊ２・Ｊ３百年構想,296,横浜FC,1633003,杉田　隼,SUGITA Hayato,DF,19,神奈川県,179,65,20040109,バディーＳＣ-横浜ＦＣＪｒユース-横浜ＦＣユース-横浜ＦＣ-ＦＣ岐阜-横浜ＦＣ-松本山雅ＦＣ,0,0,33,20230318,明治安田J3第3節,岐阜,鹿児島,長良川,,,,,,1,963565,896240
250,Ｊ２・Ｊ３百年構想,296,横浜FC,1644492,佐藤　颯真,SATO Soma,DF,94,愛知県,183,72,20031103,愛知ＦＣ庄内Ｕ－１５-東海学園高-東海学園大,0,0,0,,,,,,,,,,,1,,
250,Ｊ２・Ｊ３百年構想,296,横浜FC,1646782,秦　樹,HATA Jui,DF,24,神奈川県,182,70,20070501,ＦＣ藤棚-Ｙ．Ｓ．Ｃ．Ｃ．横浜ジュニア-クライムイレブンＳＣ-バディーＪｒユース横浜-横浜ＦＣユース,0,0,0,,,,,,,,,,,1,1045708,
250,Ｊ２・Ｊ３百年構想,296,横浜FC,1651453,細井　響,HOSOI Kyo,DF,5,千葉県,183,77,20031031,柏レイソルＵ－１２-柏レイソルＵ－１５-習志野高-新潟医療福祉大,8,0,0,20250912,明治安田J1第29節,横浜FC,町田,Ｇスタ,20250928,明治安田J1第32節,横浜FC,湘南,ニッパツ,1,1024531,896486
250,Ｊ２・Ｊ３百年構想,296,横浜FC,1504489,髙江　麗央,TAKAE Leo,MF,77,熊本県,171,71,19980627,ソレッソ熊本-熊本ユナイテッドＳＣ　Ｕ－１２-ロアッソ熊本Ｊｒユース-東福岡高-ガンバ大阪-ＦＣ町田ゼルビア-ガンバ大阪-ＦＣ町田ゼルビア-モンテディオ山形,20,208,58,20170312,明治安田J3第1節,Ｇ大23,鳥取,吹田Ｓ,20170820,明治安田J3第19節,Ｇ大23,盛岡,北上,1,727053,727053
250,Ｊ２・Ｊ３百年構想,296,横浜FC,1604300,山田　康太,YAMADA Kota,MF,7,神奈川県,175,68,19990710,大越ＳＳＳ-横浜Ｆ・マリノスプライマリー-横浜Ｆ・マリノスＪｒユース-横浜Ｆ・マリノスユース-横浜Ｆ・マリノス-名古屋グランパス-横浜Ｆ・マリノス-水戸ホーリーホック-横浜Ｆ・マリノス-モンテディオ山形-横浜Ｆ・マリノス-モンテディオ山形-柏レイソル-ガンバ大阪,91,112,0,20180428,明治安田J1第11節,横浜FM,鹿島,日産ス,20180722,明治安田J1第17節,横浜FM,FC東京,味スタ,1,606588,606588
250,Ｊ２・Ｊ３百年構想,296,横浜FC,1620759,村田　透馬,MURATA Toma,MF,20,大阪府,173,64,20000722,深井ＦＣ-ガンバ大阪堺ジュニア-ガンバ大阪堺Ｊｒユース-興国高-ＦＣ岐阜,18,37,84,20180811,明治安田J2第28節,岐阜,京都,長良川,20210328,明治安田J3第3節,岐阜,讃岐,長良川,1,813842,815331
250,Ｊ２・Ｊ３百年構想,296,横浜FC,1624353,窪田　稜,KUBOTA Ryo,MF,13,千葉県,171,68,20010105,フッチＳＣ-成立学園高-ツエーゲン金沢-ＦＣ岐阜-ツエーゲン金沢-ＦＣ岐阜-ツエーゲン金沢-ＦＣ岐阜-愛媛ＦＣ,7,104,79,20190317,明治安田J2第4節,金沢,町田,石川西部,20200816,明治安田J2第12節,金沢,京都,石川西部,1,813861,815875
250,Ｊ２・Ｊ３百年構想,296,横浜FC,1629453,横山　暁之,YOKOYAMA Akiyuki,MF,26,東京都,171,65,19970326,山崎ＦＣ-東京ヴェルディＪｒユース-東京ヴェルディユース-北陸大-藤枝ＭＹＦＣ-ジェフユナイテッド千葉,0,103,37,20210828,明治安田J3第16節,藤枝,富山,富山,20220504,明治安田J3第8節,藤枝,岐阜,藤枝サ,1,798159,798159
250,Ｊ２・Ｊ３百年構想,296,横浜FC,1632788,小倉　陽太,OGURA Hinata,MF,8,神奈川県,183,78,20010503,茅ヶ崎小和田ＦＣ-横浜ＦＣＪｒユース-横浜ＦＣユース-早稲田大,24,12,0,20240525,明治安田J2第17節,横浜FC,甲府,ＪＩＴス,20251206,明治安田J1第38節,横浜FC,Ｃ大阪,ヨドコウ,1,813858,815330
250,Ｊ２・Ｊ３百年構想,296,横浜FC,1637019,遠藤　貴成,ENDO Takanari,MF,39,新潟県,172,67,20021019,グランセナ-アルビレックス新潟Ｕ－１５-東福岡高-桐蔭横浜大,13,0,0,20250614,明治安田J1第20節,横浜FC,川崎Ｆ,ニッパツ,,,,,,1,1005838,896072
250,Ｊ２・Ｊ３百年構想,296,横浜FC,1637144,高塩　隼生,TAKASHIO Hayase,MF,14,神奈川県,170,63,20040603,今宿ＳＣ-横浜ＦＣＪｒユース-横浜ＦＣユース-横浜ＦＣ-ツエーゲン金沢-横浜ＦＣ-沖縄ＳＶ,0,0,1,20240225,明治安田J3第1節,金沢,沼津,愛鷹,,,,,,1,861923,
250,Ｊ２・Ｊ３百年構想,296,横浜FC,1640495,宇田　光史朗,UDA Koshiro,MF,35,兵庫県,182,72,20040926,上甲子園ＳＣ-西宮ＳＳジュニアユース-興国高-横浜ＦＣ-高知ユナイテッドＳＣ-横浜ＦＣ-高知ユナイテッドＳＣ-横浜ＦＣ-レイラック滋賀ＦＣ,0,0,0,,,,,,,,,,,1,995109,895710
250,Ｊ２・Ｊ３百年構想,296,横浜FC,1641552,熊倉　弘貴,KUMAKURA Koki,MF,28,新潟県,174,70,20020516,ＦＣステラＵ－１２-ＦＣステラＵ－１５-前橋育英高-日本大,5,0,0,20250628,明治安田J1第22節,横浜FC,FC東京,味スタ,,,,,,1,1004141,896074
250,Ｊ２・Ｊ３百年構想,296,横浜FC,1646796,岩崎　亮佑,IWASAKI Ryosuke,MF,78,神奈川県,174,68,20080130,横浜すみれＳＣ-横浜ＦＣＪｒユース-横浜ＦＣユース,0,0,0,,,,,,,,,,,1,1045707,
250,Ｊ２・Ｊ３百年構想,296,横浜FC,1646800,福岡　湧大,FUKUOKA Yudai,MF,46,神奈川県,165,59,20080515,中野島ＦＣ-横浜ＦＣＪｒユース,0,0,0,,,,,,,,,,,1,,
250,Ｊ２・Ｊ３百年構想,296,横浜FC,1652098,向井　俊貴,MUKAI Shunki,MF,25,埼玉県,182,68,20040413,コスモＳＣ川越-ダイナモ川越東-大宮アルディージャＵ１５-佐野日大高-新潟医療福祉大在学中,0,0,0,,,,,,,,,,,1,,
250,Ｊ２・Ｊ３百年構想,296,横浜FC,1500544,アダイウトン,ADAILTON,FW,90,ブラジル,176,83,19901206,フォルタレーザ／ブラジル-ヴィトーリア／ブラジル-アトレチコ　パラナエンセ／ブラジル-イトゥアーノ／ブラジル-ジョインビレ／ブラジル-イトゥアーノ／ブラジル-ポンチプレッタ／ブラジル-パラナ／ブラジル-ジュビロ磐田-ＦＣ東京-ヴァンフォーレ甲府-クルーベ　ド　レモ／ブラジル,247,72,0,20150308,明治安田J2第1節,磐田,北九州,ヤマハ,20150308,明治安田J2第1節,磐田,北九州,ヤマハ,1,26069,26069
250,Ｊ２・Ｊ３百年構想,296,横浜FC,1502748,ルキアン,LUKIAN,FW,9,ブラジル,183,87,19910921,ノヴァ　イグアスＦＣ／ブラジル-リオ　ブランコＥＣ／ブラジル-ノヴァ　イグアスＦＣ／ブラジル-サンタクルスＦＣ／ブラジル-ルヴェルデンセＥＣ／ブラジル-富川ＦＣ１９９５／大韓民国-釜山アイパーク／大韓民国-ＦＣ安養／大韓民国-パタヤユナイテッド／タイ-チョンブリＦＣ／タイ-ジュビロ磐田-アビスパ福岡-湘南ベルマーレ,141,72,0,20190803,明治安田J1第21節,磐田,仙台,ユアスタ,20191019,明治安田J1第29節,磐田,鳥栖,ヤマハ,1,26065,26065
250,Ｊ２・Ｊ３百年構想,296,横浜FC,1614204,森　海渡,MORI Kaito,FW,18,千葉県,185,80,20000607,六実ＳＣ-柏レイソルＵ－１２-柏レイソルＵ－１５-柏レイソルＵ－１８-筑波大-柏レイソル-徳島ヴォルティス-柏レイソル-横浜ＦＣ-ジェフユナイテッド千葉,17,52,0,20220306,明治安田J1第3節,柏,鹿島,カシマ,20220503,明治安田J1第11節,柏,広島,Ｅスタ,1,254508,254508
250,Ｊ２・Ｊ３百年構想,296,横浜FC,1632808,駒沢　直哉,KOMAZAWA Naoya,FW,49,石川県,178,79,20020517,美川ＦＣジュニア-ツエーゲン金沢Ｕ－１５-ツエーゲン金沢Ｕ－１８-早稲田大-横浜ＦＣ-ギラヴァンツ北九州,9,0,8,20250315,明治安田J1第6節,横浜FC,Ｃ大阪,ニッパツ,20251129,明治安田J3第38節,北九州,松本,味フィ西,1,1002899,896073
250,Ｊ２・Ｊ３百年構想,296,横浜FC,1637080,室井　彗佑,MUROI Keisuke,FW,17,東京都,170,65,20000417,横河武蔵野ＦＣジュニア-横河武蔵野ＦＣ　Ｕ－１５-前橋育英高-東洋大-大宮アルディージャ,16,43,0,20220904,明治安田J2第34節,大宮,熊本,えがおＳ,20230813,明治安田J2第30節,大宮,岡山,ＮＡＣＫ,1,727399,727399
250,Ｊ２・Ｊ３百年構想,296,横浜FC,1646683,前田　勘太朗,MAEDA Kantaro,FW,23,東京都,177,67,20070710,ＪＦＣ　ＦＵＴＵＲＯ-横浜ＦＣＪｒユース-横浜ＦＣユース,1,0,0,20250912,明治安田J1第29節,横浜FC,町田,Ｇスタ,,,,,,1,978463,896070
250,Ｊ２・Ｊ３百年構想,296,横浜FC,1647902,ジョアン　パウロ,JOAO PAULO,FW,10,ブラジル,179,73,19961128,ＦＣサンパウロＵ２０／ブラジル-ＥＣバイーア／ブラジル-ＦＣサンパウロＵ２０／ブラジル-クリシューマＥＣ／ブラジル-ＦＣサンパウロＵ２０／ブラジル-セアラーＳＣ／ブラジル-オエステＦＣ／ブラジル-グアラニ／ブラジル-ホーチミン　シティＦＣ／ベトナム-ノバ　イグアス　ＦＣ／ブラジル-デスポルチーヴォ　ブラジル／ブラジル-ＵＤオリヴェイレンセ／ポルトガル,21,14,0,20240803,明治安田J2第25節,横浜FC,千葉,ニッパツ,20240824,明治安田J2第28節,横浜FC,徳島,ニッパツ,1,735588,735588
250,Ｊ２・Ｊ３百年構想,296,横浜FC,1651709,齋藤　翔,SAITO Kakeru,FW,45,神奈川県,174,69,20090223,大豆戸ＦＣ-横浜港北ＳＣ-横浜ＦＣＪｒユース,0,0,0,,,,,,,,,,,1,,
250,Ｊ２・Ｊ３百年構想,130,湘南,1100893,上福元　直人,KAMIFUKUMOTO Naoto,GK,99,千葉県,182,76,19891117,北貝塚ＦＣ-ＦＣ若葉-千葉ＳＣ美浜-市立船橋高-順天堂大-大分トリニータ-ＦＣ町田ゼルビア-大分トリニータ-東京ヴェルディ-徳島ヴォルティス-京都サンガF.C.-川崎フロンターレ,116,167,19,20150718,明治安田J2第24節,大分,長崎,大銀ド,,,,,,1,255004,255004
250,Ｊ２・Ｊ３百年構想,130,湘南,1400117,永井　建成,NAGAI Tatsunari,GK,21,京都府,185,84,19950707,長岡京サッカースポーツ少年団-京都ＦＣ長岡京-京都橘高-ロアッソ熊本-京都サンガF.C.-いわきＦＣ-ポルベニル飛鳥-ＦＣティアモ枚方-ＦＣ大阪,0,0,75,20230304,明治安田J3第1節,FC大阪,鹿児島,白波スタ,,,,,,1,929412,815799
250,Ｊ２・Ｊ３百年構想,130,湘南,1610980,真田　幸太,SANADA Kota,GK,31,神奈川県,190,88,19990421,ハリマオＳＣ-湘南ベルマーレＵ－１５平塚-湘南ベルマーレＵ－１８-湘南ベルマーレ-奈良クラブ-湘南ベルマーレ-おこしやす京都ＡＣ-湘南ベルマーレ-東京武蔵野ユナイテッドＦＣ-湘南ベルマーレ-ヴィアティン三重,9,0,0,20250628,明治安田J1第22節,湘南,横浜FM,レモンＳ,,,,,,1,818299,896165
250,Ｊ２・Ｊ３百年構想,130,湘南,1641616,岩瀬　陽,IWASE Hikaru,GK,41,大阪府,185,85,20031015,桜宮ＳＣ-アスペガス生駒ＦＣ-興國高-中央大,0,0,0,,,,,,,,,,,1,,
250,Ｊ２・Ｊ３百年構想,130,湘南,800131,大野　和成,OHNO Kazunari,DF,8,新潟県,180,77,19890804,春日中-アルビレックス新潟ユース-アルビレックス新潟-愛媛ＦＣ-アルビレックス新潟-湘南ベルマーレ-アルビレックス新潟-湘南ベルマーレ-アルビレックス新潟,303,55,0,20101017,J1第26節,新潟,名古屋,東北電ス,20120320,J2第4節,湘南,岐阜,ＢＭＷス,1,26983,26983
250,Ｊ２・Ｊ３百年構想,130,湘南,1604990,岡庭　愁人,OKANIWA Shuto,DF,55,埼玉県,171,65,19990916,レジスタＦＣ-ＦＣ東京Ｕ－１５深川-ＦＣ東京Ｕ－１８-明治大-ＦＣ東京-大宮アルディージャ-ＦＣ東京-大宮アルディージャ-ＦＣ東京-ジェフユナイテッド千葉-ＦＣ東京-レノファ山口ＦＣ-ＦＣ東京,1,124,16,20160911,明治安田J3第21節,Ｆ東23,盛岡,いわスタ,20240403,明治安田J2第8節,千葉,栃木,フクアリ,1,727392,727392
250,Ｊ２・Ｊ３百年構想,130,湘南,1607220,下口　稚葉,SHIMOGUCHI Wakaba,DF,13,福井県,178,75,19980502,福井市中央ＦＣ-ＪＦＡアカデミー福島-ファジアーノ岡山-ＡＣ長野パルセイロ-ファジアーノ岡山-ＦＣ今治-ファジアーノ岡山-ＦＣ今治-ファジアーノ岡山-ＲＢ大宮アルディージャ,0,83,86,20180506,明治安田J2第13節,岡山,福岡,Ｃスタ,20191117,明治安田J3第31節,長野,沼津,長野Ｕ,1,929448,815887
250,Ｊ２・Ｊ３百年構想,130,湘南,1621195,髙橋　直也,TAKAHASHI Naoya,DF,14,大阪府,181,72,20010528,アクバスＳＣ-ガンバ大阪門真ジュニア-ガンバ大阪門真Ｊｒユース-ガンバ大阪ユース-関西大,30,0,11,20190413,明治安田J3第6節,Ｇ大23,熊本,万博,,,,,,1,606619,606619
250,Ｊ２・Ｊ３百年構想,130,湘南,1624300,福島　隼斗,FUKUSHIMA Hayato,DF,27,熊本県,178,75,20000426,豊川ＦＣ-松橋中-大津高-湘南ベルマーレ-福島ユナイテッドＦＣ-湘南ベルマーレ-福島ユナイテッドＦＣ-湘南ベルマーレ-栃木ＳＣ-湘南ベルマーレ-栃木ＳＣ-湘南ベルマーレ-愛媛ＦＣ,4,91,40,20200829,明治安田J3第12節,福島,Ｃ大23,ヤンマー,20201011,明治安田J3第21節,福島,熊本,とうスタ,1,254501,254501
250,Ｊ２・Ｊ３百年構想,130,湘南,1624305,袴田　裕太郎,HAKAMATA Yutaro,DF,3,静岡県,183,77,19960624,浜松白脇サッカースポーツ少年団-ジュビロ磐田Ｕ－１５-浜松開誠館高-明治大-横浜ＦＣ-ジュビロ磐田-大宮アルディージャ-ジュビロ磐田-大宮アルディージャ-東京ヴェルディ-ロアッソ熊本-東京ヴェルディ,63,98,0,20190330,明治安田J2第6節,横浜FC,金沢,石川西部,20210321,明治安田J1第6節,横浜FC,徳島,鳴門大塚,1,254574,254574
250,Ｊ２・Ｊ３百年構想,130,湘南,1627405,舘　幸希,TACHI Koki,DF,4,三重県,173,73,19971214,鈴西サッカースポーツ少年団-伊賀ＦＣＪｒユース-四日市中央工高-日本大,112,0,0,20200913,明治安田J1第16節,湘南,Ｇ大阪,パナスタ,20250923,明治安田J1第31節,湘南,川崎Ｆ,レモンＳ,1,254484,254484
250,Ｊ２・Ｊ３百年構想,130,湘南,1632429,蓑田　広大,MINODA Kodai,DF,22,神奈川県,180,74,19990810,鶴見東ＦＣ-大豆戸ＦＣＪｒユース-青森山田高-法政大-湘南ベルマーレ-ＳＣ相模原-湘南ベルマーレ-ヴァンラーレ八戸-湘南ベルマーレ-ヴァンラーレ八戸-湘南ベルマーレ-ヴァンラーレ八戸,1,0,110,20220406,明治安田J1第7節,湘南,名古屋,豊田ス,20231112,明治安田J3第35節,八戸,宮崎,ユニスタ,1,254584,254584
250,Ｊ２・Ｊ３百年構想,130,湘南,1632787,柴田　徹,SHIBATA Toru,DF,50,福島県,173,65,20010218,ビアンコーネ福島Ｕ－１５-湘南ベルマーレＵ－１８-早稲田大-湘南ベルマーレ-福島ユナイテッドＦＣ-湘南ベルマーレ-福島ユナイテッドＦＣ-湘南ベルマーレ-福島ユナイテッドＦＣ,0,0,48,20230701,明治安田J3第16節,福島,奈良,とうスタ,20230826,明治安田J3第24節,福島,宮崎,ユニスタ,1,929319,815481
250,Ｊ２・Ｊ３百年構想,130,湘南,1636236,松村　晟怜,MATSUMURA Sere,DF,2,新潟県,184,75,20031203,六日町サッカージュニア-ＦＣ大和ジュニオルス-長岡ＪｒユースＦＣ-帝京長岡高,22,0,0,20220402,明治安田J1第6節,湘南,広島,レモンＳ,,,,,,1,254589,254589
250,Ｊ２・Ｊ３百年構想,130,湘南,1644968,本多　康太郎,HONDA Kotaro,DF,24,,,,,,0,0,0,,,,,,,,,,,0,,
250,Ｊ２・Ｊ３百年構想,130,湘南,1646763,松本　果成,MATSUMOTO Kanaru,DF,23,群馬県,182,75,20070119,高崎エヴォリスタ-上州ＦＣ高崎-流通経済大付属柏高,0,0,0,,,,,,,,,,,1,1045823,
250,Ｊ２・Ｊ３百年構想,130,湘南,1652029,保田　成琉,YASUDA Naru,DF,32,奈良県,180,76,20040803,天理ＦＣ-ディアブロッサ高田ＦＣ　Ｕ－１５-阪南大付属高-法政大在学中,0,0,0,,,,,,,,,,,1,,
250,Ｊ２・Ｊ３百年構想,130,湘南,1656840,松村　秀明,MATSUMURA Hideaki,DF,36,神奈川県,180,67,20080619,ＦＣ本郷-湘南ベルマーレＵ－１５平塚,0,0,0,,,,,,,,,,,1,,
250,Ｊ２・Ｊ３百年構想,130,湘南,900449,奥埜　博亮,OKUNO Hiroaki,MF,25,大阪府,171,68,19890814,ベガルタ仙台Ｊｒユース-ベガルタ仙台ユース-仙台大-ベガルタ仙台-Ｖ・ファーレン長崎-ベガルタ仙台-Ｖ・ファーレン長崎-ベガルタ仙台-セレッソ大阪,337,55,0,20120526,J1第13節,仙台,川崎Ｆ,等々力,20130804,J2第27節,長崎,愛媛,長崎県立,1,26812,26812
250,Ｊ２・Ｊ３百年構想,130,湘南,1100300,鈴木　雄斗,SUZUKI Yuto,MF,37,神奈川県,182,76,19931207,大分トリニータＵ－１２-柏レイソルＵ－１２-柏レイソルＵ－１５-横浜Ｆ・マリノスＪｒユース-横浜Ｆ・マリノスユース-水戸ホーリーホック-モンテディオ山形-川崎フロンターレ-ガンバ大阪-川崎フロンターレ-松本山雅ＦＣ-川崎フロンターレ-ジュビロ磐田,130,259,1,20120408,J2第7節,水戸,千葉,Ｋｓスタ,20120914,J2第33節,水戸,熊本,Ｋｓスタ,1,254442,254442
250,Ｊ２・Ｊ３百年構想,130,湘南,1100892,小野瀬　康介,ONOSE Kosuke,MF,7,東京都,178,69,19930422,ミッキーＳＣ-横浜ＦＣＪｒユース-横浜ＦＣユース-横浜ＦＣ-レノファ山口ＦＣ-ガンバ大阪,200,192,0,20110807,J2第3節,横浜FC,水戸,ニッパ球,20120701,J2第22節,横浜FC,町田,町田,1,26870,26870
250,Ｊ２・Ｊ３百年構想,130,湘南,1604080,武田　将平,TAKEDA Shohei,MF,6,神奈川県,181,73,19940404,リトルジャンボＳ．Ｃ-伊勢原中-流通経済大付属柏高-神奈川大-ファジアーノ岡山-ヴァンフォーレ甲府-ファジアーノ岡山-京都サンガF.C.,71,113,0,20170528,明治安田J2第16節,岡山,大分,大銀ド,20170528,明治安田J2第16節,岡山,大分,大銀ド,1,255013,255013
250,Ｊ２・Ｊ３百年構想,130,湘南,1618074,池田　昌生,IKEDA Masaki,MF,18,大阪府,177,71,19990708,セレッソ大阪Ｕ－１５-東山高-福島ユナイテッドＦＣ,103,0,97,20180311,明治安田J3第1節,福島,群馬,とうスタ,20181028,明治安田J3第29節,福島,鳥取,とうスタ,1,254481,254481
250,Ｊ２・Ｊ３百年構想,130,湘南,1618153,松本　大弥,MATSUMOTO Hiroya,MF,5,東京都,180,79,20000810,関前ＳＣ-横河武蔵野ＦＣＪｒユース-サンフレッチェ広島ユース-サンフレッチェ広島-大宮アルディージャ-サンフレッチェ広島-ツエーゲン金沢-サンフレッチェ広島,35,50,0,20190223,明治安田J1第1節,広島,清水,Ｅスタ,20220330,明治安田J2第7節,金沢,熊本,石川西部,1,26962,26962
250,Ｊ２・Ｊ３百年構想,130,湘南,1624317,アルトゥール　シルバ,ARTHUR SILVA,MF,16,ブラジル,180,84,19950426,ＥＣサンジョゼ／ブラジル-ＡＡインテルナシオナル　ベベドウロ／ブラジル-ＣＡヴォトゥポランゲンセ／ブラジル-グレミオ　オザスコ　アウダックス／ブラジル-ＥＣノヴォ　アンブルゴ　Ｕ－２０／ブラジル-ＣＮマルシリオ　ジアス／ブラジル-ＦＣ東京-横浜ＦＣ-ＦＣ東京-カターレ富山-ＦＣ東京-カターレ富山-ＦＣ東京-ＲＢ大宮アルディージャ,54,19,87,20190310,明治安田J3第1節,Ｆ東23,北九州,ミクスタ,20191019,明治安田J1第29節,FC東京,神戸,ノエスタ,1,26858,26858
250,Ｊ２・Ｊ３百年構想,130,湘南,1629897,藤井　智也,FUJII Tomoya,MF,15,岐阜県,173,68,19981204,若鮎長良ＦＣ-長良高-立命館大-サンフレッチェ広島-鹿島アントラーズ,148,0,0,20200704,明治安田J1第2節,広島,神戸,ノエスタ,20211204,明治安田J1第38節,広島,徳島,鳴門大塚,1,254510,254510
250,Ｊ２・Ｊ３百年構想,130,湘南,1631730,田村　蒼生,TAMURA Sohki,MF,17,千葉県,165,61,20020420,常盤平少年ＳＣ-柏レイソルＵ－１２-柏レイソルＵ－１５-柏レイソルＵ－１８-筑波大,5,0,0,20250215,明治安田J1第1節,湘南,鹿島,レモンＳ,,,,,,1,999863,895944
250,Ｊ２・Ｊ３百年構想,130,湘南,1633193,加瀬　直輝,KASE Naoki,MF,86,千葉県,167,60,20000607,旭ＦＣ-ＡＣカラクテル-尚志高-流通経済大-いわきＦＣ,0,98,0,20230305,明治安田J2第3節,いわき,山口,いわきＧ,20250425,明治安田J2第11節,いわき,長崎,ピースタ,1,798270,798270
250,Ｊ２・Ｊ３百年構想,130,湘南,1644663,山口　豪太,YAMAGUCHI Gota,MF,30,埼玉県,172,67,20070424,勝瀬ふじみ野ＳＣ-ＦＣ　ＬＡＶＩＤＡ-昌平高,0,0,0,,,,,,,,,,,1,,
250,Ｊ２・Ｊ３百年構想,130,湘南,1650536,石橋　瀬凪,ISHIBASHI Sena,MF,20,兵庫県,180,72,20060422,駒ヶ林ＦＣ-ヴィッセル神戸Ｕ－１２-ヴィッセル神戸Ｕ－１５-神戸弘陵学園高,10,0,0,20250525,明治安田J1第18節,湘南,新潟,デンカＳ,,,,,,1,1009827,896168
250,Ｊ２・Ｊ３百年構想,130,湘南,1656123,中村　龍,NAKAMURA Ryu,MF,35,千葉県,171,60,20080711,ヴィヴァイオ船橋Ｓ．Ｃジュニア-ヴィヴァイオ船橋Ｓ．Ｃ　Ｊｒユース,0,0,0,,,,,,,,,,,1,,
250,Ｊ２・Ｊ３百年構想,130,湘南,1600514,山田　寛人,YAMADA Hiroto,FW,34,愛知県,183,76,20000307,愛知ＦＣ-ホペイロ刈谷-セレッソ大阪Ｕ－１８-セレッソ大阪-ＦＣ琉球-セレッソ大阪-ベガルタ仙台-セレッソ大阪-ベガルタ仙台-セレッソ大阪-サガン鳥栖,67,67,39,20161022,明治安田J3第26節,Ｃ大23,秋田,金鳥スタ,20180325,明治安田J3第4節,Ｃ大23,相模原,金鳥スタ,1,78126,78126
250,Ｊ２・Ｊ３百年構想,130,湘南,1617898,太田　修介,OTA Shusuke,FW,28,山梨県,176,70,19960223,池田サッカースポーツ少年団-ヴァンフォーレ甲府Ｕ－１５-ヴァンフォーレ甲府Ｕ－１８-日本体育大-ヴァンフォーレ甲府-ＦＣ町田ゼルビア-アルビレックス新潟,57,113,0,20180225,明治安田J2第1節,甲府,大宮,ＮＡＣＫ,20200627,明治安田J2第2節,甲府,新潟,中銀スタ,1,606981,606981
250,Ｊ２・Ｊ３百年構想,130,湘南,1624682,小田　裕太郎,ODA Yutaro,FW,11,兵庫県,181,70,20010812,ヴィッセル神戸Ｕ－１５-ヴィッセル神戸Ｕ－１８-ヴィッセル神戸-ハート　オブ　ミドロシアンＦＣ／スコットランド,65,0,0,20200711,明治安田J1第4節,神戸,大分,昭和電ド,20200926,明治安田J1第19節,神戸,札幌,ノエスタ,1,130341,130341
250,Ｊ２・Ｊ３百年構想,130,湘南,1632373,ファビアン　ゴンザレス,FABIAN GONZALEZ,FW,9,コロンビア,187,85,19921123,デポルティボ　パスト／コロンビア-ラ　エキダ／コロンビア-スポーツアンカシュ／ペルー-アヤクーチョＦＣ／ペルー-アカデミア　カントラオ／ペルー-ミジョナリオス／コロンビア-アトレティコ　ナシオナル／コロンビア-ジュビロ磐田-ヴァンフォーレ甲府-ＲＢ大宮アルディージャ,18,77,15,20210509,明治安田J2第13節,磐田,秋田,ソユスタ,20210711,明治安田J2第22節,磐田,山口,みらスタ,1,35741,35741
250,Ｊ２・Ｊ３百年構想,130,湘南,1639214,石井　久継,ISHII Hisatsugu,FW,77,岡山県,170,65,20050707,福山ローザス　セレソン-湘南ベルマーレＵ－１５-湘南ベルマーレＵ－１８,31,0,0,20230520,明治安田J1第14節,湘南,Ｃ大阪,レモンＳ,20240706,明治安田J1第22節,湘南,浦和,浦和駒場,1,665745,665745
250,Ｊ２・Ｊ３百年構想,130,湘南,1641624,渡邊　啓吾,WATANABE Keigo,FW,29,北海道,185,78,20020825,ＬＩＶ　ＦＣ-北海道コンサドーレ札幌Ｕ－１５-旭川実業高-桐蔭横浜大,6,0,0,20240506,明治安田J1第12節,湘南,鳥栖,レモンＳ,,,,,,1,819566,896167
250,Ｊ２・Ｊ３百年構想,30676,相模原,1100137,杉本　大地,SUGIMOTO Daichi,GK,22,神奈川県,187,83,19930715,ヤマハジュビロ浜松-京都サンガF.C.Ｕ－１８-京都サンガF.C.-徳島ヴォルティス-京都サンガF.C.-横浜Ｆ・マリノス-ジュビロ磐田-ベガルタ仙台-名古屋グランパス,4,37,1,20140518,J2第14節,京都,水戸,Ｋｓスタ,,,,,,1,978588,896109
250,Ｊ２・Ｊ３百年構想,30676,相模原,1624341,金　珉浩,KIM Minho,GK,21,大韓民国,192,86,20000126,輔仁高／大韓民国-サガン鳥栖-ＡＣ長野パルセイロ-サガン鳥栖-ＡＣ長野パルセイロ-ソウルイーランドＦＣ／大韓民国,0,0,47,20211020,明治安田J3第20節,長野,八戸,プラスタ,,,,,,1,1065626,
250,Ｊ２・Ｊ３百年構想,30676,相模原,1624385,三浦　基瑛,MIURA Motoaki,GK,1,石川県,186,80,19960528,ヘミニス金沢ＦＣ-遊学館高-拓殖大-ＳＣ相模原-ツエーゲン金沢,0,25,44,20210307,明治安田J2第2節,相模原,群馬,ギオンス,,,,,,1,798265,798265
250,Ｊ２・Ｊ３百年構想,30676,相模原,1200100,三鬼　海,MIKI Kai,DF,18,三重県,174,69,19930419,名古屋グランパスＵ１５-名古屋グランパスＵ１８-ＦＣ町田ゼルビア-Ｖ・ファーレン長崎-ＦＣ町田ゼルビア-ロアッソ熊本-モンテディオ山形-ＦＣ町田ゼルビア-モンテディオ山形-ＦＣ町田ゼルビア-ＳＣ相模原-ＦＣ町田ゼルビア,0,205,46,20120304,J2第1節,町田,愛媛,ニンスタ,20120722,J2第25節,町田,草津,正田スタ,1,929260,815451
250,Ｊ２・Ｊ３百年構想,30676,相模原,1501601,高野　遼,TAKANO Ryo,DF,16,神奈川県,171,70,19941113,柳橋ＳＣ-横浜Ｆ・マリノスプライマリー-横浜Ｆ・マリノスＪｒユース-横浜Ｆ・マリノスユース-日本体育大-横浜Ｆ・マリノス-ヴァンフォーレ甲府-横浜Ｆ・マリノス-ヴァンフォーレ甲府-横浜Ｆ・マリノス-ジュビロ磐田,35,42,53,20170809,明治安田J1第21節,甲府,浦和,中銀スタ,20171029,明治安田J1第31節,甲府,神戸,中銀スタ,1,27041,27041
250,Ｊ２・Ｊ３百年構想,30676,相模原,1600128,常田　克人,TOKIDA Masato,DF,13,埼玉県,187,82,19971127,大宮ＦＣ七里-大宮ＦＣ-青森山田高-ベガルタ仙台-大分トリニータ-ベガルタ仙台-松本山雅ＦＣ-ベガルタ仙台-松本山雅ＦＣ,11,61,114,20180414,明治安田J1第8節,仙台,川崎Ｆ,ユアスタ,20201115,明治安田J2第34節,松本,町田,Ｇスタ,1,929360,815744
250,Ｊ２・Ｊ３百年構想,30676,相模原,1629994,綿引　康,WATAHIKI Ko,DF,2,茨城県,174,73,19980121,鹿島アントラーズノルテＪｒユース-前橋育英高-鹿屋体育大-テゲバジャーロ宮崎,0,0,94,20210314,明治安田J3第1節,宮崎,岩手,ユニスタ,20230603,明治安田J3第12節,相模原,松本,サンアル,1,929268,815459
250,Ｊ２・Ｊ３百年構想,30676,相模原,1632760,沖田　空,OKITA Sora,DF,19,千葉県,180,77,20020905,マルバ成田-成田ＳＳＳ-鹿島アントラーズジュニア-鹿島アントラーズＪｒユース-鹿島アントラーズユース-筑波大-水戸ホーリーホック,0,13,0,20250215,明治安田J2第1節,水戸,磐田,ヤマハ,20250215,明治安田J2第1節,水戸,磐田,ヤマハ,1,989806,892587
250,Ｊ２・Ｊ３百年構想,30676,相模原,1640670,加藤　大育,KATO Daisuke,DF,5,,,,,,0,0,0,,,,,,,,,,,0,929272,815463
250,Ｊ２・Ｊ３百年構想,30676,相模原,1648385,山内　琳太郎,YAMAUCHI Rintaro,DF,37,京都府,180,75,20021025,長岡中-京都橘高-仙台大-いわきＦＣ-ＳＣ相模原-いわきＦＣ,0,6,12,20250330,明治安田J2第7節,いわき,水戸,Ｋｓスタ,,,,,,1,850724,894430
250,Ｊ２・Ｊ３百年構想,30676,相模原,1651280,ピトリック,PYTLIK,DF,3,ドイツ,184,84,19971114,ヴッパータール／ドイツ-シュポルトフロインデ　ロッテ／ドイツ-ヴッパータール／ドイツ-ヴィクトリア　ケルン／ドイツ,0,0,23,20250215,明治安田J3第1節,相模原,栃木Ｃ,ＣＦＳ,,,,,,1,850768,895696
250,Ｊ２・Ｊ３百年構想,30676,相模原,900039,島川　俊郎,SHIMAKAWA Toshio,MF,4,千葉県,180,75,19900528,柏レイソルＪｒユース-柏レイソルＵ－１８-ベガルタ仙台-東京ヴェルディ-ベガルタ仙台-ブラウブリッツ秋田-ベガルタ仙台-ブラウブリッツ秋田-ベガルタ仙台-ブラウブリッツ秋田-レノファ山口ＦＣ-栃木ＳＣ-レノファ山口ＦＣ-ヴァンフォーレ甲府-大分トリニータ-サガン鳥栖-徳島ヴォルティス-台中Ｆｕｔｕｒｏ／チャイニーズタイペイ,104,23,108,20140309,J3第1節,秋田,YS横浜,ニッパ球,20151101,明治安田J3第36節,秋田,琉球,Ａ‐スタ,1,26923,26923
250,Ｊ２・Ｊ３百年構想,30676,相模原,1200333,徳永　裕大,TOKUNAGA Yudai,MF,6,兵庫県,170,69,19940416,西宮少年ＳＣ-ガンバ大阪Ｊｒユース-ガンバ大阪ユース-関西学院大-ＳＣ相模原-テゲバジャーロ宮崎-藤枝ＭＹＦＣ,0,11,162,20170416,明治安田J3第5節,相模原,福島,とうスタ,20170618,明治安田J3第13節,相模原,藤枝,ギオンス,1,798174,798174
250,Ｊ２・Ｊ３百年構想,30676,相模原,1620698,中山　陸,NAKAYAMA Riku,MF,10,神奈川県,174,64,20010122,ＦＣカルパ-ＳＣ相模原Ｊｒユース-東海大相模高-ヴァンフォーレ甲府-カターレ富山-ヴァンフォーレ甲府-松本山雅ＦＣ-ヴァンフォーレ甲府,0,50,23,20200715,明治安田J2第5節,甲府,東京Ｖ,味スタ,20201104,明治安田J2第31節,甲府,琉球,中銀スタ,1,798182,798182
250,Ｊ２・Ｊ３百年構想,30676,相模原,1632759,竹内　崇人,TAKEUCHI Takato,MF,17,神奈川県,178,73,20020529,あざみ野Ｆ．Ｃ-東急ＳレイエスＦＣ-サンフレッチェ広島ユース-筑波大,0,0,24,20250222,明治安田J3第2節,相模原,栃木SC,ギオンス,,,,,,1,1000009,896032
250,Ｊ２・Ｊ３百年構想,30676,相模原,1635530,神戸　康輔,KAMBE Kosuke,MF,8,兵庫県,170,63,20000309,神戸ＦＣボーイズ-神戸ＦＣＪｒユース-大阪桐蔭高-立正大-栃木ＳＣ,0,76,0,20220504,明治安田J2第14節,栃木,山形,カンセキ,,,,,,1,1052776,
250,Ｊ２・Ｊ３百年構想,30676,相模原,1636968,川畑　優翔,KAWABATA Yuto,MF,20,神奈川県,180,75,20030909,大豆戸ＦＣ-大豆戸ＦＣＪｒユース-流通経済大付属柏高-流通経済大,0,0,0,,,,,,,,,,,1,1052775,
250,Ｊ２・Ｊ３百年構想,30676,相模原,1637081,前田　泰良,MAEDA Taira,MF,15,宮城県,173,73,20000727,鹿島アントラーズつくばＪｒユース-鹿島アントラーズユース-東洋大,0,0,47,20220903,明治安田J3第23節,相模原,鳥取,ギオンス,20231112,明治安田J3第35節,相模原,FC大阪,ギオンス,1,929271,815462
250,Ｊ２・Ｊ３百年構想,30676,相模原,1637157,田鎖　勇作,TAKUSARI Yusaku,MF,23,神奈川県,178,73,20030527,川崎フロンターレＵ－１２-川崎フロンターレＵ－１５-川崎フロンターレＵ－１８-拓殖大,0,0,6,20250823,明治安田J3第24節,相模原,北九州,ギオンス,,,,,,1,1024241,898633
250,Ｊ２・Ｊ３百年構想,30676,相模原,1650803,杉本　蓮,SUGIMOTO Ren,MF,24,京都府,175,60,20030318,大山崎ＳＣ-ＫＯＮＫＯ　ＦＣ-京都橘高-関西福祉大,0,0,30,20250215,明治安田J3第1節,相模原,栃木Ｃ,ＣＦＳ,20250607,明治安田J3第15節,相模原,宮崎,いちご,1,1000011,895955
250,Ｊ２・Ｊ３百年構想,30676,相模原,800932,武藤　雄樹,MUTO Yuki,FW,11,神奈川県,170,68,19881107,ＦＣシリウス-ＦＣ湘南Ｊｒユース-武相高-流通経済大-ベガルタ仙台-浦和レッズ-柏レイソル,320,0,41,20110917,J1第26節,仙台,新潟,ユアスタ,20111015,J1第29節,仙台,福岡,レベスタ,1,26999,26999
250,Ｊ２・Ｊ３百年構想,30676,相模原,1604180,棚橋　尭士,TANAHASHI Akito,FW,7,東京都,172,68,20000712,横浜Ｆ・マリノスプライマリー-横浜Ｆ・マリノスＪｒユース-横浜Ｆ・マリノスユース-国士舘大-徳島ヴォルティス-ＳＣ相模原-徳島ヴォルティス-栃木ＳＣ-徳島ヴォルティス,0,33,31,20230503,明治安田J2第13節,徳島,清水,鳴門大塚,20230722,明治安田J2第27節,徳島,甲府,鳴門大塚,1,790932,790932
250,Ｊ２・Ｊ３百年構想,30676,相模原,1619673,安藤　翼,ANDO Tsubasa,FW,14,大分県,170,67,19960512,ＦＣ佐伯Ｓ－Ｐｌａｙ　ＭＩＮＡＭＩ-長崎総合科学大附属高-駒澤大-ホンダロックＳＣ-ヴァンラーレ八戸-ＳＣ相模原-松本山雅ＦＣ,0,27,147,20200627,明治安田J3第1節,八戸,福島,とうスタ,20200705,明治安田J3第2節,八戸,岩手,プラスタ,1,929370,815754
250,Ｊ２・Ｊ３百年構想,30676,相模原,1632240,佐々木　快,SASAKI Kai,FW,9,青森県,179,75,19981020,リベロ津軽ＳＣ　Ｕ－１５-青森山田高-新潟医療福祉大-ヴァンラーレ八戸-ＦＣ岐阜-ヴァンラーレ八戸,0,0,121,20210314,明治安田J3第1節,八戸,岐阜,長良川,20220925,明治安田J3第26節,八戸,相模原,ギオンス,1,929065,815411
250,Ｊ２・Ｊ３百年構想,150,甲府,700958,河田　晃兵,KAWATA Kohei,GK,1,大分県,184,78,19871013,西の台ＪＦＣ-カティオーラＦＣ-大分鶴崎高-福岡大-ガンバ大阪-アビスパ福岡-ガンバ大阪-ヴァンフォーレ甲府-ガンバ大阪,84,210,0,20120902,J2第32節,福岡,千葉,フクアリ,,,,,,1,727002,727002
250,Ｊ２・Ｊ３百年構想,150,甲府,1610021,山内　康太,YAMAUCHI Kodai,GK,33,山梨県,187,81,19991105,若草バイキングサッカースポーツ少年団-フォルトゥナＳＣ-ヴァンフォーレ甲府Ｕ－１８-日本大-ヴァンフォーレ甲府-鹿児島ユナイテッドＦＣ,0,9,12,20230729,明治安田J2第28節,甲府,栃木,カンセキ,,,,,,1,727005,727005
250,Ｊ２・Ｊ３百年構想,150,甲府,1632238,東　ジョン,HIGASHI John,GK,97,愛知県,187,85,20020502,東海スポーツＦＣ-名古屋グランパスＵ－１８-名古屋グランパス-栃木ＳＣ-名古屋グランパス-水戸ホーリーホック-名古屋グランパス-ＳＣ相模原-名古屋グランパス-ＦＣ琉球-名古屋グランパス,0,4,51,20230722,明治安田J3第19節,相模原,今治,ギオンス,,,,,,1,254566,254566
250,Ｊ２・Ｊ３百年構想,150,甲府,1651430,イ　ミンギ,LEE Minki,GK,31,大韓民国,188,85,20030313,光陽中東中／大韓民国-輔仁高／大韓民国-漢陽大／大韓民国,0,0,0,,,,,,,,,,,1,,
250,Ｊ２・Ｊ３百年構想,150,甲府,2890,山本　英臣,YAMAMOTO Hideomi,DF,4,千葉県,175,69,19800626,行徳小-ジェフユナイテッド市原Ｊｒユース-ジェフユナイテッド市原ユース-ジェフユナイテッド市原,223,368,0,20010317,J1-1st第2節,市原,名古屋,市原,20030505,J2第10節,甲府,山形,小瀬,1,727001,727001
250,Ｊ２・Ｊ３百年構想,150,甲府,1503923,メンデス,MENDES,DF,95,ブラジル,188,86,19950425,パルメイラスユース／ブラジル-パルメイラス／ブラジル-ユニオンＥＣ／ブラジル-ツエーゲン金沢-栃木ＳＣ-ヴァンフォーレ甲府-京都サンガF.C.-ジェフユナイテッド千葉,20,87,11,20150920,明治安田J2第32節,金沢,横浜FC,ニッパツ,20160326,明治安田J2第5節,金沢,Ｃ大阪,金鳥スタ,1,,
250,Ｊ２・Ｊ３百年構想,150,甲府,1605429,井上　樹,INOUE Miki,DF,2,山梨県,178,74,20010528,羽黒サッカースポーツ少年団-ヴァンフォーレ甲府Ｕ－１２-ヴァンフォーレ甲府Ｕ－１５-ヴァンフォーレ甲府Ｕ－１８-明治大,0,21,0,20240403,明治安田J2第8節,甲府,鹿児島,白波スタ,,,,,,1,810997,810997
250,Ｊ２・Ｊ３百年構想,150,甲府,1607084,小出　悠太,KOIDE Yuta,DF,22,千葉県,180,76,19941020,一宮ウイングスＦＣ-ジェフユナイテッド千葉Ｕ－１５辰巳台-市立船橋高-明治大-ヴァンフォーレ甲府-大分トリニータ-ベガルタ仙台,48,163,0,20170528,明治安田J1第13節,甲府,FC東京,味スタ,20180526,明治安田J2第16節,甲府,大分,中銀スタ,1,789902,789902
250,Ｊ２・Ｊ３百年構想,150,甲府,1632206,野澤　陸,NOZAWA Riku,DF,3,栃木県,185,80,19981207,パルＳＣ-ヴェルディＳＳ小山-佐野日大高-産業能率大-ヴァンフォーレ甲府-ＦＣ岐阜-ヴァンフォーレ甲府-ＦＣ岐阜,0,32,53,20210627,明治安田J2第20節,甲府,群馬,ＪＩＴス,20220710,明治安田J2第26節,甲府,秋田,ＪＩＴス,1,727371,727371
250,Ｊ２・Ｊ３百年構想,150,甲府,1632757,福井　啓太,FUKUI Keita,DF,44,埼玉県,179,75,20020519,大宮アルディージャジュニア-大宮アルディージャＪｒユース-大宮アルディージャＵ１８-筑波大-ＲＢ大宮アルディージャ,0,4,0,20250920,明治安田J2第30節,大宮,今治,ＮＡＣＫ,20251004,明治安田J2第32節,大宮,仙台,ユアスタ,1,1000623,896186
250,Ｊ２・Ｊ３百年構想,150,甲府,1641148,一瀬　大寿,ICHINOSE Taiju,DF,5,山梨県,186,79,20020927,羽黒サッカースポーツ少年団-ヴァンフォーレ甲府Ｕ－１５-山梨学院高-山梨学院大,0,7,0,20240825,明治安田J2第28節,甲府,栃木,カンセキ,,,,,,1,886608,892549
250,Ｊ２・Ｊ３百年構想,150,甲府,1655811,福元　竣,FUKUMOTO Shun,DF,17,埼玉県,185,87,20040220,ヴィルトゥスＳＣ-ＦＣトッカーノＵ－１５-明星学園高-城西大,0,0,0,,,,,,,,,,,1,,
250,Ｊ２・Ｊ３百年構想,150,甲府,1400227,佐藤　和弘,SATO Kazuhiro,MF,26,岐阜県,176,68,19900928,北陵中-ジュビロ磐田ユース-中京大-ツエーゲン金沢-水戸ホーリーホック-ヴァンフォーレ甲府-大分トリニータ-松本山雅ＦＣ-大分トリニータ-松本山雅ＦＣ,5,281,55,20140309,J3第1節,金沢,相模原,ギオンス,20140309,J3第1節,金沢,相模原,ギオンス,1,727003,727003
250,Ｊ２・Ｊ３百年構想,150,甲府,1501609,黒川　淳史,KUROKAWA Atsushi,MF,96,埼玉県,170,65,19980204,江南南サッカー少年団-大宮アルディージャＪｒユース-大宮アルディージャユース-大宮アルディージャ-水戸ホーリーホック-大宮アルディージャ-水戸ホーリーホック-大宮アルディージャ-ジュビロ磐田-ＦＣ町田ゼルビア-大宮アルディージャ-ＦＣ町田ゼルビア-水戸ホーリーホック-ＦＣスパルタク　ヴァルナ／ブルガリア-ＦＫトゥクムス２０００／ラトビア-ＦＣ町田ゼルビア,11,177,0,20170408,明治安田J1第6節,大宮,神戸,ＮＡＣＫ,20180225,明治安田J2第1節,水戸,山形,Ｋｓスタ,1,254443,
250,Ｊ２・Ｊ３百年構想,150,甲府,1503289,平塚　悠知,HIRATSUKA Yuto,MF,25,北海道,175,63,19960413,ＴユニティＦＣ-北湘南サッカースクールＵ－１５-北海道大谷室蘭高-札幌大-水戸ホーリーホック-アビスパ福岡,15,91,0,20190525,明治安田J2第15節,水戸,愛媛,ニンスタ,20201125,明治安田J2第36節,水戸,北九州,Ｋｓスタ,1,254999,254999
250,Ｊ２・Ｊ３百年構想,150,甲府,1611259,荒木　翔,ARAKI Sho,MF,7,神奈川県,166,65,19950825,大野台ＳＣ-ＦＣコラソン-日本航空高-国士舘大,0,193,0,20190330,明治安田J2第6節,甲府,岡山,Ｃスタ,20201025,明治安田J2第29節,甲府,町田,中銀スタ,1,789417,789417
250,Ｊ２・Ｊ３百年構想,150,甲府,1624352,小林　岩魚,KOBAYASHI Iwana,MF,6,山梨県,178,72,19961017,Ｕスポーツクラブ-ヴァンフォーレ甲府Ｕ－１５-ヴァンフォーレ甲府Ｕ－１８-専修大,0,83,0,20200819,明治安田J2第13節,甲府,愛媛,中銀スタ,,,,,,1,789416,789416
250,Ｊ２・Ｊ３百年構想,150,甲府,1627741,安田　虎士朗,YASUDA Kojiro,MF,8,石川県,173,69,20030814,符津スポーツ少年団サッカー部-ＦＣ東京Ｕ－１５深川-ＦＣ東京Ｕ－１８-ＦＣ東京-栃木ＳＣ-ＦＣ東京-テゲバジャーロ宮崎-ＦＣ東京-テゲバジャーロ宮崎-ＦＣ東京,1,13,69,20190831,明治安田J3第21節,Ｆ東23,岩手,いわスタ,20250302,明治安田J3第3節,宮崎,栃木SC,栃木グ,1,254544,254544
250,Ｊ２・Ｊ３百年構想,150,甲府,1631744,佐藤　恵介,SATO Keisuke,MF,24,東京都,171,69,20020625,バディＳＣ世田谷-ＦＣ東京Ｕ－１５深川-ＦＣ東京Ｕ－１８-日本体育大,0,15,0,20250302,明治安田J2第3節,甲府,富山,富山,,,,,,1,1001172,896176
250,Ｊ２・Ｊ３百年構想,150,甲府,1632418,武井　成豪,TAKEI Seigo,MF,27,埼玉県,181,75,19980415,大和田少年ＳＣ-グランデＦＣ-東海大高輪台高-東海大-ＦＣ今治-ＦＣ大阪,0,0,112,20210314,明治安田J3第1節,今治,熊本,夢スタ,20210328,明治安田J3第3節,今治,鳥取,夢スタ,1,929425,815813
250,Ｊ２・Ｊ３百年構想,150,甲府,1635475,水野　颯太,MIZUNO Hayata,MF,19,静岡県,175,69,20000630,駒形サッカースポーツ少年団-常葉橘中-常葉橘高-桐蔭横浜大-ヴァンフォーレ甲府-いわてグルージャ盛岡-ヴァンフォーレ甲府-高知ユナイテッドＳＣ,0,7,49,20230218,明治安田J2第1節,甲府,山形,ＪＩＴス,20240929,明治安田J3第30節,岩手,北九州,いわスタ,1,726997,726997
250,Ｊ２・Ｊ３百年構想,150,甲府,1636290,林田　滉也,HAYASHIDA Koya,MF,16,大分県,175,73,19990714,カティオーラＦＣ　Ｕ－１２-カティオーラＦＣ　Ｕ－１５-ＪＦＡアカデミー福島Ｕ－１８-関東学院大,0,95,0,20220227,明治安田J2第2節,甲府,大分,ＪＩＴス,20230628,明治安田J2第21節,甲府,磐田,ヤマハ,1,771405,771405
250,Ｊ２・Ｊ３百年構想,150,甲府,1640473,遠藤　光,ENDO Hikaru,MF,20,神奈川県,178,72,20000605,中野島ＦＣ-三菱養和ＳＣ調布Ｊｒユース-三菱養和ＳＣユース-専修大-ヴァンフォーレ甲府-テゲバジャーロ宮崎,0,24,22,20240410,明治安田J3第9節,宮崎,今治,いちご,20240922,明治安田J3第29節,宮崎,奈良,ロートＦ,1,929299,815731
250,Ｊ２・Ｊ３百年構想,150,甲府,1641562,熊倉　弘達,KUMAKURA Kotatsu,MF,11,新潟県,171,69,20020516,ＦＣステラ-前橋育英高-日本大,0,24,0,20250222,明治安田J2第2節,甲府,大宮,ＮＡＣＫ,20250309,明治安田J2第4節,甲府,藤枝,ＪＩＴス,1,999880,895936
250,Ｊ２・Ｊ３百年構想,150,甲府,1644221,村上　千歩,MURAKAMI Yukito,MF,13,熊本県,175,70,20010528,ＦＣエスパシオ熊本-ＦＣコンクエスタ-名古屋グランパスＵ－１８-専修大-ヴァンフォーレ甲府-ＡＣ長野パルセイロ,0,13,7,20240714,明治安田J2第24節,甲府,長崎,ＪＩＴス,20240714,明治安田J2第24節,甲府,長崎,ＪＩＴス,1,828557,892550
250,Ｊ２・Ｊ３百年構想,150,甲府,1650542,保坂　知希,HOSAKA Tomoki,MF,47,山梨県,168,57,20060525,フォルトゥナＳＣ-アメージングアカデミー山梨-ヴァンフォーレ甲府Ｕ－１８,0,0,0,,,,,,,,,,,1,,
250,Ｊ２・Ｊ３百年構想,150,甲府,1651267,米陀　大洋,YONEDA Taiyo,MF,15,東京都,170,67,20030406,ＫＳＣウェルネスＦＣ-ＦＣ東京Ｕ－１５深川-ＦＣ東京Ｕ－１８-昌平高-日本体育大,0,0,0,,,,,,,,,,,1,,896342
250,Ｊ２・Ｊ３百年構想,150,甲府,800923,三平　和司,MITSUHIRA Kazushi,FW,9,神奈川県,175,68,19880113,大根ＳＣ-ヴェルディＳＳ相模原-秦野南が丘高-神奈川大-湘南ベルマーレ-大分トリニータ-湘南ベルマーレ-大分トリニータ-湘南ベルマーレ-京都サンガF.C.-大分トリニータ,44,380,15,20080608,J2第18節,湘南,広島,広島ビ,20080727,J2第28節,湘南,熊本,平塚,1,26933,26933
250,Ｊ２・Ｊ３百年構想,150,甲府,1400847,大島　康樹,OSHIMA Koki,FW,29,埼玉県,177,66,19960530,柏レイソルＵ－１５-柏レイソルＵ－１８-柏レイソル-カターレ富山-柏レイソル-栃木ＳＣ-ザスパクサツ群馬-栃木ＳＣ,3,196,46,20141026,J1第30節,柏,仙台,ユアスタ,20150607,明治安田J3第15節,J-22,鳥取,とりスタ,1,790049,790049
250,Ｊ２・Ｊ３百年構想,150,甲府,1635232,内藤　大和,NAITO Yamato,FW,10,山梨県,179,73,20040714,石田サッカースポーツ少年団-ヴァンフォーレ甲府Ｕ－１２-ヴァンフォーレ甲府Ｕ－１５-ヴァンフォーレ甲府Ｕ－１８,0,50,0,20211023,明治安田J2第35節,甲府,長崎,ＪＩＴス,20240803,明治安田J2第25節,甲府,群馬,正田スタ,1,771407,771407
250,Ｊ２・Ｊ３百年構想,150,甲府,1635335,太田　龍之介,OTA Ryunosuke,FW,32,京都府,185,76,20020401,ＦｏｒｅｓｔＦＣ京都-セレッソ大阪Ｕ－１５-ファジアーノ岡山Ｕ－１８-明治大-ファジアーノ岡山-栃木ＳＣ-ファジアーノ岡山,1,12,25,20240324,明治安田J2第6節,岡山,群馬,正田スタ,20250615,明治安田J3第16節,栃木SC,福島,とうスタ,1,815563,892579
250,Ｊ２・Ｊ３百年構想,150,甲府,1641522,藤井　一志,FUJII Kazushi,FW,14,東京都,174,73,20010930,西宮少年ＳＣ-ヴィッセル神戸伊丹Ｕ－１５-東海大高輪台高-東海大-ＲＢ大宮アルディージャ,0,34,28,20240224,明治安田J3第1節,大宮,八戸,ＮＡＣＫ,20240320,明治安田J3第5節,大宮,相模原,ギオンス,1,929451,815890
250,Ｊ２・Ｊ３百年構想,150,甲府,1655812,スタチオーリ　ミケーレ,STACCIOLI MICHELE,FW,23,東京都,178,76,20031006,東根少年ＳＣ-世田谷フットボールクラブＵ－１５-ＡＣミランＳＳ佐倉Ｊｒユース-横河武蔵野ＦＣ　Ｕ－１８-日本体育大,0,0,0,,,,,,,,,,,1,1049796,
250,Ｊ２・Ｊ３百年構想,30528,松本,1600211,富澤　雅也,TOMIZAWA Masaya,GK,21,神奈川県,188,76,19930714,大野台ＳＣ-町田ＪＦＣ-前橋育英高-法政大-Ｖ・ファーレン長崎,0,78,0,20190519,明治安田J2第14節,長崎,金沢,石川西部,,,,,,1,798089,
250,Ｊ２・Ｊ３百年構想,30528,松本,1624840,上林　豪,KAMBAYASHI Go,GK,1,奈良県,185,74,20020818,セレッソ大阪Ｕ－１２-セレッソ大阪Ｕ－１５-セレッソ大阪Ｕ－１８-明治大-セレッソ大阪,0,0,7,20200927,明治安田J3第18節,Ｃ大23,YS横浜,ニッパツ,,,,,,1,,
250,Ｊ２・Ｊ３百年構想,30528,松本,1635387,高麗　稜太,KOMA Ryota,GK,23,東京都,180,78,20000726,ＦＣ　ＧＡＬＬＯ-三鷹ＦＡ　Ｊｒユース-西武台高-拓殖大-ガイナーレ鳥取,0,0,56,20230611,明治安田J3第13節,鳥取,富山,富山,,,,,,1,929247,815524
250,Ｊ２・Ｊ３百年構想,30528,松本,1650548,キム　ジュンヒョン,KIM Junhyeon,GK,33,大韓民国,188,79,20060323,大邸北中／大韓民国-大倫高／大韓民国,0,0,0,,,,,,,,,,,1,1002244,
250,Ｊ２・Ｊ３百年構想,30528,松本,1656156,岡　健太,OKA Kenta,GK,35,三重県,186,75,20080527,立成ＳＳＳ-ヴェルデラッソ松阪,0,0,0,,,,,,,,,,,1,,
250,Ｊ２・Ｊ３百年構想,30528,松本,800137,高橋　祥平,TAKAHASHI Shohei,DF,4,東京都,180,73,19911027,東大和サッカー少年団-ヴェルディジュニア-ヴェルディＪｒユース-東京ヴェルディユース-東京ヴェルディ-大宮アルディージャ-ヴィッセル神戸-ジュビロ磐田-東京ヴェルディ-ジュビロ磐田-ＦＣ町田ゼルビア-ヴィッセル神戸-ＦＣ町田ゼルビア,187,214,30,20090307,J2第1節,東京Ｖ,徳島,鳴門大塚,20090705,J2第25節,東京Ｖ,愛媛,味スタ,1,929357,815741
250,Ｊ２・Ｊ３百年構想,30528,松本,900362,小川　大貴,OGAWA Daiki,DF,24,静岡県,172,73,19911016,ＡＣＮジュビロ沼津-ジュビロ磐田ユース-明治大-ジュビロ磐田-ジェフユナイテッド千葉-ジュビロ磐田,102,105,31,20141026,J2第38節,磐田,京都,ヤマハ,20180421,明治安田J1第9節,磐田,仙台,ユアスタ,1,26062,26062
250,Ｊ２・Ｊ３百年構想,30528,松本,1504478,小田　逸稀,ODA Itsuki,DF,2,佐賀県,173,68,19980716,サガン鳥栖Ｕ－１５唐津-東福岡高-鹿島アントラーズ-ＦＣ町田ゼルビア-鹿島アントラーズ-ジェフユナイテッド千葉-鹿島アントラーズ-アビスパ福岡,73,62,0,20180414,明治安田J1第8節,鹿島,名古屋,カシマ,20181031,明治安田J1第31節,鹿島,Ｃ大阪,カシマ,1,254413,254413
250,Ｊ２・Ｊ３百年構想,30528,松本,1617892,佐相　壱明,SASO Kazuaki,DF,22,東京都,174,67,19990616,緑山ＳＣ-昌平高-大宮アルディージャ-ＡＣ長野パルセイロ-大宮アルディージャ-ＳＣ相模原,0,12,120,20180623,明治安田J2第20節,大宮,京都,西京極,20200715,明治安田J3第4節,長野,福島,長野Ｕ,1,929364,815748
250,Ｊ２・Ｊ３百年構想,30528,松本,1629501,白井　達也,SHIRAI Tatsuya,DF,25,神奈川県,180,75,19970425,横浜Ｆ・マリノスＪｒユース-市立船橋高-神奈川大-ＳＣ相模原-ＦＣ今治-ヴァンラーレ八戸,0,26,104,20200718,明治安田J3第5節,相模原,八戸,ギオンス,20201018,明治安田J3第22節,相模原,讃岐,ピカスタ,1,929111,815545
250,Ｊ２・Ｊ３百年構想,30528,松本,1631737,宮部　大己,MIYABE Taiki,DF,16,東京都,178,70,19981016,ＦＣ奈良-ＦＣ　ＣＯＪＢ　Ｊｒユース-法政大第二高-法政大,0,20,89,20210421,明治安田J2第9節,松本,愛媛,ニンスタ,20210809,明治安田J2第24節,松本,秋田,ソユスタ,1,929371,815755
250,Ｊ２・Ｊ３百年構想,30528,松本,1636255,二ノ宮　慈洋,NINOMIYA Jiyo,DF,27,群馬県,190,73,20031110,ブルーボタンＳＣ-前橋ＦＣ-高崎経済大附属高-松本山雅ＦＣ-ヴェロスクロノス都農,0,0,14,20240601,明治安田J3第15節,松本,今治,サンアル,,,,,,1,929374,815758
250,Ｊ２・Ｊ３百年構想,30528,松本,1642053,樋口　大輝,HIGUCHI Daiki,DF,40,長野県,173,70,20010910,アンテロープ塩尻ジュニア-アンテロープ塩尻Ｊｒユース-松本山雅ＦＣ　Ｕ－１８-専修大,0,0,73,20230708,明治安田J3第17節,松本,琉球,タピスタ,20240225,明治安田J3第1節,松本,宮崎,いちご,1,929378,815762
250,Ｊ２・Ｊ３百年構想,30528,松本,1653310,金子　光汰,KANEKO Kota,DF,43,千葉県,183,73,20040127,ジョカーレＦＣ-市立船橋高-阪南大,0,0,0,,,,,,,,,,,1,1052754,
250,Ｊ２・Ｊ３百年構想,30528,松本,1655871,リ　トビン,LEE Tobin,DF,44,大韓民国,185,78,20030924,兵庫ＦＣ-ＦＣリブレ-藤枝明誠高-阪南大,0,0,0,,,,,,,,,,,1,,
250,Ｊ２・Ｊ３百年構想,30528,松本,1500437,大橋　尚志,OHASHI Hisashi,MF,18,茨城県,183,72,19961201,茎崎ブレイズＦＣ-鹿島アントラーズつくばＪｒユース-鹿島アントラーズユース-鹿島アントラーズ-ツエーゲン金沢-大宮アルディージャ-ヴィアティン三重,0,202,29,20150506,明治安田J3第10節,J-22,長野,南長野,20170820,明治安田J2第29節,金沢,群馬,正田スタ,1,727397,896333
250,Ｊ２・Ｊ３百年構想,30528,松本,1618853,安永　玲央,YASUNAGA Reo,MF,46,東京都,177,72,20001119,やはたＦＣ-川崎フロンターレＵ－１５-横浜ＦＣユース-横浜ＦＣ-カターレ富山-横浜ＦＣ-水戸ホーリーホック-横浜ＦＣ-水戸ホーリーホック-松本山雅ＦＣ-水戸ホーリーホック,45,38,92,20190310,明治安田J2第3節,横浜FC,栃木,栃木グ,20201108,明治安田J1第28節,横浜FC,神戸,ニッパツ,1,727174,727174
250,Ｊ２・Ｊ３百年構想,30528,松本,1629456,村越　凱光,MURAKOSHI Kaiga,MF,41,神奈川県,167,64,20011007,エスポルチ藤沢-飯塚高-松本山雅ＦＣ-ラインメール青森ＦＣ,0,9,105,20201206,明治安田J2第39節,松本,新潟,サンアル,20230305,明治安田J3第1節,松本,奈良,ロートＦ,1,929367,815751
250,Ｊ２・Ｊ３百年構想,30528,松本,1636972,渋谷　諒太,SHIBUYA Ryota,MF,20,東京都,174,67,20030515,南大沢ＦＣ-ＦＣ多摩Ｊｒユース-流通経済大付属柏高-流通経済大,0,0,0,,,,,,,,,,,1,1052751,
250,Ｊ２・Ｊ３百年構想,30528,松本,1640612,深澤　佑太,FUKAZAWA Yuta,MF,8,大阪府,172,68,20000815,岩田ＦＣ-ガンバ大阪Ｊｒユース-大阪桐蔭高-関西大-愛媛ＦＣ,0,71,21,20230305,明治安田J3第1節,愛媛,岩手,ニンスタ,20230715,明治安田J3第18節,愛媛,八戸,プラスタ,1,813866,815880
250,Ｊ２・Ｊ３百年構想,30528,松本,1645933,澤崎　凌大,SAWAZAKI Ryota,MF,30,徳島県,177,72,20020321,国府気延ＦＣ-徳島ヴォルティスＪｒユース-徳島ヴォルティスユース-大阪学院大-ＦＣ大阪,0,0,48,20240410,明治安田J3第9節,FC大阪,八戸,花園,20240609,明治安田J3第16節,FC大阪,讃岐,ピカスタ,1,929443,815831
250,Ｊ２・Ｊ３百年構想,30528,松本,1647704,松村　厳,MATSUMURA Gen,MF,36,福井県,178,75,20020620,ＹＡＳＨＩＲＯ　ＪＦＣ-ＦＵＫＵＩ　Ｎｏｒｔｈ　ＦＣ-坂井フェニックス丸岡ＪＹ-松本山雅ＦＣ　Ｕ－１８-専修大,0,0,22,20250309,明治安田J3第4節,松本,宮崎,いちご,,,,,,1,1000733,896270
250,Ｊ２・Ｊ３百年構想,30528,松本,1650547,萩原　正太郎,HAGIWARA Shotaro,MF,37,長野県,174,67,20060614,松本山雅ＦＣＵ－１２-アディ飯田フットボールクラブ-松本山雅ＦＣＵ－１８,0,0,0,,,,,,,,,,,1,,896392
250,Ｊ２・Ｊ３百年構想,30528,松本,1655872,早河　恭哉,HAYAKAWA Kyoya,MF,50,愛知県,172,65,20040109,ＦＣ東郷ジュニア-ＦＣ東郷Ｊｒユース-中部大第一高-松本大,0,0,0,,,,,,,,,,,1,,
250,Ｊ２・Ｊ３百年構想,30528,松本,1601449,松岡　瑠夢,MATSUOKA Rimu,FW,7,東京都,177,65,19980722,スクデットＳＣ-ＦＣ東京Ｕ－１５むさし-ＦＣ東京Ｕ－１８-慶応大-栃木ＳＣ-ロアッソ熊本,0,116,10,20160313,明治安田J3第1節,Ｆ東23,相模原,ギオンス,20160320,明治安田J3第2節,Ｆ東23,琉球,味フィ西,1,789909,789909
250,Ｊ２・Ｊ３百年構想,30528,松本,1632479,加藤　拓己,KATO Takumi,FW,9,茨城県,180,84,19990716,龍ケ崎ペレグリンジュニアＦＣ-鹿島アントラーズつくばジュニア-鹿島アントラーズつくばＪｒユース-山梨学院高-早稲田大-清水エスパルス-ＳＣ相模原-清水エスパルス-ＳＣ相模原-清水エスパルス,0,0,31,20220604,明治安田J3第11節,相模原,北九州,ギオンス,20220612,明治安田J3第12節,相模原,今治,夢スタ,1,968328,895956
250,Ｊ２・Ｊ３百年構想,30528,松本,1633191,渡邊　乃斗,WATANABE Naito,FW,31,岩手県,185,79,20020505,いわてグルージャ盛岡ジュニア-レノヴェンスオガサＦＣ-鹿島アントラーズユース-流通経済大,0,0,0,,,,,,,,,,,1,1052750,896391
250,Ｊ２・Ｊ３百年構想,30528,松本,1638472,田中　想来,TANAKA Sora,FW,19,長野県,174,71,20041111,Ｔｏｐ　Ｓｔｏｎｅ-松本山雅ＦＣ　Ｕ－１５-松本山雅ＦＣ　Ｕ－１８-松本山雅ＦＣ-ゲイラン　インターナショナルＦＣ／シンガポール,0,0,43,20220731,明治安田J3第19節,松本,八戸,サンアル,20250413,明治安田J3第9節,松本,讃岐,ピカスタ,1,994337,895694
250,Ｊ２・Ｊ３百年構想,30528,松本,1644965,井上　愛簾,INOUE Aren,FW,39,神奈川県,177,72,20060919,南百合丘ＳＣ-東急ＳレイエスＦＣ-サンフレッチェ広島ユース-サンフレッチェ広島,5,0,0,20240407,明治安田J1第7節,広島,湘南,Ｅピース,,,,,,1,799395,891791
250,Ｊ２・Ｊ３百年構想,30528,松本,1652655,藤枝　康佑,FUJIEDA Kosuke,FW,38,京都府,175,70,20030730,莵道ＳＳＳ-宇治ＦＣＪｒユース-東山高-桃山学院大,0,0,3,20250719,明治安田J3第21節,松本,長野,長野Ｕ,,,,,,1,1018087,897742
250,Ｊ２・Ｊ３百年構想,30535,長野,1200005,田尻　健,TAJIRI Ken,GK,1,大阪府,182,77,19930611,ガンバ大阪Ｊｒユース-ガンバ大阪ユース-ガンバ大阪-ツエーゲン金沢-ガンバ大阪-ツエーゲン金沢-ガンバ大阪-ガイナーレ鳥取-いわてグルージャ盛岡,1,9,129,20140330,J3第4節,J-22,秋田,秋田球,,,,,,1,929203,815765
250,Ｊ２・Ｊ３百年構想,30535,長野,1601843,中野　小次郎,NAKANO Kojiro,GK,21,徳島県,200,90,19990305,ＵＳＦＣ-徳島ヴォルティスＪｒユース-徳島ヴォルティスユース-法政大-北海道コンサドーレ札幌-ツエーゲン金沢-北海道コンサドーレ札幌,13,14,0,20200926,明治安田J1第19節,札幌,神戸,ノエスタ,,,,,,1,254555,254555
250,Ｊ２・Ｊ３百年構想,30535,長野,1641531,牧野　虎太郎,MAKINO Kotaro,GK,31,千葉県,185,81,20020713,船橋イレブン２００２-ウィングスＵ－１５-前橋育英高-中央大,0,0,0,,,,,,,,,,,1,1030944,896038
250,Ｊ２・Ｊ３百年構想,30535,長野,1656842,下鳥　舟平,SHIMOTORI Shuhei,GK,61,長野県,181,70,20090422,坂城中,0,0,0,,,,,,,,,,,1,,
250,Ｊ２・Ｊ３百年構想,30535,長野,1604881,石井　光輝,ISHII Koki,DF,16,静岡県,173,67,19950315,沢地ＳＳＳ-常葉学園橘中-常葉学園橘高-関西大-ガイナーレ鳥取,0,0,124,20170312,明治安田J3第1節,鳥取,Ｇ大23,吹田Ｓ,20191020,明治安田J3第27節,鳥取,群馬,チュスタ,1,929217,815779
250,Ｊ２・Ｊ３百年構想,30535,長野,1620340,酒井　崇一,SAKAI Shuichi,DF,2,熊本県,184,81,19960513,熊本ユナイテッドＳＣ-ＵＫＩ－Ｃ．ＦＣ-京都サンガF.C.Ｕ－１８-東海大熊本-ロアッソ熊本-ザスパ群馬-カターレ富山-ＡＣ長野パルセイロ-カターレ富山,0,82,56,20190810,明治安田J3第20節,熊本,YS横浜,えがおＳ,20200902,明治安田J3第13節,熊本,富山,富山,1,789866,789866
250,Ｊ２・Ｊ３百年構想,30535,長野,1620804,冨田　康平,TOMITA Kohei,DF,3,埼玉県,177,74,19960609,山口サントスＳＣ-所沢ＪｒユースＳＣ-市立浦和高-早稲田大-京都サンガF.C.-ＦＣ今治,0,19,95,20180811,明治安田J2第28節,京都,岐阜,長良川,20220910,明治安田J3第24節,今治,愛媛,ニンスタ,1,929212,815774
250,Ｊ２・Ｊ３百年構想,30535,長野,1624336,大野　佑哉,ONO Yuya,DF,7,東京都,179,70,19960817,レイソルＳ．Ｓ．青梅-ＡＺ８６東京青梅-山梨学院大附属高-阪南大-松本山雅ＦＣ,0,55,101,20200729,明治安田J2第8節,松本,町田,サンアル,20201004,明治安田J2第24節,松本,山形,ＮＤスタ,1,929213,815775
250,Ｊ２・Ｊ３百年構想,30535,長野,1630071,附木　雄也,TSUKEGI Yuya,DF,13,千葉県,184,83,19941217,阿蘇中-八千代高-国士舘大-東京ユナイテッドＦＣ-いわきＦＣ-ＦＣ大阪-アスルクラロ沼津-カマタマーレ讃岐,0,0,118,20220312,明治安田J3第1節,沼津,相模原,ギオンス,20231022,明治安田J3第32節,沼津,松本,愛鷹,1,929094,815645
250,Ｊ２・Ｊ３百年構想,30535,長野,1640482,行德　瑛,GYOTOKU Ei,DF,4,静岡県,185,79,20041217,若鮎長良ＦＣ-有度ＦＣ-静岡学園中-静岡学園高-名古屋グランパス-ＡＣ長野パルセイロ-名古屋グランパス-ＡＣ長野パルセイロ-名古屋グランパス,0,0,18,20240914,明治安田J3第28節,長野,奈良,長野Ｕ,20250323,明治安田J3第6節,長野,福島,長野Ｕ,1,828578,815789
250,Ｊ２・Ｊ３百年構想,30535,長野,1655843,尾崎　裕人,OZAKI Yuto,DF,32,長野県,185,79,20030704,長野ＦＣガーフＪｒ．-ＡＣ長野パルセイロＵ－１５-市立長野高-神奈川大,0,0,0,,,,,,,,,,,1,,
250,Ｊ２・Ｊ３百年構想,30535,長野,1655844,渡邉　禅,WATANABE Zen,DF,24,宮城県,168,65,20040108,ベガルタ仙台ジュニア-ベガルタ仙台Ｊｒユース-東北学院高-神奈川大,0,0,0,,,,,,,,,,,1,1052792,
250,Ｊ２・Ｊ３百年構想,30535,長野,1500510,近藤　貴司,KONDO Takashi,MF,8,東京都,167,62,19920426,三菱養和ＳＣ巣鴨Ｊｒユース-三菱養和ＳＣユース-早稲田大-愛媛ＦＣ-大宮アルディージャ-愛媛ＦＣ-大宮アルディージャ-愛媛ＦＣ,0,232,107,20150321,明治安田J2第3節,愛媛,熊本,ニンスタ,20150401,明治安田J2第5節,愛媛,金沢,石川西部,1,929205,815767
250,Ｊ２・Ｊ３百年構想,30535,長野,1502856,忽那　喬司,KUTSUNA Kyoji,MF,17,愛媛県,175,65,19970820,愛媛ＦＣＪｒユース-愛媛ＦＣＵ－１８-びわこ成蹊スポーツ大-愛媛ＦＣ,0,60,77,20200711,明治安田J2第4節,愛媛,長崎,トラスタ,20200719,明治安田J2第6節,愛媛,京都,サンガＳ,1,929220,815782
250,Ｊ２・Ｊ３百年構想,30535,長野,1504471,藤川　虎太朗,FUJIKAWA Kotaro,MF,28,福岡県,172,65,19980724,サガン鳥栖Ｕ－１５-東福岡高-ジュビロ磐田-ロアッソ熊本-ジュビロ磐田-ギラヴァンツ北九州-ジュビロ磐田,22,58,61,20190928,明治安田J1第27節,磐田,大分,大分陸,20191102,明治安田J1第30節,磐田,清水,アイスタ,1,26061,26061
250,Ｊ２・Ｊ３百年構想,30535,長野,1611961,長谷川　雄志,HASEGAWA Yushi,MF,5,鹿児島県,178,77,19961206,鹿児島育英館中-鹿児島城西高-宮崎産業経営大-大分トリニータ-徳島ヴォルティス-ＳＣ相模原-徳島ヴォルティス,61,31,58,20190512,明治安田J1第11節,大分,湘南,ＢＭＷス,20250913,明治安田J3第27節,長野,鳥取,長野Ｕ,1,26924,26924
250,Ｊ２・Ｊ３百年構想,30535,長野,1627546,樋口　叶,HIGUCHI Kakeru,MF,15,熊本県,165,63,20010423,ひとよしＦＣ-ロアッソ熊本Ｊｒユース-ロアッソ熊本ユース-ロアッソ熊本-高知ユナイテッドＳＣ,0,0,37,20200802,明治安田J3第8節,熊本,福島,えがおＳ,,,,,,1,995102,817237
250,Ｊ２・Ｊ３百年構想,30535,長野,1629428,安藤　一哉,ANDO Kazuya,MF,33,千葉県,174,70,19970715,葛城ＦＣ-ジェフユナイテッド千葉Ｕ－１５-ジェフユナイテッド千葉Ｕ－１８-東京農業大-ガイナーレ鳥取-ＦＣ今治,0,0,121,20200627,明治安田J3第1節,鳥取,Ｃ大23,ヤンマー,20200802,明治安田J3第8節,鳥取,富山,Ａｘｉｓ,1,929221,815783
250,Ｊ２・Ｊ３百年構想,30535,長野,1629918,古賀　俊太郎,KOGA Shuntaro,MF,46,東京都,181,73,19980827,東京ヴェルディＪｒユース-レスターシティＦＣ　Ｕ－１６／イングランド-ＰＥＣズヴォレＵ－１９／オランダ-ロイヤルユニオンサン＝ジロワーズ／ベルギー-ＦＫアウダ／ラトビア-レノファ山口ＦＣ-ＦＣ刈谷-カロラインスプリングス　ジョージクロスＦＣ／オーストラリア-Ｙ．Ｓ．Ｃ．Ｃ．横浜,0,1,109,20201125,明治安田J2第36節,山口,千葉,みらスタ,20221106,明治安田J3第32節,YS横浜,八戸,プラスタ,1,929219,815781
250,Ｊ２・Ｊ３百年構想,30535,長野,1630113,長谷川　隼,HASEGAWA Hayato,MF,6,神奈川県,180,74,19970914,川崎フロンターレＵ－１２-川崎フロンターレＵ－１５-川崎フロンターレＵ－１８-阪南大-カマタマーレ讃岐,0,0,146,20200802,明治安田J3第8節,讃岐,沼津,ピカスタ,20220618,明治安田J3第13節,讃岐,相模原,ギオンス,1,929341,815668
250,Ｊ２・Ｊ３百年構想,30535,長野,1632243,田中　康介,TANAKA Kosuke,MF,25,奈良県,170,67,19990201,京都サンガF.C.Ｕ－１５-京都サンガF.C.Ｕ－１８-立命館大-福島ユナイテッドＦＣ,0,0,138,20210314,明治安田J3第1節,福島,藤枝,とうスタ,20210516,明治安田J3第8節,福島,八戸,郡山西部,1,929210,815772
250,Ｊ２・Ｊ３百年構想,30535,長野,1635384,山中　麗央,YAMANAKA Reo,MF,10,長野県,168,60,19990710,埴生ＳＣ-裾花ＦＣ-ＡＣ長野パルセイロＵ－１５-ＡＣ長野パルセイロＵ－１８-市立長野高-拓殖大,0,0,110,20220410,明治安田J3第5節,長野,いわき,長野Ｕ,20220529,明治安田J3第10節,長野,岐阜,長野Ｕ,1,929225,815787
250,Ｊ２・Ｊ３百年構想,30535,長野,1637052,吉田　桂介,YOSHIDA Keisuke,MF,22,埼玉県,175,68,20030120,新田フットボールクラブ-大宮アルディージャＪｒユース-大宮アルディージャユース-東京国際大,0,0,8,20250406,明治安田J3第8節,長野,鹿児島,長野Ｕ,,,,,,1,1001145,896040
250,Ｊ２・Ｊ３百年構想,30535,長野,1637078,伊藤　恵亮,ITO Keisuke,MF,19,埼玉県,172,66,20010204,クラブ与野-矢板中央高-東洋大-ＳＣ相模原-栃木シティＦＣ-ＳＣ相模原,0,0,42,20220911,明治安田J3第24節,相模原,YS横浜,ニッパツ,20220911,明治安田J3第24節,相模原,YS横浜,ニッパツ,1,929270,815461
250,Ｊ２・Ｊ３百年構想,30535,長野,1646523,中田　舜貴,NAKATA Shunki,MF,26,徳島県,176,70,20020521,沖洲ＦＣ-徳島ヴォルティスＪｒユース-徳島市立高-関東学院大,0,0,0,,,,,,,,,,,1,1065611,
250,Ｊ２・Ｊ３百年構想,30535,長野,1646527,野嶋　圭人,NOJIMA Keito,MF,30,兵庫県,165,63,20030411,荻野ＳＣ-伊丹ＦＣ-神戸国際大附属高-関東学院大,0,0,0,,,,,,,,,,,1,1052788,
250,Ｊ２・Ｊ３百年構想,30535,長野,1655842,森田　大智,MORITA Daichi,MF,77,熊本県,170,60,20030618,ディラネーロ天草-ＦＣＫマリーゴールド天草-大津高-早稲田大,0,0,0,,,,,,,,,,,1,1052789,
250,Ｊ２・Ｊ３百年構想,30535,長野,1611205,進　昂平,SHIN Kohei,FW,11,埼玉県,172,67,19950604,東川口ＦＣ-浦和レッズＪｒユース-浦和レッズユース-東京国際大-Ｙ．Ｓ．Ｃ．Ｃ．横浜-ザスパクサツ群馬-愛媛ＦＣ-ザスパクサツ群馬,0,49,119,20180309,明治安田J3第1節,YS横浜,相模原,ニッパツ,20190324,明治安田J3第3節,YS横浜,八戸,ダイスタ,1,929215,815777
250,Ｊ２・Ｊ３百年構想,30535,長野,1636326,吉澤　柊,YOSHIZAWA Shu,FW,18,埼玉県,176,77,19981021,ＦＣ鶴ヶ島-坂戸ディプロマッツＦＣ-武南高-作新学院大-いわきＦＣ-テゲバジャーロ宮崎,0,25,82,20220313,明治安田J3第1節,いわき,鹿児島,白波スタ,20220820,明治安田J3第21節,いわき,福島,Ｊスタ,1,798294,798294
250,Ｊ２・Ｊ３百年構想,30535,長野,1637304,清水　蒼太朗,SHIMIZU Sotaro,FW,51,千葉県,175,78,20031028,中志津ＳＣ-柏レイソルＡ．Ａ．ＴＯＲ’８２-流通経済大付属柏高-流通経済大,0,0,0,,,,,,,,,,,1,1052791,
250,Ｊ２・Ｊ３百年構想,30535,長野,1639189,大﨑　舜,OSAKI Shun,FW,9,鹿児島県,189,80,20000415,大隅ＮＩＦＳ　ＦＣ-セレソン都城ＦＣ-大津高-福岡大-ロアッソ熊本,0,78,0,20230226,明治安田J2第2節,熊本,秋田,えがおＳ,20240518,明治安田J2第16節,熊本,徳島,鳴門大塚,1,789924,789924
250,Ｊ２・Ｊ３百年構想,30535,長野,1641543,加納　大,KANO Haru,FW,20,静岡県,173,71,20020913,ＳＡＬＦＵＳ　ｏＲｓ-静岡学園中-静岡学園高-中央大,0,0,14,20250216,明治安田J3第1節,長野,宮崎,いちご,,,,,,1,999911,896041
250,Ｊ２・Ｊ３百年構想,193,新潟,1500453,吉満　大介,YOSHIMITSU Daisuke,GK,23,鹿児島県,187,85,19930221,飛松ＦＣ-アミーゴス鹿児島Ｕ－１５-神村学園高-鹿屋体育大-栃木ＳＣ-レノファ山口ＦＣ,7,89,30,20151123,明治安田J2第42節,栃木,札幌,札幌ド,,,,,,1,727148,727148
250,Ｊ２・Ｊ３百年構想,193,新潟,1632220,田代　琉我,TASHIRO Ryuga,GK,21,神奈川県,185,88,19980827,横浜ジュニオールＳＣ-日大藤沢高-国士舘大-ロアッソ熊本,15,77,0,20220321,明治安田J2第5節,熊本,長崎,えがおＳ,,,,,,1,789913,789913
250,Ｊ２・Ｊ３百年構想,193,新潟,1641153,内山　翔太,UCHIYAMA Shota,GK,71,新潟県,190,73,20061109,女池パイレーツ-アルビレックス新潟Ｕ－１５-アルビレックス新潟Ｕ－１８,0,0,0,,,,,,,,,,,1,,
250,Ｊ２・Ｊ３百年構想,193,新潟,1651282,バウマン,BAUMANN,GK,64,スイス,194,84,19960410,ＦＣルツェルン／スイス-ツーク９４／スイス-ＦＣルツェルン／スイス-ツーク９４／スイス-ＦＣヴィル１９００／スイス-ＦＣルガーノ／スイス-ＦＣヴィル１９００／スイス-ＦＣルガーノ／スイス-アスコリ／イタリア-ＦＣヴィル１９００／スイス-ＯＦＩ／ギリシャ-ＳＣ相模原,0,0,32,20250215,明治安田J3第1節,相模原,栃木Ｃ,ＣＦＳ,,,,,,1,23967,23967
250,Ｊ２・Ｊ３百年構想,193,新潟,1655908,松浦　大翔,MATSUURA Hiroto,GK,41,滋賀県,184,76,20080921,ｂａｎｄａｉ１２ジュニア-アルビレックス新潟Ｕ－１５,0,0,0,,,,,,,,,,,1,,
250,Ｊ２・Ｊ３百年構想,193,新潟,800193,舞行龍ジェームズ,MICHAEL JAMES,DF,5,ニュージーランド,185,82,19880917,成立学園高-アルビレックス新潟-ＪＡＰＡＮサッカーカレッジ-アルビレックス新潟-ツエーゲン金沢-アルビレックス新潟-ツエーゲン金沢-アルビレックス新潟-Ｖ・ファーレン長崎-アルビレックス新潟-Ｖ・ファーレン長崎-アルビレックス新潟-川崎フロンターレ,179,117,0,20130331,J2第6節,長崎,鳥取,長崎県立,20160717,明治安田J1 2nd第4節,新潟,仙台,デンカＳ,1,606984,606984
250,Ｊ２・Ｊ３百年構想,193,新潟,1100292,早川　史哉,HAYAKAWA Fumiya,DF,15,新潟県,170,70,19940112,小針レオレオサッカー少年団-アルビレックス新潟Ｊｒユース-アルビレックス新潟ユース-筑波大,35,65,0,20160227,明治安田J1 1st第1節,新潟,湘南,ＢＭＷス,20210505,明治安田J2第12節,新潟,大宮,ＮＡＣＫ,1,606990,606990
250,Ｊ２・Ｊ３百年構想,193,新潟,1400631,ジェイソン　ゲリア,JASON GERIA,DF,2,オーストラリア,183,78,19930510,メルボルンビクトリー／オーストラリア-ジェフユナイテッド千葉-パース　グローリー／オーストラリア-メルボルンビクトリー／オーストラリア,22,57,0,20180325,明治安田J2第6節,千葉,京都,フクアリ,20200902,明治安田J2第16節,千葉,福岡,フクアリ,1,23884,23884
250,Ｊ２・Ｊ３百年構想,193,新潟,1600516,舩木　翔,FUNAKI Kakeru,DF,77,奈良県,177,65,19980413,セレッソ大阪Ｕ－１２-セレッソ大阪Ｕ－１５-セレッソ大阪Ｕ－１８-セレッソ大阪-ジュビロ磐田-セレッソ大阪-ＳＣ相模原-セレッソ大阪,87,23,63,20160320,明治安田J3第2節,Ｃ大23,藤枝,藤枝サ,20180922,明治安田J3第24節,Ｃ大23,北九州,ミクスタ,1,254420,254420
250,Ｊ２・Ｊ３百年構想,193,新潟,1624569,加藤　徹也,KATO Tetsuya,DF,3,福島県,181,75,19960313,アストロンＦＣ-聖和学園高-びわこ成蹊スポーツ大-奈良クラブ-ＦＣ今治,0,32,71,20230319,明治安田J3第3節,奈良,長野,長野Ｕ,20240406,明治安田J3第8節,今治,長野,里山Ｓ,1,929118,815552
250,Ｊ２・Ｊ３百年構想,193,新潟,1632222,藤原　優大,FUJIWARA Yudai,DF,34,青森県,182,74,20020629,リベロ津軽Ｓ．Ｃ-青森山田中-青森山田高-浦和レッズ-ＳＣ相模原-浦和レッズ-ＳＣ相模原-浦和レッズ-ＦＣ町田ゼルビア-浦和レッズ-大分トリニータ-浦和レッズ-大分トリニータ-浦和レッズ,1,87,23,20210703,明治安田J2第21節,相模原,北九州,ギオンス,20220604,明治安田J3第11節,相模原,北九州,ギオンス,1,798116,798116
250,Ｊ２・Ｊ３百年構想,193,新潟,1632802,森　璃太,MORI Rita,DF,24,神奈川県,170,65,20010819,大島シェルズＳＣ-川崎フロンターレＵ－１２-川崎フロンターレＵ－１５-川崎フロンターレＵ－１８-早稲田大-アルビレックス新潟-福島ユナイテッドＦＣ-アルビレックス新潟-栃木ＳＣ,0,0,32,20240831,明治安田J3第26節,福島,北九州,とうスタ,20240915,明治安田J3第28節,福島,鳥取,とうスタ,1,817719,815486
250,Ｊ２・Ｊ３百年構想,193,新潟,1633515,森　昂大,MORI Kodai,DF,38,長野県,183,74,19990427,鎌田ＳＳＳ-ＡＭＢＩＣＩＯＮＥ松本-創造学園高-びわこ成蹊スポーツ大-徳島ヴォルティス,2,70,0,20230402,明治安田J2第7節,徳島,熊本,えがおＳ,20240526,明治安田J2第17節,徳島,いわき,ハワスタ,1,790929,790929
250,Ｊ２・Ｊ３百年構想,193,新潟,1639211,佐藤　海宏,SATO Mihiro,DF,26,茨城県,177,72,20070226,鹿島アントラーズジュニア-鹿島アントラーズＪｒユース-鹿島アントラーズユース-鹿島アントラーズ,2,0,0,20250222,明治安田J1第2節,鹿島,東京Ｖ,カシマ,,,,,,1,1000613,896106
250,Ｊ２・Ｊ３百年構想,193,新潟,1654646,松岡　敏也,MATSUOKA Toshiya,DF,33,福岡県,175,68,20070928,福岡ＢＵＤＤＹ　ＦＣ-ＳＡＬＴＺ　ＦＣ-興国高,0,0,0,,,,,,,,,,,1,1049139,
250,Ｊ２・Ｊ３百年構想,193,新潟,1400079,白井　永地,SHIRAI Eiji,MF,8,千葉県,176,72,19950926,実籾マリンスターズ-柏レイソルＵ－１５-柏レイソルＵ－１８-水戸ホーリーホック-ファジアーノ岡山-徳島ヴォルティス-柏レイソル,58,286,15,20140614,J2第18節,水戸,富山,富山,20141012,J3第28節,J-22,相模原,ギオンス,1,790927,790927
250,Ｊ２・Ｊ３百年構想,193,新潟,1500624,星　雄次,HOSHI Yuji,MF,19,神奈川県,170,64,19920727,つくし野サッカースポーツ少年団-横浜Ｆ・マリノスＪｒユース-横浜Ｆ・マリノスユース-法政大-福島ユナイテッドＦＣ-レノファ山口ＦＣ-大分トリニータ,67,148,35,20150315,明治安田J3第1節,福島,藤枝,とうスタ,20150329,明治安田J3第3節,福島,YS横浜,ニッパツ,1,26928,26928
250,Ｊ２・Ｊ３百年構想,193,新潟,1607206,島村　拓弥,SHIMAMURA Takuya,MF,28,岡山県,170,63,19990306,ヒーロ備前ジュニア-オオタＦＣ-サウーディＦＣ-京都サンガF.C.Ｕ－１８-京都サンガF.C.-ＦＣ岐阜-京都サンガF.C.-ロンドリーナＥ．Ｃ／ブラジル-京都サンガF.C.-セレッソ大阪-京都サンガF.C.-ＦＣ今治-ロアッソ熊本-柏レイソル-アルビレックス新潟-柏レイソル,42,40,78,20180303,明治安田J2第2節,岐阜,横浜FC,長良川,20200927,明治安田J3第18節,Ｃ大23,YS横浜,ニッパツ,1,798066,798066
250,Ｊ２・Ｊ３百年構想,193,新潟,1618095,藤原　奏哉,FUJIWARA Soya,MF,25,山口県,170,70,19950909,レオーネ山口Ｕ－１２-レオーネ山口Ｕ－１５-ルーテル学院高-阪南大-ギラヴァンツ北九州,95,110,43,20180503,明治安田J3第9節,北九州,秋田,Ａ‐スタ,20201104,明治安田J2第31節,北九州,大宮,ミクスタ,1,606994,606994
250,Ｊ２・Ｊ３百年構想,193,新潟,1629430,新井　泰貴,ARAI Taiki,MF,22,神奈川県,174,67,19970619,湘南レオーネ-湘南ベルマーレＵ－１５平塚-湘南ベルマーレＵ－１８-産業能率大-ガイナーレ鳥取-藤枝ＭＹＦＣ,25,56,86,20200627,明治安田J3第1節,鳥取,Ｃ大23,ヤンマー,20220723,明治安田J3第18節,鳥取,福島,とうスタ,1,798155,798155
250,Ｊ２・Ｊ３百年構想,193,新潟,1634114,石山　青空,ISHIYAMA Aozora,MF,40,新潟県,170,65,20060127,吉田ＳＣ-アルビレックス新潟Ｕ－１５-アルビレックス新潟Ｕ－１８-アルビレックス新潟-松本山雅ＦＣ,2,0,9,20240525,明治安田J1第16節,新潟,福岡,デンカＳ,,,,,,1,824283,890357
250,Ｊ２・Ｊ３百年構想,193,新潟,1634153,シマブク　カズヨシ,SHIMABUKU Kazuyoshi,MF,17,ペルー,166,63,19990729,東松山新宿サッカースポーツ少年団-東松山ペレーニアＦＣジュニア-浦和レッズＪｒユース-浦和レッズユース-新潟医療福祉大-アルビレックス新潟-藤枝ＭＹＦＣ-アルビレックス新潟-藤枝ＭＹＦＣ,3,80,0,20211023,明治安田J2第35節,新潟,秋田,デンカＳ,20220619,明治安田J2第22節,新潟,秋田,デンカＳ,1,607001,607001
250,Ｊ２・Ｊ３百年構想,193,新潟,1635487,笠井　佳祐,KASAI Keisuke,MF,46,千葉県,180,71,20020830,中野木ＦＣ-ＶＩＶＡＩＯ船橋Ｓ．Ｃ-関東第一高-桐蔭横浜大,20,0,0,20250329,明治安田J1第7節,新潟,Ｇ大阪,デンカＳ,20250503,明治安田J1第14節,新潟,FC東京,デンカＳ,1,988385,890360
250,Ｊ２・Ｊ３百年構想,193,新潟,1635508,大西　悠介,ONISHI Yusuke,MF,7,茨城県,174,67,20010520,鹿島アントラーズつくばジュニア-クラブドラゴンズ柏-流通経済大付属柏高-国士舘大-いわきＦＣ,0,49,0,20240224,明治安田J2第1節,いわき,水戸,Ｋｓスタ,20250309,明治安田J2第4節,いわき,鳥栖,ハワスタ,1,813849,815327
250,Ｊ２・Ｊ３百年構想,193,新潟,1636247,吉田　陣平,YOSHIDA Jimpei,MF,96,,,,,,0,0,0,,,,,,,,,,,0,606989,606989
250,Ｊ２・Ｊ３百年構想,193,新潟,1636525,落合　陸,OCHIAI Riku,MF,13,埼玉県,175,72,19990523,尾間木サッカースポーツ少年団-柏レイソルＵ－１２-柏レイソルＵ－１５-柏レイソルＵ－１８-ＶＯＮＤＳ市原ＦＣ-東京国際大-柏レイソル-水戸ホーリーホック-柏レイソル-アルビレックス新潟-大分トリニータ,6,41,0,20230610,明治安田J1第17節,柏,横浜FM,日産ス,20240413,明治安田J2第10節,水戸,栃木,Ｋｓスタ,1,681006,681006
250,Ｊ２・Ｊ３百年構想,193,新潟,1640649,ダニーロ　ゴメス,DANILO GOMES,MF,11,ブラジル,175,77,19990205,サンパウロＦＣ／ブラジル-ＧＥブラジル／ブラジル-アトレチコ　ゴイアニエンセ／ブラジル-サンパウロＦＣ／ブラジル-クイアバＥＣ／ブラジル-ＡＡポンチ　プレッタ／ブラジル,49,0,0,20230311,明治安田J1第4節,新潟,川崎Ｆ,デンカＳ,20250503,明治安田J1第14節,新潟,FC東京,デンカＳ,1,31588,31588
250,Ｊ２・Ｊ３百年構想,193,新潟,1643178,大竹　優心,OTAKE Yushin,MF,48,新潟県,170,61,20050717,東中野山ＳＳＳ-アルビレックス新潟Ｕ－１２-アルビレックス新潟Ｕ－１５-アルビレックス新潟Ｕ－１８-アルビレックス新潟-Ｙ．Ｓ．Ｃ．Ｃ．横浜,0,0,15,20240324,明治安田J3第6節,YS横浜,鳥取,ニッパツ,,,,,,1,929180,815616
250,Ｊ２・Ｊ３百年構想,193,新潟,1645880,奥村　仁,OKUMURA Jin,MF,30,大阪府,168,62,20010403,塚原サンクラブ-セレッソ大阪Ｕ－１５-セレッソ大阪Ｕ－１８-関西福祉大,52,0,0,20240403,明治安田J1第6節,新潟,磐田,ヤマハ,20240515,明治安田J1第14節,新潟,横浜FM,デンカＳ,1,817720,890358
250,Ｊ２・Ｊ３百年構想,193,新潟,1645923,古長谷　千博,KONAGAYA Chihiro,MF,14,静岡県,171,61,20011025,アスルクラロ沼津Ｕ１２-清水エスパルスＪｒユース-清水桜が丘高-常葉大-ロアッソ熊本,0,54,0,20240225,明治安田J2第1節,熊本,清水,えがおＳ,20240310,明治安田J2第3節,熊本,愛媛,ニンスタ,1,813843,815339
250,Ｊ２・Ｊ３百年構想,193,新潟,1000649,小野　裕二,ONO Yuji,FW,99,神奈川県,170,69,19921222,城北ファイターズ-横浜Ｆ・マリノスＪｒユース追浜-横浜Ｆ・マリノスユース-横浜Ｆ・マリノス-スタンダード　リエージュ／ベルギー-シント　トロイデン／ベルギー-サガン鳥栖-ガンバ大阪-サガン鳥栖,254,0,0,20100718,J1第13節,横浜FM,広島,広島ビ,20101017,J1第26節,横浜FM,神戸,日産ス,1,74067,74067
250,Ｊ２・Ｊ３百年構想,193,新潟,1624852,若月　大和,WAKATSUKI Yamato,FW,18,群馬県,170,65,20020118,リベルティー大間々ＳＣ-前橋ＳＣＪｒユース-桐生第一高-湘南ベルマーレ-ＦＣシオン／スイス-湘南ベルマーレ-レノファ山口ＦＣ,17,34,0,20190526,明治安田J1第13節,湘南,神戸,ノエスタ,20240224,明治安田J2第1節,山口,横浜FC,ニッパツ,1,30556,30556
250,Ｊ２・Ｊ３百年構想,193,新潟,1652879,ブーダ,BOUDAH,FW,65,,,,,,0,0,0,,,,,,,,,,,0,61136,61136
250,Ｊ２・Ｊ３百年構想,193,新潟,1653072,マテウス　モラエス,MATHEUS MORAES,FW,55,ブラジル,176,72,20000422,マリンガ／ブラジル-サントスＢ／ブラジル-マリンガ／ブラジル-サントスＢ／ブラジル-ロンドリーナＥＣ／ブラジル-サントスＢ／ブラジル-マリンガ／ブラジル,12,0,0,20250816,明治安田J1第26節,新潟,川崎Ｆ,デンカＳ,20250823,明治安田J1第27節,新潟,鹿島,デンカＳ,1,70791,70791
250,Ｊ２・Ｊ３百年構想,30308,富山,1600306,原田　岳,HARADA Gaku,GK,99,岩手県,188,84,19980522,バディーＳＣ-横浜Ｆ・マリノスＪｒユース-横浜Ｆ・マリノスユース-横浜Ｆ・マリノス-ＳＣ相模原-横浜Ｆ・マリノス-ＳＣ相模原-横浜Ｆ・マリノス-Ｖ・ファーレン長崎-横浜Ｆ・マリノス-Ｖ・ファーレン長崎,0,26,6,20190804,明治安田J3第19節,相模原,岩手,いわスタ,,,,,,1,727060,727060
250,Ｊ２・Ｊ３百年構想,30308,富山,1622652,寺門　陸,TERAKADO Riku,GK,21,神奈川県,182,80,20021123,ＡＣラゾーレ-ＪＦＣ　ＦＵＴＵＲＯ-横浜Ｆ・マリノスＪｒユース-横浜Ｆ・マリノスユース-横浜Ｆ・マリノス-レノファ山口ＦＣ-横浜Ｆ・マリノス-レノファ山口ＦＣ-横浜Ｆ・マリノス-レノファ山口ＦＣ-横浜Ｆ・マリノス-モンテディオ山形-鹿児島ユナイテッドＦＣ-モンテディオ山形,0,26,0,20220730,明治安田J2第29節,山口,仙台,みらスタ,,,,,,1,727154,727154
250,Ｊ２・Ｊ３百年構想,30308,富山,1636259,平尾　駿輝,HIRAO Toshiki,GK,1,大阪府,186,83,20030812,五領中-履正社高,0,3,6,20230514,明治安田J3第10節,富山,福島,富山,,,,,,1,929139,815574
250,Ｊ２・Ｊ３百年構想,30308,富山,1640477,コ　ボンジョ,KOH Bongjo,GK,31,大韓民国,191,82,20020215,済州中／大韓民国-ＦＣ　ＫＨＴ／大韓民国-龍仁大／大韓民国-サガン鳥栖-ヴァンフォーレ甲府-サガン鳥栖-カターレ富山-サガン鳥栖,0,8,0,20240506,明治安田J2第14節,甲府,秋田,ソユスタ,,,,,,1,,896045
250,Ｊ２・Ｊ３百年構想,30308,富山,1000491,實藤　友紀,SANETO Yuki,DF,19,徳島県,179,72,19890119,昭和イレブン-徳島ＦＣリベリモ-富田中-城南高-高知大-川崎フロンターレ-アビスパ福岡-横浜Ｆ・マリノス-ベガルタ仙台-横浜Ｆ・マリノス-ベガルタ仙台,117,96,0,20110625,J1第18節,川崎Ｆ,鹿島,カシマ,20120310,J1第1節,川崎Ｆ,新潟,等々力,1,151640,151640
250,Ｊ２・Ｊ３百年構想,30308,富山,1500442,今瀬　淳也,IMASE Junya,DF,5,千葉県,184,81,19930103,青葉台ＦＣ-三井千葉ＳＣ-市立船橋高-国士舘大-水戸ホーリーホック-カターレ富山-水戸ホーリーホック,0,83,151,20150308,明治安田J2第1節,水戸,熊本,笠松,20160423,明治安田J2第9節,水戸,東京Ｖ,駒沢,1,929129,815564
250,Ｊ２・Ｊ３百年構想,30308,富山,1500528,香川　勇気,KAGAWA Yuki,DF,3,兵庫県,177,70,19920702,三木ＳＳＤ-イルソーレ小野ＦＣ-滝川二高-阪南大-レノファ山口ＦＣ-Ｖ・ファーレン長崎-東京ヴェルディ-Ｖ・ファーレン長崎-大分トリニータ,48,148,22,20150315,明治安田J3第1節,山口,鳥取,維新公園,20160608,明治安田J2第17節,山口,愛媛,維新公園,1,798071,798071
250,Ｊ２・Ｊ３百年構想,30308,富山,1618570,岡本　將成,OKAMOTO Shosei,DF,56,富山県,184,82,20000407,ＴＨＯＲＩ　ＳＣ-アルビレックス新潟Ｕ－１５-アルビレックス新潟Ｕ－１８-アルビレックス新潟-鹿児島ユナイテッドＦＣ-アルビレックス新潟-水戸ホーリーホック-アルビレックス新潟-鹿児島ユナイテッドＦＣ-アルビレックス新潟-鹿児島ユナイテッドＦＣ-アルビレックス新潟-鹿児島ユナイテッドＦＣ-アルビレックス新潟,0,43,81,20190629,明治安田J2第20節,新潟,鹿児島,白波スタ,,,,,,1,815475,815869
250,Ｊ２・Ｊ３百年構想,30308,富山,1630135,丸山　嵩大,MARUYAMA Shuto,DF,24,新潟県,178,72,20040816,青山サッカー少年団-アルビレックス新潟Ｕ－１５-アルビレックス新潟Ｕ－１８-新潟経営大在学中,0,0,0,,,,,,,,,,,1,,
250,Ｊ２・Ｊ３百年構想,30308,富山,1635442,安光　将作,YASUMITSU Shosaku,DF,25,アメリカ合衆国,180,73,19991102,ジェフユナイテッド千葉Ｕ－１５-ジェフユナイテッド千葉Ｕ－１８-法政大-カターレ富山-ＲＢ大宮アルディージャ,0,6,74,20220724,明治安田J3第18節,富山,YS横浜,ニッパツ,20240406,明治安田J3第8節,富山,北九州,富山,1,929141,815576
250,Ｊ２・Ｊ３百年構想,30308,富山,1635489,鍋田　純志,NABETA Atsushi,DF,26,富山県,179,68,20000102,スクエア富山ＦＣ-水橋高-桐蔭横浜大-カターレ富山-レイラック滋賀ＦＣ,0,3,14,20230528,明治安田J3第11節,富山,岐阜,長良川,,,,,,1,929144,815579
250,Ｊ２・Ｊ３百年構想,30308,富山,1639151,竹内　豊,TAKEUCHI Yutaka,DF,40,新潟県,184,80,20030121,直江津ＳＳＳ-長岡ＪｒユースＦＣ-新潟明訓高-法政大,0,5,0,20250621,明治安田J2第20節,富山,いわき,ハワスタ,,,,,,1,1007951,896047
250,Ｊ２・Ｊ３百年構想,30308,富山,1645921,西矢　慎平,NISHIYA Shimpei,DF,23,兵庫県,173,70,20010811,向洋中学-神戸弘陵高-京都産業大,0,17,23,20240320,明治安田J3第5節,富山,金沢,富山,,,,,,1,929148,815584
250,Ｊ２・Ｊ３百年構想,30308,富山,1647284,深澤　壯太,FUKAZAWA Sota,DF,13,大阪府,175,70,20030320,岩田ＦＣ-ガンバ大阪Ｊｒユース-大阪桐蔭高-中京大,0,16,0,20250429,明治安田J2第12節,富山,山形,富山,20250928,明治安田J2第31節,富山,徳島,富山,1,1000624,896046
250,Ｊ２・Ｊ３百年構想,30308,富山,1100158,チョン　ウヨン,JUNG Woo Young,MF,20,大韓民国,186,78,19891214,蔚山鶴城中／大韓民国-蔚山鶴城高／大韓民国-慶熙大／大韓民国-京都サンガF.C.-ジュビロ磐田-京都サンガF.C.-ヴィッセル神戸-重慶力帆ＦＣ／中国-ヴィッセル神戸-アル　サッド／カタール-アル　ハリージ／サウジアラビア-蔚山ＨＤ　ＦＣ／大韓民国,90,64,0,20110305,J2第1節,京都,水戸,Ｋｓスタ,20110703,J2第19節,京都,岐阜,長良川,1,11949,
250,Ｊ２・Ｊ３百年構想,30308,富山,1400093,椎名　伸志,SHIINA Nobuyuki,MF,22,北海道,166,60,19911015,札幌ジュニアＦＣ-札幌ジュニアＦＣユース-青森山田高-流通経済大-松本山雅ＦＣ-カターレ富山-松本山雅ＦＣ-カターレ富山-松本山雅ＦＣ,0,31,176,20140302,J2第1節,松本,東京Ｖ,味スタ,20170625,明治安田J3第14節,富山,Ｇ大23,富山,1,929127,815562
250,Ｊ２・Ｊ３百年構想,30308,富山,1600515,松岡　大智,MATSUOKA Daichi,MF,8,富山県,171,63,19990123,ＪＫキッズなめりかわ-カターレ富山Ｕ－１５-セレッソ大阪Ｕ－１８-国士舘大,0,28,96,20160612,明治安田J3第12節,Ｃ大23,富山,富山,20220925,明治安田J3第26節,富山,讃岐,ピカスタ,1,929130,815565
250,Ｊ２・Ｊ３百年構想,30308,富山,1605024,谷本　駿介,TANIMOTO Shunsuke,MF,14,大阪府,173,68,20010307,セレッソ大阪Ｕ－１２-セレッソ大阪Ｕ－１５-セレッソ大阪Ｕ－１８-関西福祉大-愛媛ＦＣ,0,51,31,20230305,明治安田J3第1節,愛媛,岩手,ニンスタ,20230312,明治安田J3第2節,愛媛,長野,ニンスタ,1,813870,815874
250,Ｊ２・Ｊ３百年構想,30308,富山,1622197,植田　啓太,UEDA Keita,MF,48,神奈川県,175,71,20020903,ＦＣアムゼル-横浜Ｆ・マリノスプライマリー-横浜Ｆ・マリノスＪｒユース-横浜Ｆ・マリノスユース-横浜Ｆ・マリノス-栃木ＳＣ-横浜Ｆ・マリノス-栃木ＳＣ-横浜Ｆ・マリノス-栃木ＳＣ-横浜Ｆ・マリノス-ＳＣ相模原-横浜Ｆ・マリノス,0,69,18,20210307,明治安田J2第2節,栃木,秋田,カンセキ,20220525,明治安田J2第18節,栃木,町田,カンセキ,1,790057,790057
250,Ｊ２・Ｊ３百年構想,30308,富山,1624512,末木　裕也,SUEKI Hiroya,MF,16,山梨県,177,76,19970516,フォルトゥナＳＣ-ヴァンフォーレ甲府Ｕ－１５-ヴァンフォーレ甲府Ｕ－１８-法政大,0,35,153,20200628,明治安田J3第1節,富山,長野,富山,20201103,明治安田J3第25節,富山,鹿児島,富山,1,929135,815570
250,Ｊ２・Ｊ３百年構想,30308,富山,1632743,瀬良　俊太,SERA Shunta,MF,6,埼玉県,174,68,20011011,ジャクパ埼玉ＦＣ-大宮アルディージャＵ１５-大宮アルディージャＵ１８-筑波大,0,8,14,20240317,明治安田J3第4節,富山,八戸,プラスタ,,,,,,1,929149,815585
250,Ｊ２・Ｊ３百年構想,30308,富山,1635502,布施谷　翔,FUSEYA Sho,MF,28,東京都,175,70,20000921,Ｐｉｏｎｅｉｒｏ-ジェファＦＣ-駿台学園高-国士舘大-ＦＣ町田ゼルビア-カターレ富山-ＦＣ町田ゼルビア-カターレ富山-ＦＣ町田ゼルビア,0,30,29,20240309,明治安田J3第3節,富山,奈良,富山,20240626,明治安田J3第16節,富山,岩手,富山,1,929143,815578
250,Ｊ２・Ｊ３百年構想,30308,富山,1637072,髙橋　馨希,TAKAHASHI Yoshiki,MF,33,神奈川県,175,70,20010616,東台ＦＣ-常葉橘中-常葉橘高-法政大,0,27,42,20230715,明治安田J3第18節,富山,琉球,富山,20230805,明治安田J3第21節,富山,今治,富山,1,929146,815581
250,Ｊ２・Ｊ３百年構想,30308,富山,1637255,溝口　駿,MIZOGUCHI Shun,MF,32,神奈川県,176,69,20020606,横浜ＧＳＦＣ-横浜ＦＣＪｒユース-法政大第二高-法政大,0,7,0,20250406,明治安田J2第8節,富山,熊本,えがおＳ,20251109,明治安田J2第36節,富山,鳥栖,富山,1,1004252,896048
250,Ｊ２・Ｊ３百年構想,30308,富山,1639690,湯之前　匡央,YUNOMAE Mahiro,MF,17,和歌山県,171,69,20031230,柏レイソルＵ－１５-柏レイソルＵ－１８-東洋大,0,1,0,20250928,明治安田J2第31節,富山,徳島,富山,,,,,,1,1029788,897485
250,Ｊ２・Ｊ３百年構想,30308,富山,1640647,伊藤　拓巳,ITO Takumi,MF,18,千葉県,169,65,20000729,ＦＣ　ｃｕｏｒｅ千葉-ヴィヴァイオ船橋-中央学院高-東海学園大,0,32,35,20230514,明治安田J3第10節,富山,福島,富山,20231029,明治安田J3第33節,富山,岐阜,富山,1,929145,815580
250,Ｊ２・Ｊ３百年構想,30308,富山,1646762,亀田　歩夢,KAMEDA Ayumu,MF,7,神奈川県,168,58,20061219,Ｐ．Ｓ．Ｔ．Ｃ．ＬＯＮＤＲＩＮＡＪｒユース-流通経済大付属柏高,0,9,0,20250323,明治安田J2第6節,富山,鳥栖,駅スタ,20251129,明治安田J2第38節,富山,秋田,富山,1,1002945,896049
250,Ｊ２・Ｊ３百年構想,30308,富山,1650796,竹中　元汰,TAKENAKA Genta,MF,34,兵庫県,173,67,20030125,兵庫ＦＣ-セレッソ大阪西Ｕ－１５-米子北高-関西福祉大,0,14,0,20250216,明治安田J2第1節,富山,愛媛,ニンスタ,,,,,,1,999871,895979
250,Ｊ２・Ｊ３百年構想,30308,富山,1656013,香川　太朗,KAGAWA Taro,MF,77,兵庫県,166,62,20040714,ＦＣリブレ　Ｕ１２-ＦＣリブレ　Ｕ１５-藤枝明誠高-東海学園大在学中,0,0,0,,,,,,,,,,,1,1059013,
250,Ｊ２・Ｊ３百年構想,30308,富山,300119,中島　裕希,NAKASHIMA Yuki,FW,30,富山県,175,80,19840616,ＦＣひがしＪｒユース-富山第一高-鹿島アントラーズ-ベガルタ仙台-鹿島アントラーズ-ベガルタ仙台-鹿島アントラーズ-ベガルタ仙台-モンテディオ山形-ベガルタ仙台-モンテディオ山形-ＦＣ町田ゼルビア,101,531,0,20030824,J1-2nd第2節,鹿島,東京Ｖ,国立,20060913,J2第39節,仙台,徳島,鳴門,1,798123,798123
250,Ｊ２・Ｊ３百年構想,30308,富山,1000075,小川　慶治朗,OGAWA Keijiro,FW,11,兵庫県,170,67,19920714,ウッディＳＣ-ヴィッセル神戸Ｊｒユース-ヴィッセル神戸Ｕ－１８-ヴィッセル神戸-湘南ベルマーレ-ヴィッセル神戸-横浜ＦＣ-ウェスタンシドニーワンダラーズＦＣ／オーストラリア-横浜ＦＣ-ＦＣソウル／大韓民国-横浜ＦＣ,259,85,0,20100327,J1第4節,神戸,横浜FM,ホームズ,20101030,J1第28節,神戸,Ｇ大阪,万博,1,26036,26036
250,Ｊ２・Ｊ３百年構想,30308,富山,1300592,松田　力,MATSUDA Riki,FW,10,大阪府,175,70,19910724,大阪セントラルＦＣ-立正大淞南高-びわこ成蹊スポーツ大-名古屋グランパス-ジェフユナイテッド千葉-名古屋グランパス-アビスパ福岡-ヴァンフォーレ甲府-セレッソ大阪-愛媛ＦＣ,85,220,63,20130706,J1第14節,大分,横浜FM,ニッパ球,20130706,J1第14節,大分,横浜FM,ニッパ球,1,78113,78113
250,Ｊ２・Ｊ３百年構想,30308,富山,1500532,吉平　翼,YOSHIHIRA Tsubasa,FW,9,大分県,172,70,19980105,大分トリニータＵ－１２-大分トリニータＵ－１５-大分トリニータＵ－１８-大分トリニータ-ブラウブリッツ秋田-大分トリニータ-藤枝ＭＹＦＣ-大分トリニータ-藤枝ＭＹＦＣ,0,34,172,20150524,明治安田J2第15節,大分,東京Ｖ,大銀ド,20160515,明治安田J3第9節,大分,Ｆ東23,大銀ド,1,929128,815563
250,Ｊ２・Ｊ３百年構想,30308,富山,1504434,坪井　清志郎,TSUBOI Kiyoshiro,FW,15,富山県,178,73,20000201,カターレ富山Ｕ－１５-富山第一高-徳島ヴォルティス-ブラウブリッツ秋田-徳島ヴォルティス-高知ユナイテッドＳＣ-徳島ヴォルティス-アルビレックス新潟シンガポール／シンガポール-徳島ヴォルティス,0,88,7,20190310,明治安田J3第1節,秋田,群馬,正田スタ,20220501,明治安田J2第13節,徳島,町田,Ｇスタ,1,790934,790934
250,Ｊ２・Ｊ３百年構想,30308,富山,1635514,古川　真人,FURUKAWA Manato,FW,39,東京都,175,74,20011114,松原ＳＣ-遠藤サッカーアカデミー-実践学園高-国士舘大-東京ヴェルディ-カターレ富山-東京ヴェルディ-カターレ富山-東京ヴェルディ,0,18,5,20240817,明治安田J3第24節,富山,北九州,ミクスタ,20250809,明治安田J2第25節,富山,大分,クラド,1,828459,815583
250,Ｊ２・Ｊ３百年構想,30308,富山,1651218,キム　テウォン,KIM Taewon,FW,42,大韓民国,185,76,20050311,ポルティモネンセＳＣ　Ｕ－２３／ポルトガル,0,0,0,,,,,,,,,,,1,984748,
250,Ｊ２・Ｊ３百年構想,30526,金沢,1101578,白井　裕人,SHIRAI Yuto,GK,1,千葉県,184,78,19880619,柏イーグルス-流通経済大付属柏高-流通経済大-クラブ　ドラゴンズ-流通経済大-流通経済大ＦＣ-流通経済大-松本山雅ＦＣ,1,275,1,20120812,J2第28節,松本,富山,富山,,,,,,1,798194,798194
250,Ｊ２・Ｊ３百年構想,30526,金沢,1401475,後藤　大輝,GOTO Daiki,GK,50,埼玉県,185,79,19960614,浦和大谷場サッカー少年団-大宮アルディージャＪｒユース-大宮アルディージャユース-明治大-ギラヴァンツ北九州-大宮アルディージャ-ギラヴァンツ北九州-ＦＣ岐阜,0,0,23,20190706,明治安田J3第15節,北九州,長野,ミクスタ,,,,,,1,929192,815499
250,Ｊ２・Ｊ３百年構想,30526,金沢,1500391,山ノ井　拓己,YAMANOI Takumi,GK,21,,,,,,0,0,0,,,,,,,,,,,0,254590,254590
250,Ｊ２・Ｊ３百年構想,30526,金沢,1618637,上田　樹,UEDA Itsuki,GK,31,石川県,188,75,20010628,内灘ＦＣ-ツエーゲン金沢Ｕ－１５-ツエーゲン金沢Ｕ－１８-ツエーゲン金沢-高知ユナイテッドＳＣ,0,0,41,20240225,明治安田J3第1節,金沢,沼津,愛鷹,,,,,,1,929457,815619
250,Ｊ２・Ｊ３百年構想,30526,金沢,1656197,元林　隼太朗,MOTOBAYASHI Shuntaro,GK,51,石川県,180,76,20080522,ツエーゲン金沢Ｕ－１５,0,0,0,,,,,,,,,,,1,,
250,Ｊ２・Ｊ３百年構想,30526,金沢,1400711,村田　航一,MURATA Koichi,DF,6,宮崎県,178,78,19960906,アリーバＦＣ-日章学園中-日章学園高-明治大-水戸ホーリーホック,0,130,0,20190224,明治安田J2第1節,水戸,岡山,Ｃスタ,20190323,明治安田J2第5節,水戸,大宮,ＮＡＣＫ,1,727177,727177
250,Ｊ２・Ｊ３百年構想,30526,金沢,1401470,畑尾　大翔,HATAO Hiroto,DF,3,東京都,183,79,19900916,ジュニアコスモス城北-三菱養和巣鴨ＳＳ-三菱養和巣鴨ＳＣ-ＦＣ東京Ｕ－１８-早稲田大-ヴァンフォーレ甲府-名古屋グランパス-大宮アルディージャ-名古屋グランパス-大宮アルディージャ-ザスパクサツ群馬,52,175,51,20140830,J1第22節,甲府,柏,柏,20170422,明治安田J1第8節,甲府,Ｃ大阪,中銀スタ,1,789871,789871
250,Ｊ２・Ｊ３百年構想,30526,金沢,1401517,庄司　朋乃也,SHOJI Honoya,DF,39,群馬県,187,78,19971008,クマガヤＳＣ-セレッソ大阪Ｕ－１８-セレッソ大阪-ツエーゲン金沢-セレッソ大阪-ツエーゲン金沢-セレッソ大阪-大分トリニータ-セレッソ大阪-Ｖ・ファーレン長崎-セレッソ大阪-ツエーゲン金沢-セレッソ大阪,7,183,58,20160612,明治安田J3第12節,Ｃ大23,富山,富山,20181007,明治安田J2第36節,金沢,徳島,鳴門大塚,1,798195,798195
250,Ｊ２・Ｊ３百年構想,30526,金沢,1500945,小島　雅也,KOJIMA Masaya,DF,25,埼玉県,170,64,19971109,行田ペガサスサッカースポーツ少年団-クマガヤサッカースポーツクラブ-ベガルタ仙台ユース-ベガルタ仙台-ＦＣ町田ゼルビア-ベガルタ仙台-ツエーゲン金沢-ベガルタ仙台-ザスパクサツ群馬,3,154,62,20160813,明治安田J1 2nd第8節,仙台,柏,ユアスタ,20200802,明治安田J2第9節,群馬,千葉,フクアリ,1,798197,798197
250,Ｊ２・Ｊ３百年構想,30526,金沢,1503697,毛利　駿也,MOURI Shunya,DF,16,富山県,175,70,19950410,ＳＱＵＡＲＥ富山-山梨学院大附属高-順天堂大-ツエーゲン金沢-湘南ベルマーレ,1,94,32,20180225,明治安田J2第1節,金沢,愛媛,ニンスタ,20180401,明治安田J2第7節,金沢,横浜FC,ニッパツ,1,798189,798189
250,Ｊ２・Ｊ３百年構想,30526,金沢,1611471,山本　義道,YAMAMOTO Norimichi,DF,38,福岡県,185,75,19950725,ＦＣ　ＮＥＯ-作陽高-びわこ成蹊スポーツ大-ツエーゲン金沢-横浜Ｆ・マリノス-ジュビロ磐田-横浜Ｆ・マリノス-ジュビロ磐田-ツエーゲン金沢-ジュビロ磐田,24,123,54,20180825,明治安田J2第30節,金沢,讃岐,ピカスタ,20180915,明治安田J2第33節,金沢,新潟,デンカＳ,1,254440,254440
250,Ｊ２・Ｊ３百年構想,30526,金沢,1624312,長倉　颯,NAGAKURA Hayate,DF,20,神奈川県,177,73,19960429,Ｉ．Ｏ．キッカーズ-横浜Ｆ・マリノスＪｒユース追浜-横浜Ｆ・マリノスユース-法政大-ＦＣ岐阜-ベガルタ仙台-ラインメール青森ＦＣ,0,8,29,20190224,明治安田J2第1節,岐阜,山形,長良川,20250503,明治安田J3第11節,金沢,松本,サンアル,1,1002246,896277
250,Ｊ２・Ｊ３百年構想,30526,金沢,1629923,松本　大輔,MATSUMOTO Daisuke,DF,55,埼玉県,183,85,19980910,レジスタＦＣ-箕曲ＷＥＳＴ　ＦＣ-帝京第三高-中央大-サガン鳥栖-ツエーゲン金沢-サガン鳥栖-レノファ山口ＦＣ-サガン鳥栖-ＦＣ町田ゼルビア,2,38,33,20210407,明治安田J1第8節,鳥栖,川崎Ｆ,等々力,20220319,明治安田J2第5節,金沢,秋田,ソユスタ,1,727165,727165
250,Ｊ２・Ｊ３百年構想,30526,金沢,1631755,寺阪　尚悟,TERASAKA Shogo,DF,19,兵庫県,184,81,20040606,つつじが丘ファミリーサッカー部-ヴィッセル神戸Ｕ－１５-ヴィッセル神戸Ｕ－１８-ヴィッセル神戸-ＦＣ琉球-ヴィッセル神戸-ＦＣ岐阜-ヴィッセル神戸-ＦＣ岐阜-ヴィッセル神戸,0,0,22,20230730,明治安田J3第20節,琉球,沼津,愛鷹,20240825,明治安田J3第25節,岐阜,YS横浜,長良川,1,700051,700051
250,Ｊ２・Ｊ３百年構想,30526,金沢,1635025,長峰　祐斗,NAGAMINE Yuto,DF,2,埼玉県,175,67,20000328,坂戸ディプロマッツ-埼玉平成高-拓殖大,0,79,21,20210904,明治安田J2第28節,金沢,町田,石川西部,20241103,明治安田J3第35節,金沢,岩手,ゴースタ,1,798200,798200
250,Ｊ２・Ｊ３百年構想,30526,金沢,1635338,櫻井　風我,SAKURAI Fuga,DF,71,東京都,175,72,20000911,横浜Ｆ・マリノスプライマリー-横浜Ｆ・マリノスＪｒユース追浜-日本大藤沢高-明治大-ツエーゲン金沢-テゲバジャーロ宮崎,0,8,25,20230219,明治安田J2第1節,金沢,東京Ｖ,味スタ,20240406,明治安田J3第8節,金沢,松本,ゴースタ,1,798201,798201
250,Ｊ２・Ｊ３百年構想,30526,金沢,1635563,宮崎　海冬,MIYAZAKI Kaito,DF,29,東京都,173,65,20021224,ＦＣ多摩Ｊｒユース-帝京高-立正大,0,0,3,20250608,明治安田J3第15節,金沢,沼津,愛鷹,,,,,,1,1000689,896286
250,Ｊ２・Ｊ３百年構想,30526,金沢,1642077,鈴木　遼,SUZUKI Haruka,DF,27,宮城県,178,73,20040221,ベガルタ仙台Ｊｒユース-昌平高-筑波大,0,0,0,,,,,,,,,,,1,1067074,
250,Ｊ２・Ｊ３百年構想,30526,金沢,1647418,有吉　勇人,ARIYOSHI Hayato,DF,22,山口県,183,79,20031206,ＦＣストヤノフ-レノファ山口ＦＣ　Ｕ－１５-瀬戸内高-甲南大,0,0,0,,,,,,,,,,,1,,
250,Ｊ２・Ｊ３百年構想,30526,金沢,1100132,石原　崇兆,ISHIHARA Takayoshi,MF,14,静岡県,172,67,19921117,トライアングルＦＣ-清水エスパルスＪｒユース-清水エスパルスユース-ファジアーノ岡山-松本山雅ＦＣ-ベガルタ仙台,105,300,55,20110306,J2第1節,岡山,湘南,平塚,20111026,J2第7節,岡山,富山,カンスタ,1,27017,27017
250,Ｊ２・Ｊ３百年構想,30526,金沢,1201189,大山　啓輔,OYAMA Keisuke,MF,8,埼玉県,174,67,19950507,大宮ストライカー-大宮アルディージャジュニア-大宮アルディージャＪｒユース-大宮アルディージャユース-大宮アルディージャ,35,152,67,20140309,J3第1節,J-22,琉球,沖縄県陸,20150809,明治安田J3第25節,J-22,YS横浜,ニッパツ,1,727386,727386
250,Ｊ２・Ｊ３百年構想,30526,金沢,1300440,嶋田　慎太郎,SHIMADA Shintaro,MF,41,熊本県,165,60,19951205,ＦＣビッグウェーブ-ロアッソ熊本Ｊｒユース-ロアッソ熊本ユース-ロアッソ熊本-大宮アルディージャ-大分トリニータ-大宮アルディージャ-ツエーゲン金沢-大宮アルディージャ,8,260,54,20141019,J2第37節,熊本,磐田,うまスタ,20141109,J2第40節,熊本,愛媛,水前寺,1,798198,798198
250,Ｊ２・Ｊ３百年構想,30526,金沢,1600205,加藤　大樹,KATO Taiki,MF,17,奈良県,170,67,19930314,ポルベニル　カシハラ-ポルベニル　カシハラＪｒユース-立正大淞南高-びわこ成蹊スポーツ大-ＳＰ京都ＦＣ-レノファ山口ＦＣ-ツエーゲン金沢-モンテディオ山形,0,266,45,20160429,明治安田J2第10節,山口,岐阜,長良川,20160503,明治安田J2第11節,山口,群馬,維新公園,1,727010,727010
250,Ｊ２・Ｊ３百年構想,30526,金沢,1620724,西谷　優希,NISHIYA Yuki,MF,15,栃木県,165,60,19931005,益子ＳＣストラーダ-ＪＥＦ宇都宮-鹿島学園高-仙台大-ヒラル　マロク　ベルグハイム／ドイツ-ＴｕＳエルンテブリュック／ドイツ-栃木ＳＣ,0,178,70,20180721,明治安田J2第24節,栃木,大分,大銀ド,20200830,明治安田J2第15節,栃木,甲府,中銀スタ,1,790062,790062
250,Ｊ２・Ｊ３百年構想,30526,金沢,1625670,沖崎　颯,OKIZAKI Hayate,MF,33,,,,,,0,0,0,,,,,,,,,,,0,,
250,Ｊ２・Ｊ３百年構想,30526,金沢,1647161,土佐　陸翼,TOSA Rikuu,MF,7,神奈川県,174,70,20000427,ＦＣソレイユ-ＳＣＨ．ＦＣ-横浜Ｆ・マリノスＪｒユース-横浜Ｆ・マリノスユース-日本体育大-ＶＯＮＤＳ市原ＦＣ-栃木シティ,0,0,20,20250301,明治安田J3第3節,栃木Ｃ,沼津,ＣＦＳ,20250308,明治安田J3第4節,栃木Ｃ,長野,長野Ｕ,1,1000020,895969
250,Ｊ２・Ｊ３百年構想,30526,金沢,1650532,四宮　悠成,SHINOMIYA Yusei,MF,23,徳島県,175,63,20030111,見能林ＦＣ-徳島ヴォルティスＪｒユース-徳島ヴォルティスユース-大阪学院大,0,0,29,20250223,明治安田J3第2節,金沢,鹿児島,白波スタ,20250406,明治安田J3第8節,金沢,鳥取,Ａｘｉｓ,1,1000690,896238
250,Ｊ２・Ｊ３百年構想,30526,金沢,1650533,村田　迅,MURATA Jin,MF,26,群馬県,173,70,20020918,ＰＡＬＡＩＳＴＲＡ-前橋ＦＣ-前橋育英高-北陸大,0,0,11,20250601,明治安田J3第14節,金沢,琉球,ゴースタ,20250927,明治安田J3第29節,金沢,讃岐,ゴースタ,1,1000691,896285
250,Ｊ２・Ｊ３百年構想,30526,金沢,700759,杉浦　恭平,SUGIURA Kyohei,FW,11,静岡県,177,69,19890111,聖隷ＪＦＣ-ＦＣ雄踏-静岡学園高-川崎フロンターレ-愛媛ＦＣ-川崎フロンターレ-愛媛ＦＣ-川崎フロンターレ-ヴィッセル神戸-川崎フロンターレ-ヴィッセル神戸-ベガルタ仙台,10,341,52,20080330,J1第3節,川崎Ｆ,千葉,等々力,20100429,J2第9節,愛媛,福岡,ニンスタ,1,798196,798196
250,Ｊ２・Ｊ３百年構想,30526,金沢,1300102,パトリック,PATRIC,FW,10,ブラジル,187,85,19871026,パイサンドゥＳＣ／ブラジル-ＣＡヴィラ　リカ／ブラジル-サンタクルスＦＣ／ブラジル-サルグエイロＡＣ／ブラジル-ＡＤＲＣイカザ／ブラジル-デモクラタＦＣ／ブラジル-ヴェラクルズＦＣ／ブラジル-ＳＥＲサンジョゼ／ブラジル-アメリカーノＦＣ／ブラジル-ミストＥＣ／ブラジル-ヴァスコ　ダ　ガマ／ブラジル-ヴィラノバＦＣ／ブラジル-アトレチコ　ゴイアニエンセ／ブラジル-川崎フロンターレ-ヴァンフォーレ甲府-フォルトレーザ／ブラジル-ガンバ大阪-サンフレッチェ広島-ガンバ大阪-京都サンガF.C.-名古屋グランパス,328,0,36,20130303,J1第1節,川崎Ｆ,柏,柏,20130316,J1第3節,川崎Ｆ,鳥栖,ベアスタ,1,73817,73817
250,Ｊ２・Ｊ３百年構想,30526,金沢,1620723,大谷　駿斗,OTANI Hayato,FW,30,石川県,173,64,19970117,旭丘サッカースポーツ少年団-松任ＦＣＪｒユース-エスポワール白山ＦＣＪｒユース-松任高-金沢学院大-カターレ富山,0,71,111,20180716,明治安田J3第18節,富山,鳥取,富山,20190831,明治安田J3第21節,富山,相模原,富山,1,798295,798295
250,Ｊ２・Ｊ３百年構想,30526,金沢,1631739,大澤　朋也,OSAWA Tomoya,FW,18,千葉県,175,72,20020906,大宮アルディージャジュニア-大宮アルディージャＪｒユース-大宮アルディージャＵ１８-大宮アルディージャ-愛媛ＦＣ-大宮アルディージャ-ツエーゲン金沢-ＲＢ大宮アルディージャ,0,12,92,20210321,明治安田J2第4節,大宮,相模原,ギオンス,20210327,明治安田J2第5節,大宮,長崎,ＮＡＣＫ,1,727396,727396
250,Ｊ２・Ｊ３百年構想,30526,金沢,1631742,ブワニカ　啓太,BUWANIKA Keita,FW,9,東京都,186,75,20021216,ラビットキッカーズ-松戸第六中-修徳高-ジェフユナイテッド千葉-水戸ホーリーホック-ジェフユナイテッド千葉-いわきＦＣ,0,90,0,20210228,明治安田J2第1節,千葉,甲府,フクアリ,20210228,明治安田J2第1節,千葉,甲府,フクアリ,1,789856,789856
250,Ｊ２・Ｊ３百年構想,30526,金沢,1637017,白輪地　敬大,SHIRAWACHI Keita,FW,13,神奈川県,172,68,20011207,津久井ＦＣ-相模原みどりＳＣ-桐蔭学園高-桐蔭横浜大-いわきＦＣ-アスルクラロ沼津-いわきＦＣ,0,10,24,20240224,明治安田J2第1節,いわき,水戸,Ｋｓスタ,20250608,明治安田J3第15節,沼津,金沢,愛鷹,1,813857,815329
250,Ｊ２・Ｊ３百年構想,131,磐田,3892,川島　永嗣,KAWASHIMA Eiji,GK,1,埼玉県,185,82,19830320,与野西中-浦和東高-大宮アルディージャ-名古屋グランパスエイト-川崎フロンターレ-リールセＳＫ／ベルギー-スタンダール　リエージュ／ベルギー-ダンディー　ユナイテッドＦＣ／スコットランド-ＦＣメス／フランス-ＲＣストラスブール／フランス,162,62,0,20020406,J2第7節,大宮,大分,大分ス,,,,,,1,2986,2986
250,Ｊ２・Ｊ３百年構想,131,磐田,1000679,三浦　龍輝,MIURA Ryuki,GK,21,東京都,181,74,19920517,町田ＪＦＣジュニア-町田ＪＦＣ-ＦＣ東京Ｕ－１８-明治大-柏レイソル-ＡＣ長野パルセイロ,33,76,15,20160313,明治安田J3第1節,長野,大分,大銀ド,,,,,,1,26071,26071
250,Ｊ２・Ｊ３百年構想,131,磐田,1611147,阿部　航斗,ABE Koto,GK,13,新潟県,186,82,19970801,亀田ＦＣ-アルビレックス新潟Ｊｒユース-アルビレックス新潟Ｕ－１８-筑波大-アルビレックス新潟,9,40,0,20210227,明治安田J2第1節,新潟,北九州,ミクスタ,,,,,,1,606991,606991
250,Ｊ２・Ｊ３百年構想,131,磐田,1635482,西澤　翼,NISHIZAWA Tsubasa,GK,28,静岡県,189,84,20020829,函南サッカースポーツ少年団-アスルクラロ沼津Ｕ１５-ジュビロ磐田Ｕ－１８-桐蔭横浜大,0,0,0,,,,,,,,,,,1,,
250,Ｊ２・Ｊ３百年構想,131,磐田,1642044,中島　佳太郎,NAKAJIMA Keitaro,GK,51,静岡県,186,82,20010606,ジュビロＳＳ磐田-ジュビロ磐田Ｕ－１５-ジュビロ磐田Ｕ－１８-常葉大-ジュビロ磐田-栃木ＳＣ-ジュビロ磐田-クリアソン新宿,0,0,0,,,,,,,,,,,1,,
250,Ｊ２・Ｊ３百年構想,131,磐田,1200383,川口　尚紀,KAWAGUCHI Naoki,DF,38,新潟県,177,72,19940524,希望が丘ＳＣスポーツ少年団-長岡ビルボードＦＣＪｒユース-アルビレックス新潟ユース-アルビレックス新潟-清水エスパルス-アルビレックス新潟-柏レイソル-アルビレックス新潟-柏レイソル,140,86,7,20130427,J1第8節,新潟,鹿島,東北電ス,20160724,明治安田J2第25節,清水,千葉,フクアリ,1,254488,254488
250,Ｊ２・Ｊ３百年構想,131,磐田,1500481,松原　后,MATSUBARA Ko,DF,4,静岡県,182,72,19960830,ＦＣエストレージャ-ジュビロ磐田Ｊｒユース-浜松開誠館高-清水エスパルス-シント＝トロイデンＶＶ／ベルギー,148,105,3,20150329,明治安田J3第3節,J-22,琉球,沖縄県陸,20160918,明治安田J2第32節,清水,水戸,アイスタ,1,27694,27694
250,Ｊ２・Ｊ３百年構想,131,磐田,1603078,森岡　陸,MORIOKA Riku,DF,3,静岡県,181,71,19981120,ジュビロＳＳ磐田-ジュビロ磐田Ｕ－１８-法政大,22,25,0,20210410,明治安田J2第7節,磐田,松本,ヤマハ,20210703,明治安田J2第21節,磐田,新潟,エコパ,1,254515,254515
250,Ｊ２・Ｊ３百年構想,131,磐田,1617907,山﨑　浩介,YAMAZAKI Kosuke,DF,30,埼玉県,182,80,19951230,大宮ＫＳユナイテッド０２サッカースポーツ少年団-大宮アルディージャジュニア-大宮アルディージャＪｒユース-大宮アルディージャユース-明治大-愛媛ＦＣ-モンテディオ山形-サガン鳥栖-横浜ＦＣ,86,164,0,20180225,明治安田J2第1節,愛媛,金沢,ニンスタ,20180825,明治安田J2第30節,愛媛,山形,ＮＤスタ,1,606592,606592
250,Ｊ２・Ｊ３百年構想,131,磐田,1624357,上夷　克典,UEEBISU Katsunori,DF,22,鹿児島県,182,74,19960405,串木野ＦＣ-鹿児島育英館中-鹿児島城西高-明治大-京都サンガF.C.-大分トリニータ-サガン鳥栖,31,88,0,20190224,明治安田J2第1節,京都,新潟,西京極,20230716,明治安田J2第26節,大分,熊本,えがおＳ,1,790097,790097
250,Ｊ２・Ｊ３百年構想,131,磐田,1629422,川﨑　一輝,KAWASAKI Ikki,DF,2,大阪府,174,68,19971108,長尾ＳＣ-ガンバ大阪門真Ｊｒユース-東海大仰星高-大阪経済大-カマタマーレ讃岐,1,30,115,20200628,明治安田J3第1節,讃岐,Ｇ大23,ピカスタ,20200628,明治安田J3第1節,讃岐,Ｇ大23,ピカスタ,1,966377,895939
250,Ｊ２・Ｊ３百年構想,131,磐田,1633278,江﨑　巧朗,EZAKI Takuro,DF,5,熊本県,177,68,20000205,フォルテＦＣ熊本-ルーテル学院中-ルーテル学院高-駒澤大-ロアッソ熊本,0,113,0,20220422,明治安田J2第11節,熊本,岡山,えがおＳ,20230311,明治安田J2第4節,熊本,山口,みらスタ,1,789916,789916
250,Ｊ２・Ｊ３百年構想,131,磐田,1636240,西久保　駿介,NISHIKUBO Shunsuke,DF,26,埼玉県,178,67,20030730,川口朝日リボルバーサッカー少年団-三菱養和ＳＣ巣鴨Ｊｒユース-三菱養和ＳＣユース-ジェフユナイテッド千葉-ジュビロ磐田-ＳＣ相模原,30,40,20,20220226,明治安田J2第2節,千葉,琉球,タピスタ,20220706,明治安田J2第25節,千葉,新潟,デンカＳ,1,798144,798144
250,Ｊ２・Ｊ３百年構想,131,磐田,1640670,加藤　大育,KATO Daisuke,DF,20,神奈川県,180,79,19981006,ＳＣＨ　ＦＣ-横浜マリノスＪｒユース追浜-日本大高-神奈川大-ブリオベッカ浦安-ＳＣ相模原,0,0,99,20230304,明治安田J3第1節,相模原,鳥取,ギオンス,20230819,明治安田J3第23節,相模原,YS横浜,ギオンス,1,929272,815463
250,Ｊ２・Ｊ３百年構想,131,磐田,1647013,吉村　瑠晟,YOSHIMURA Ryusei,DF,36,兵庫県,181,72,20030702,多井畑ＦＣ-高倉中-神戸弘陵高-関西大,0,0,0,,,,,,,,,,,1,1045715,896079
250,Ｊ２・Ｊ３百年構想,131,磐田,1647379,桑原　航太,KUWABARA Kota,DF,29,東京都,173,68,20040728,南平ＳＣ-大和田ＳＣ-東京ヴェルディＪｒユース-帝京長岡高-関西大在学中,0,0,0,,,,,,,,,,,1,,
250,Ｊ２・Ｊ３百年構想,131,磐田,1651454,甲斐　佑蒼,KAI Yua,DF,34,静岡県,179,67,20070502,高洲ＳＳＳ-蹴力ＦＣ-ジュビロ磐田Ｕ－１５-ジュビロ磐田Ｕ－１８,0,0,0,,,,,,,,,,,1,1028955,897535
250,Ｊ２・Ｊ３百年構想,131,磐田,1651643,増田　大空,MASUDA Sora,DF,66,茨城県,177,70,20080113,鹿島アントラーズつくばＪｒユース-流通経済大柏高,0,0,0,,,,,,,,,,,1,1045725,
250,Ｊ２・Ｊ３百年構想,131,磐田,1652426,西野　陽向,NISHINO Hinata,DF,69,京都府,182,67,20090726,浜松蒲ＪＳＣ-ジュビロ磐田Ｕ－１５,0,0,0,,,,,,,,,,,1,,
250,Ｊ２・Ｊ３百年構想,131,磐田,1652499,ヤン　ファンデンベルフ,JAN VAN DEN BERGH,DF,52,ベルギー,188,80,19941002,Ｋ．ＳＫ．ハイスト／ベルギー-ＫベールスホットＶ．Ａ．／ベルギー-ＫＡＡゲント／ベルギー-ＯＨルーヴェン／ベルギー-ＫＡＡゲント／ベルギー-ＫベールスホットＶ．Ａ．／ベルギー-ＮＡＣブレダ／オランダ,0,15,0,20250628,明治安田J2第21節,磐田,仙台,ヤマハ,20250927,明治安田J2第31節,磐田,大宮,ヤマハ,1,29934,29934
250,Ｊ２・Ｊ３百年構想,131,磐田,1000647,為田　大貴,TAMEDA Hirotaka,MF,8,長崎県,175,72,19930824,ナガサキアシストサッカーユニオン-大分トリニータＵ－１８-大分トリニータ-アビスパ福岡-ジェフユナイテッド千葉-アビスパ福岡-ジェフユナイテッド千葉-セレッソ大阪,121,256,0,20100926,J2第28節,大分,水戸,大銀ド,20120914,J2第33節,大分,京都,大銀ド,1,74127,74127
250,Ｊ２・Ｊ３百年構想,131,磐田,1500485,上原　力也,UEHARA Rikiya,MF,7,静岡県,174,66,19960825,ＡＣＮジュビロ沼津-ジュビロ磐田Ｕ－１８-ジュビロ磐田-ベガルタ仙台,149,109,6,20150506,明治安田J3第10節,J-22,長野,南長野,20180718,明治安田J1第16節,磐田,鹿島,ヤマハ,1,26063,26063
250,Ｊ２・Ｊ３百年構想,131,磐田,1501594,井上　潮音,INOUE Shion,MF,18,神奈川県,169,63,19970803,ＪＡＣＰＡ東京ＦＣ-東京ヴェルディジュニア-東京ヴェルディＪｒユース-東京ヴェルディユース-東京ヴェルディ-ヴィッセル神戸-横浜ＦＣ-サンフレッチェ広島-ジュビロ磐田-サンフレッチェ広島,67,160,0,20160503,明治安田J2第11節,東京Ｖ,山形,味スタ,20190630,明治安田J2第20節,東京Ｖ,岐阜,長良川,1,130343,130343
250,Ｊ２・Ｊ３百年構想,131,磐田,1600027,金子　大毅,KANEKO Daiki,MF,6,東京都,177,67,19980828,烏山北ＦＣ-ＦＣトッカーノＵ－１５-市立船橋高-神奈川大-湘南ベルマーレ-浦和レッズ-京都サンガF.C.-浦和レッズ-京都サンガF.C.,142,35,0,20180519,明治安田J1第15節,湘南,磐田,ＢＭＷス,20180831,明治安田J1第25節,湘南,長崎,トラスタ,1,26987,26987
250,Ｊ２・Ｊ３百年構想,131,磐田,1622188,角　昂志郎,SUMI Koshiro,MF,39,東京都,166,66,20020813,横河武蔵野ＦＣ　Ｕ－１２-横河武蔵野シティＦＣ　Ｕ－１５-ＦＣ東京Ｕ－１８-筑波大,1,34,7,20190706,明治安田J3第15節,Ｆ東23,富山,味フィ西,20250330,明治安田J2第7節,磐田,千葉,ヤマハ,1,886048,895940
250,Ｊ２・Ｊ３百年構想,131,磐田,1632207,相田　勇樹,AIDA Yuki,MF,48,東京都,172,66,19980803,あきる野ＦＣ-山梨学院高-札幌大-ヴァンラーレ八戸-レノファ山口ＦＣ,0,32,85,20210314,明治安田J3第1節,八戸,岐阜,長良川,20220320,明治安田J3第2節,八戸,鹿児島,白波スタ,1,814391,896075
250,Ｊ２・Ｊ３百年構想,131,磐田,1632797,植村　洋斗,UEMURA Hiroto,MF,50,神奈川県,173,67,20010826,一本松ＳＣ-横浜Ｆ・マリノスプライマリー-横浜Ｆ・マリノスＪｒユース-日本大藤沢高-早稲田大-ジュビロ磐田-アルビレックス新潟,45,11,0,20240224,明治安田J1第1節,磐田,神戸,ヤマハ,20240301,明治安田J1第2節,磐田,川崎Ｆ,Ｕ等々力,1,811938,811938
250,Ｊ２・Ｊ３百年構想,131,磐田,1634116,藤原　健介,FUJIWARA Kensuke,MF,77,静岡県,177,70,20031221,バディＦＣ-ジュビロ磐田Ｕ－１５-ジュビロ磐田Ｕ－１８-ジュビロ磐田-ギラヴァンツ北九州-ジュビロ磐田-栃木ＳＣ,10,8,46,20221105,明治安田J1第34節,磐田,京都,ヤマハ,20230603,明治安田J2第19節,磐田,秋田,ヤマハ,1,255001,255001
250,Ｊ２・Ｊ３百年構想,131,磐田,1641394,川合　徳孟,KAWAI Tokumo,MF,33,静岡県,173,65,20070303,聖隷ＪＦＣ-ジュビロ磐田Ｕ－１５-ジュビロ磐田Ｕ－１８,0,21,0,20250405,明治安田J2第8節,磐田,山形,ＮＤスタ,20250420,明治安田J2第10節,磐田,秋田,ソユスタ,1,978465,896076
250,Ｊ２・Ｊ３百年構想,131,磐田,1643239,小池　直矢,KOIKE Naoya,MF,25,栃木県,179,71,20050212,サウス宇都宮ＳＣ-ウイングスＳＣ-前橋育英高-法政大在学中,0,0,0,,,,,,,,,,,1,1066184,
250,Ｊ２・Ｊ３百年構想,131,磐田,1646578,奥田　悠真,OKUDA Yuma,MF,56,神奈川県,165,59,20080506,ＪＦＣ　ＦＵＴＵＲＯ-川崎フロンターレＵ－１２-川崎フロンターレＵ－１５-川崎フロンターレＵ－１８,0,0,0,,,,,,,,,,,1,,
250,Ｊ２・Ｊ３百年構想,131,磐田,1651455,石塚　蓮歩,ISHIZUKA Rea,MF,42,静岡県,182,69,20071217,ＳＨＯＮＡＩ　ＦＣ-オイスカＦＣ-ジュビロ磐田Ｕ－１５-ジュビロ磐田Ｕ－１８,0,2,0,20251004,明治安田J2第32節,磐田,甲府,ＪＩＴス,,,,,,1,1016410,896353
250,Ｊ２・Ｊ３百年構想,131,磐田,1652423,西岡　健斗,NISHIOKA Kento,MF,65,静岡県,172,64,20080714,モラール９０-ホンダＦＣジュニア-ジュビロ磐田Ｕ－１５,0,0,0,,,,,,,,,,,1,1014027,897483
250,Ｊ２・Ｊ３百年構想,131,磐田,1652424,小枝　朔太郎,KOEDA Sakutaro,MF,57,静岡県,172,61,20090811,浜松和田ＪＦＣ-ジュビロ磐田Ｕ－１５,0,0,0,,,,,,,,,,,1,,
250,Ｊ２・Ｊ３百年構想,131,磐田,1652656,グスタボ　シルバ,GUSTAVO SILVA,MF,16,ブラジル,168,63,19970907,コリンチャンス／ブラジル-ヴィラ　ノヴァＦＣ／ブラジル-オエステＦＣ／ブラジル-コリンチャンス／ブラジル-パラナクラブ／ブラジル-コリンチャンス／ブラジル-ＥＣヴィトーリア／ブラジル,0,10,0,20250802,明治安田J2第24節,磐田,秋田,ヤマハ,20250816,明治安田J2第26節,磐田,水戸,Ｋｓスタ,1,32891,897747
250,Ｊ２・Ｊ３百年構想,131,磐田,1624402,渡邉　りょう,WATANABE Ryo,FW,9,東京都,179,71,19961025,渋谷セントラルＳＣ-代々木中-高輪高-産業能率大-アスルクラロ沼津-藤枝ＭＹＦＣ-セレッソ大阪-ジュビロ磐田-セレッソ大阪,25,56,94,20190310,明治安田J3第1節,沼津,Ｃ大23,ヤンマー,20200711,明治安田J3第3節,沼津,富山,富山,1,726786,726786
250,Ｊ２・Ｊ３百年構想,131,磐田,1630219,佐藤　凌我,SATO Ryoga,FW,27,福岡県,178,65,19990220,ＦＣ龍南-次郎丸中-東福岡高-明治大-東京ヴェルディ-アビスパ福岡,45,112,0,20210228,明治安田J2第1節,東京Ｖ,愛媛,味スタ,20210404,明治安田J2第6節,東京Ｖ,水戸,味スタ,1,606586,606586
250,Ｊ２・Ｊ３百年構想,131,磐田,1645521,ポラメート　アーウィライ,PORAMET ARJVIRAI,FW,14,タイ,180,72,19980720,ムアントンユナイテッド／タイ-ウドーンターニーＦＣ／タイ-ムアントンユナイテッド／タイ-バンコクＦＣ／タイ-ムアントンユナイテッド／タイ,0,0,0,,,,,,,,,,,1,816090,
250,Ｊ２・Ｊ３百年構想,131,磐田,1645964,マテウス　ペイショット,MATHEUS PEIXOTO,FW,11,ブラジル,190,94,19951116,ＥＣバイーア／ブラジル-レッドブル　ブラガンチーノ／ブラジル-スポルチ　レシフェ／ブラジル-レッドブル　ブラガンチーノ／ブラジル-ＡＡポンチ　プレッタ／ブラジル-ＥＣジュべントゥージ／ブラジル-ＦＣメタリスト　ハルキウ／ウクライナ-セアラーＳＣ／ブラジル-ゴイアスＥＣ／ブラジル-アトレチコ　ゴイアニエンセ／ブラジル,36,33,0,20240224,明治安田J1第1節,磐田,神戸,ヤマハ,20240407,明治安田J1第7節,磐田,京都,サンガＳ,1,53236,53236
250,Ｊ２・Ｊ３百年構想,30677,藤枝,1300443,田口　潤人,TAGUCHI Junto,GK,1,愛知県,181,77,19960928,横浜ジュニオールＳＣ-横浜Ｆ・マリノスＪｒユース-横浜Ｆ・マリノスユース-横浜Ｆ・マリノス-藤枝ＭＹＦＣ-横浜Ｆ・マリノス-アルビレックス新潟-ＦＣ琉球-レノファ山口ＦＣ,0,74,41,20170318,明治安田J3第2節,藤枝,Ｆ東23,藤枝サ,,,,,,1,819147,892569
250,Ｊ２・Ｊ３百年構想,30677,藤枝,1629921,ジョーンズ　レイ,JONES Rei,GK,21,埼玉県,180,73,20020504,新座西堀キッカーズ-大宮アルディージャジュニア-大宮アルディージャＪｒユース-大宮アルディージャユース-立正大,0,0,0,,,,,,,,,,,1,1001068,896192
250,Ｊ２・Ｊ３百年構想,30677,藤枝,1635656,北村　海　チディ,KITAMURA Kai Chidi,GK,41,埼玉県,178,78,20000917,上木崎ＳＳＳ-ＧＲＡＮＤＥ　ＦＣ　Ｕ－１５-関東第一高-桐蔭横浜大,0,94,0,20230326,明治安田J2第6節,藤枝,山口,みらスタ,,,,,,1,798162,798162
250,Ｊ２・Ｊ３百年構想,30677,藤枝,1646613,栗栖　汰志,KURISU Daishi,GK,31,広島県,182,73,20060917,カナリーニョＦＣ-柏レイソルＵ－１２-柏レイソルＵ－１５-柏レイソルＵ－１８,0,0,0,,,,,,,,,,,1,1050361,
250,Ｊ２・Ｊ３百年構想,30677,藤枝,1400122,久富　良輔,HISADOMI Ryosuke,DF,22,神奈川県,177,69,19910319,湯河原サッカースポーツ少年団-湯河原中-桐陽高-産業能率大-ザスパ草津チャレンジャーズ-ザスパクサツ群馬-藤枝ＭＹＦＣ-栃木ＳＣ,0,173,122,20140309,J2第2節,群馬,東京Ｖ,正田スタ,20140920,J2第32節,群馬,札幌,正田スタ,1,798169,798169
250,Ｊ２・Ｊ３百年構想,30677,藤枝,1607371,中川　創,NAKAGAWA So,DF,4,千葉県,184,79,19990601,福栄ＦＣ-柏レイソルＵ－１５-柏レイソルＵ－１８-柏レイソル-ＳＣ相模原-柏レイソル-ジュビロ磐田-ＦＣ琉球-ジュビロ磐田-藤枝ＭＹＦＣ-ジュビロ磐田,1,117,13,20180915,明治安田J1第26節,柏,清水,三協Ｆ柏,20201101,明治安田J2第30節,磐田,福岡,ヤマハ,1,798139,798139
250,Ｊ２・Ｊ３百年構想,30677,藤枝,1611199,楠本　卓海,KUSUMOTO Takumi,DF,5,東京都,182,76,19951210,田柄二ＳＣ-ペラーダ-大成高-東京国際大-レノファ山口ＦＣ-水戸ホーリーホック,0,165,0,20180930,明治安田J2第35節,山口,横浜FC,ニッパツ,20180930,明治安田J2第35節,山口,横浜FC,ニッパツ,1,727180,727180
250,Ｊ２・Ｊ３百年構想,30677,藤枝,1624371,鈴木　翔太,SUZUKI Shota,DF,3,静岡県,179,74,19961121,高洲南サッカースポーツ少年団-清水エスパルスＪｒユース-清水エスパルスユース-東京学芸大,0,58,42,20210828,明治安田J3第16節,藤枝,富山,富山,20230924,明治安田J2第36節,藤枝,東京Ｖ,味スタ,1,798158,798158
250,Ｊ２・Ｊ３百年構想,30677,藤枝,1632742,森　侑里,MORI Yuri,DF,16,千葉県,184,78,20000808,大宮アルディージャジュニア-大宮アルディージャＪｒユース-大宮アルディージャユース-筑波大-ＦＣ琉球,0,25,57,20230304,明治安田J3第1節,琉球,八戸,タピスタ,20251129,明治安田J2第38節,藤枝,山形,ＮＤスタ,1,929019,815849
250,Ｊ２・Ｊ３百年構想,30677,藤枝,1636995,大森　彗斗,OMORI Keito,DF,28,神奈川県,187,82,20030104,久地ＦＣ-ＦＣ川崎ＣＨＡＭＰジュニアユース-国士舘高-国士舘大,0,5,0,20250823,明治安田J2第27節,藤枝,愛媛,藤枝サ,,,,,,1,1023741,896196
250,Ｊ２・Ｊ３百年構想,30677,藤枝,1642030,永野　修都,NAGANO Shuto,DF,2,東京都,182,77,20060415,練馬ＦＣ-ＦＣ東京Ｕ－１５深川-ＦＣ東京Ｕ－１８-ＦＣ東京-ガイナーレ鳥取-ＦＣ東京,0,0,31,20250216,明治安田J3第1節,鳥取,沼津,愛鷹,20251026,明治安田J3第33節,鳥取,宮崎,Ａｘｉｓ,1,799408,799408
250,Ｊ２・Ｊ３百年構想,30677,藤枝,1644943,近藤　優成,KONDO Yusei,DF,19,神奈川県,177,77,20031002,帷子ＦＣ-ＹＳＣＣ　Ｊｒ-ＹＳＣＣ　Ｊｒユース-日大藤沢高-国士舘大,0,0,0,,,,,,,,,,,1,1050362,
250,Ｊ２・Ｊ３百年構想,30677,藤枝,1648745,中村　涼,NAKAMURA Ryo,DF,25,岩手県,182,76,20020720,滝沢ＪＦＣドリーム-レノヴェンスオガサＦＣ-盛岡商高-札幌大,0,16,0,20250309,明治安田J2第4節,藤枝,甲府,ＪＩＴス,20250309,明治安田J2第4節,藤枝,甲府,ＪＩＴス,1,1000727,896195
250,Ｊ２・Ｊ３百年構想,30677,藤枝,1100800,梶川　諒太,KAJIKAWA Ryota,MF,23,兵庫県,164,58,19890417,荒井ＦＣ-兵庫ＦＣ-兵庫ＦＣ　Ｊｒユース-関西学院高-関西学院大-東京ヴェルディ-湘南ベルマーレ-Ｖ・ファーレン長崎-湘南ベルマーレ-Ｖ・ファーレン長崎-東京ヴェルディ-徳島ヴォルティス-東京ヴェルディ-徳島ヴォルティス-東京ヴェルディ,23,379,0,20110731,J2第23節,東京Ｖ,大分,味スタ,20120317,J2第3節,東京Ｖ,富山,富山,1,798259,798259
250,Ｊ２・Ｊ３百年構想,30677,藤枝,1300848,金子　翔太,KANEKO Shota,MF,50,栃木県,163,58,19950502,今市第三カルナヴァル-ＪＦＡアカデミー福島-清水エスパルス-栃木ＳＣ-清水エスパルス-ジュビロ磐田-清水エスパルス-ジュビロ磐田,172,100,18,20140330,J3第4節,J-22,秋田,秋田球,20140330,J3第4節,J-22,秋田,秋田球,1,26973,26973
250,Ｊ２・Ｊ３百年構想,30677,藤枝,1400650,松下　佳貴,MATSUSHITA Yoshiki,MF,18,愛媛県,174,67,19940303,宮前ＳＣ-三津浜中-松山工高-阪南大-ヴィッセル神戸-ベガルタ仙台,112,56,0,20150829,明治安田J1 2nd第9節,神戸,鳥栖,神戸ユ,20161029,明治安田J1 2nd第16節,神戸,名古屋,ノエスタ,1,27019,27019
250,Ｊ２・Ｊ３百年構想,30677,藤枝,1601840,世瀬　啓人,SESE Hiroto,MF,6,鳥取県,182,73,19990820,ＦＣカミノ-ＦＣカミノＪｒユース-ガイナーレ鳥取Ｕ－１８-ガイナーレ鳥取,0,45,139,20180401,明治安田J3第5節,鳥取,相模原,ギオンス,20210620,明治安田J3第12節,鳥取,熊本,えがおＳ,1,848609,815901
250,Ｊ２・Ｊ３百年構想,30677,藤枝,1605931,川上　エドオジョン　智慧,EDOOJON KAWAKAMI Chie,MF,33,埼玉県,167,68,19980421,西上尾キッカーズ-浦和レッズＪｒユース-浦和レッズユース-徳島ヴォルティス-カターレ富山-徳島ヴォルティス-ＳＣ相模原-徳島ヴォルティス-ザスパ群馬,5,104,45,20170408,明治安田J2第7節,徳島,山口,維新公園,20230517,明治安田J2第16節,群馬,水戸,正田スタ,1,789875,789875
250,Ｊ２・Ｊ３百年構想,30677,藤枝,1627177,杉田　真彦,SUGITA Masahiko,MF,15,静岡県,171,66,19950616,長田西サッカースポーツ少年団-ロプタ静岡-静岡西高-順天堂大-ソニー仙台ＦＣ,0,55,64,20200704,明治安田J3第2節,藤枝,相模原,藤枝サ,20210410,明治安田J3第5節,藤枝,長野,藤枝サ,1,798172,798172
250,Ｊ２・Ｊ３百年構想,30677,藤枝,1630179,岡澤　昂星,OKAZAWA Kosei,MF,17,大阪府,165,60,20031022,大和田少年ＳＣ-セレッソ大阪西Ｕ－１５-セレッソ大阪Ｕ－１８-セレッソ大阪-レッドブル　ブラガンチーノ／ブラジル-セレッソ大阪-ＦＣ琉球-セレッソ大阪-ＦＣ琉球-セレッソ大阪-藤枝ＭＹＦＣ-セレッソ大阪,0,28,85,20200715,明治安田J3第4節,Ｃ大23,岐阜,ヤンマー,20231111,明治安田J3第35節,琉球,鹿児島,タピスタ,1,254562,254562
250,Ｊ２・Ｊ３百年構想,30677,藤枝,1635390,浅倉　廉,ASAKURA Ren,MF,8,神奈川県,168,64,20010428,町田相原ＦＣ-川崎フロンターレＵ－１０-川崎フロンターレＵ－１２-川崎フロンターレＵ－１５-静岡学園高-拓殖大,0,65,0,20230917,明治安田J2第35節,藤枝,町田,藤枝サ,20240922,明治安田J2第32節,藤枝,清水,藤枝サ,1,798298,798298
250,Ｊ２・Ｊ３百年構想,30677,藤枝,1645868,芹生　海翔,SERIU Kaito,MF,30,兵庫県,178,68,20060222,セリオＦＣ-兵庫ＦＣ-センアーノ神戸-イルソーレ小野ＦＣ-鹿児島城西高,0,17,0,20240407,明治安田J2第9節,藤枝,仙台,藤枝サ,20240706,明治安田J2第23節,藤枝,水戸,藤枝サ,1,818237,894422
250,Ｊ２・Ｊ３百年構想,30677,藤枝,1647383,三木　仁太,MIKI Jinta,MF,14,大阪府,174,67,20030821,ガンバ大阪ジュニア-ガンバ大阪Ｊｒユース-ガンバ大阪ユース-関西大,0,0,0,,,,,,,,,,,1,1050363,
250,Ｊ２・Ｊ３百年構想,30677,藤枝,1648099,河本　大雅,KAWAMOTO Taiga,MF,26,山口県,173,64,20060723,愛宕サッカースポーツ少年団-レノファ山口ＦＣＵ－１５-ＡＩＥ国際高,0,3,0,20240810,明治安田J2第26節,藤枝,甲府,ＪＩＴス,,,,,,1,848608,894424
250,Ｊ２・Ｊ３百年構想,30677,藤枝,1653374,中村　優斗,NAKAMURA Yuto,MF,13,埼玉県,175,70,20031009,アズマＦＣ-朝霞第二中-武南高-立正大,0,1,0,20251129,明治安田J2第38節,藤枝,山形,ＮＤスタ,,,,,,1,1035614,904870
250,Ｊ２・Ｊ３百年構想,30677,藤枝,1656729,行友　祐翔,YUKUTOMO Yuha,MF,48,広島県,172,65,20070206,レノファ山口ＦＣ　Ｕ－１２-プラシア山口ＦＣ　Ｕ１５-高川学園高-鹿屋体育大,0,0,0,,,,,,,,,,,1,1067219,
250,Ｊ２・Ｊ３百年構想,30677,藤枝,1618924,松木　駿之介,MATSUKI Shunnosuke,FW,7,神奈川県,170,64,19961024,あざみ野ＦＣ-横浜ＦＣＪｒユース-青森山田中-青森山田高-慶応大-ファジアーノ岡山-鈴鹿ポイントゲッターズ-ファジアーノ岡山-鈴鹿ポイントゲッターズ-ファジアーノ岡山-ヴェルスパ大分-ファジアーノ岡山-ガイナーレ鳥取,0,46,32,20200223,明治安田J2第1節,岡山,金沢,Ｃスタ,20240406,明治安田J3第8節,鳥取,福島,ヤジン,1,929237,815515
250,Ｊ２・Ｊ３百年構想,30677,藤枝,1619726,矢村　健,YAMURA Ken,FW,9,東京都,169,69,19970609,ヴィトーリア目黒ＦＣ-横河武蔵野ＦＣＪｒユース-市立船橋高-新潟医療福祉大-アルビレックス新潟-藤枝ＭＹＦＣ-アルビレックス新潟-藤枝ＭＹＦＣ-アルビレックス新潟,23,134,0,20191109,明治安田J2第40節,新潟,岐阜,デンカＳ,20201104,明治安田J2第31節,新潟,山形,ＮＤスタ,1,798168,798168
250,Ｊ２・Ｊ３百年構想,30677,藤枝,1621200,久保　征一郎,KUBO Seiichiro,FW,20,鹿児島県,186,79,20010622,太陽ＳＣ　Ｕ１２-太陽ＳＣ　Ｕ１５-ＦＣ東京Ｕ－１８-法政大-水戸ホーリーホック,0,49,22,20181007,明治安田J3第26節,Ｆ東23,福島,とうスタ,20190615,明治安田J3第12節,Ｆ東23,熊本,えがおＳ,1,798097,798097
250,Ｊ２・Ｊ３百年構想,30677,藤枝,1633174,菊井　悠介,KIKUI Yusuke,FW,10,大阪府,173,73,19990917,アイリスＦＣ住吉-ヴィッセル神戸伊丹Ｕ－１５-大阪桐蔭高-流通経済大-松本山雅ＦＣ,0,0,126,20220313,明治安田J3第1節,松本,讃岐,ピカスタ,20220529,明治安田J3第10節,松本,今治,サンアル,1,929373,815757
250,Ｊ２・Ｊ３百年構想,30677,藤枝,1636957,真鍋　隼虎,MANABE Hayato,FW,11,大阪府,177,72,20040102,高槻ＦＣジュニア-高槻ＦＣＪｒユース-名古屋グランパスＵ－１８-明治大,0,0,0,,,,,,,,,,,1,1050365,
250,Ｊ２・Ｊ３百年構想,30677,藤枝,1646981,閑田　隼人,KANDA Hayato,FW,29,広島県,178,72,20020801,広島皆実ＦＣ-サンフレッチェ広島Ｊｒユース-広島皆実高-大阪学院大,0,11,0,20240608,明治安田J2第19節,藤枝,清水,アイスタ,,,,,,1,826952,894423
250,Ｊ２・Ｊ３百年構想,30677,藤枝,1653196,ディディエ,DIDIE,FW,77,,,,,,0,0,0,,,,,,,,,,,0,,
250,Ｊ２・Ｊ３百年構想,30677,藤枝,1655813,山﨑　絢心,YAMAZAKI Kenshin,FW,24,静岡県,172,65,20070625,黒田サッカースポーツ少年団-清水エスパルスＵ１２三島-ＦＣ　Ｆｕｊｉ　Ｊｒユース-富士市立高,0,0,0,,,,,,,,,,,1,1050364,
250,Ｊ２・Ｊ３百年構想,30302,岐阜,1624360,セランテス,SERANTES,GK,31,スペイン,184,74,19891024,バラカルドＣＦ／スペイン-ＳＤデウスト／スペイン-ビルバオ　アスレティック／スペイン-バラカルドＣＦ／スペイン-ＣＤルーゴ／スペイン-ＣＤレガネス／スペイン-アビスパ福岡-ＣＤテネリフェ／スペイン-ＵＤログロニェス／スペイン-ＦＣ今治,0,67,67,20190224,明治安田J2第1節,福岡,琉球,タピスタ,,,,,,1,13993,13993
250,Ｊ２・Ｊ３百年構想,30302,岐阜,1641149,菅沼　一晃,SUGANUMA Kazuaki,GK,51,静岡県,186,80,20010912,中ノ町ｓｓｓ-浜松開誠館中-浜松開誠館高-福岡大-アビスパ福岡,0,0,0,,,,,,,,,,,1,986315,887610
250,Ｊ２・Ｊ３百年構想,30302,岐阜,1647280,山口　畝良,YAMAGUCHI Sera,GK,30,愛知県,193,86,20021009,千石小-今池中-愛知高-中京大,0,0,0,,,,,,,,,,,1,,
250,Ｊ２・Ｊ３百年構想,30302,岐阜,1655875,チョン　ヒョンホ,JUNG Hyeonho,GK,25,大韓民国,203,100,20041126,フェニックスＦＣ-安龍中／大韓民国-清州大成高／大韓民国-忠北清州ＦＣ／大韓民国-ＢＧパトゥム　ユナイテッドＦＣ／タイ,0,0,0,,,,,,,,,,,1,,
250,Ｊ２・Ｊ３百年構想,30302,岐阜,1604304,甲斐　健太郎,KAI Kentaro,DF,4,大阪府,181,65,19941101,大阪セントラルＦＣジュニア-大阪セントラルＦＣＪｒユース-立正大淞南高-阪南大-ＦＣ岐阜-ガイナーレ鳥取-ＦＣ岐阜-いわてグルージャ盛岡,0,66,186,20160821,明治安田J2第30節,岐阜,山形,ＮＤスタ,20181028,明治安田J3第29節,鳥取,福島,とうスタ,1,929188,815495
250,Ｊ２・Ｊ３百年構想,30302,岐阜,1607286,外山　凌,TOYAMA Ryo,DF,23,東京都,176,72,19940729,東京ヴェルディジュニア-東京ヴェルディＪｒユース-前橋育英高-阪南大-水戸ホーリーホック-ブラウブリッツ秋田-水戸ホーリーホック-松本山雅ＦＣ-徳島ヴォルティス-鹿児島ユナイテッドＦＣ-徳島ヴォルティス,0,157,80,20170226,明治安田J2第1節,水戸,湘南,Ｋｓスタ,20171028,明治安田J2第39節,水戸,徳島,鳴門大塚,1,798051,798051
250,Ｊ２・Ｊ３百年構想,30302,岐阜,1618869,平瀬　大,HIRASE Dai,DF,40,長崎県,182,83,20010328,白南風ＳＣ-サガン鳥栖Ｕ－１５-サガン鳥栖Ｕ－１８-早稲田大-サガン鳥栖-レノファ山口ＦＣ-サガン鳥栖-レノファ山口ＦＣ-サガン鳥栖-ＦＣ岐阜-サガン鳥栖,1,32,10,20220831,明治安田J1第20節,鳥栖,川崎Ｆ,等々力,20240324,明治安田J2第6節,山口,愛媛,みらスタ,1,254497,254497
250,Ｊ２・Ｊ３百年構想,30302,岐阜,1625668,羽田　健人,HANEDA Kento,DF,27,大阪府,185,80,19970707,千里丘ＦＣ-金光大阪高-関西大-大分トリニータ-清水エスパルス,52,40,0,20191130,明治安田J1第33節,大分,仙台,ユアスタ,20220618,明治安田J2第22節,大分,栃木,栃木グ,1,26934,26934
250,Ｊ２・Ｊ３百年構想,30302,岐阜,1627451,大串　昇平,OGUSHI Shohei,DF,26,兵庫県,170,64,20020921,ガンバ大阪ジュニア-ガンバ大阪Ｊｒユース-ガンバ大阪ユース-京都産業大,0,0,24,20190721,明治安田J3第17節,Ｇ大23,Ｃ大23,ヤンマー,,,,,,1,1001144,896042
250,Ｊ２・Ｊ３百年構想,30302,岐阜,1636282,加藤　慎太郎,KATO Shintaro,DF,5,東京都,191,86,19991018,フレンドリーＳＣ-三菱養和ＳＣ巣鴨ジュニア-三菱養和ＳＣ巣鴨Ｊｒユース-三菱養和ＳＣユース-専修大-ブラウブリッツ秋田-ヴァンラーレ八戸-ブラウブリッツ秋田-ヴァンラーレ八戸-ＦＣ岐阜-ヴァンラーレ八戸,0,3,56,20220427,明治安田J2第12節,秋田,岡山,ソユスタ,20230514,明治安田J3第10節,八戸,岩手,プラスタ,1,929066,815412
250,Ｊ２・Ｊ３百年構想,30302,岐阜,1650527,キム　ユゴン,KIM Yugeon,DF,66,大韓民国,184,80,20060328,眞乾小／大韓民国-ＦＣソウルＵ－１５／大韓民国-ＦＣソウルＵ－１８／大韓民国,0,0,1,20250323,明治安田J3第6節,岐阜,鳥取,Ａｘｉｓ,,,,,,1,800004,800004
250,Ｊ２・Ｊ３百年構想,30302,岐阜,1653366,湯岑　滉生,YUMINE Koki,DF,34,大阪府,193,89,20040312,住吉大社ＳＣ-和歌山南陵高-新潟産業大,0,0,0,,,,,,,,,,,1,,
250,Ｊ２・Ｊ３百年構想,30302,岐阜,1655874,藤田　准也,FUJITA Junya,DF,79,滋賀県,181,74,20070726,大原ジュニアＦＣ-フォスタＦＣ-近江高,0,0,0,,,,,,,,,,,1,,
250,Ｊ２・Ｊ３百年構想,30302,岐阜,800758,山田　直輝,YAMADA Naoki,MF,15,埼玉県,168,66,19900704,北浦和サッカースポーツ少年団-浦和レッズＪｒユース-浦和レッズユース-浦和レッズ-湘南ベルマーレ-浦和レッズ-湘南ベルマーレ-浦和レッズ-湘南ベルマーレ-浦和レッズ-湘南ベルマーレ-浦和レッズ-湘南ベルマーレ,196,39,7,20080426,J1第8節,浦和,京都,西京極,20090429,J1第8節,浦和,清水,エコパ,1,26993,26993
250,Ｊ２・Ｊ３百年構想,30302,岐阜,1300917,泉澤　仁,IZUMISAWA Jin,MF,39,千葉県,165,65,19911217,塩焼ＦＣ-ＦＣトリム-松戸ＦＣ-市川ＦＣ-柏レイソルＵ－１５-アルビレックス新潟ユース-阪南大-大宮アルディージャ-ガンバ大阪-東京ヴェルディ-ポゴン　シュチェチン／ポーランド-横浜Ｆ・マリノス-ヴァンフォーレ甲府-横浜Ｆ・マリノス-ヴァンフォーレ甲府-大宮アルディージャ,70,166,50,20140302,J1第1節,大宮,横浜FM,日産ス,20150503,明治安田J2第11節,大宮,愛媛,ＮＡＣＫ,1,727398,727398
250,Ｊ２・Ｊ３百年構想,30302,岐阜,1300934,福田　晃斗,FUKUTA Akito,MF,6,三重県,170,65,19920501,名古屋グランパスＵ１５-四日市中央工高-鹿屋体育大-サガン鳥栖-湘南ベルマーレ-アルビレックス新潟-サガン鳥栖,202,40,11,20130928,J1第27節,鳥栖,広島,ベアスタ,20170625,明治安田J1第16節,鳥栖,浦和,ベアスタ,1,254396,254396
250,Ｊ２・Ｊ３百年構想,30302,岐阜,1600147,中村　駿,NAKAMURA Shun,MF,9,千葉県,178,70,19940224,習志野高-駒澤大-ザスパクサツ群馬-モンテディオ山形-湘南ベルマーレ-アビスパ福岡-ジュビロ磐田,79,195,0,20160228,明治安田J2第1節,群馬,岐阜,正田スタ,20160507,明治安田J2第12節,群馬,山形,ＮＤスタ,1,254535,254535
250,Ｊ２・Ｊ３百年構想,30302,岐阜,1600266,荒木　大吾,ARAKI Daigo,MF,8,千葉県,178,72,19940217,柏レイソルＵ－１５-柏レイソルＵ－１８-青山学院大-ジュビロ磐田-京都サンガF.C.,78,55,50,20160917,明治安田J1 2nd第12節,磐田,鹿島,カシマ,20191123,明治安田J1第32節,磐田,札幌,札幌ド,1,26076,26076
250,Ｊ２・Ｊ３百年構想,30302,岐阜,1601440,松本　歩夢,MATSUMOTO Ayumu,MF,19,大阪府,179,68,19980428,ガンバ大阪Ｊｒユース-ガンバ大阪ユース-関西大,0,0,68,20160403,明治安田J3第3節,Ｇ大23,富山,富山,20221023,明治安田J3第30節,岐阜,沼津,長良川,1,929195,815502
250,Ｊ２・Ｊ３百年構想,30302,岐阜,1601447,生地　慶充,OIJI Yoshiatsu,MF,14,東京都,177,70,19980402,松庵小ＳＣ-ＦＣ東京Ｕ－１５むさし-ＦＣ東京Ｕ－１８-筑波大,0,0,108,20160313,明治安田J3第1節,Ｆ東23,相模原,ギオンス,20160618,明治安田J3第13節,Ｆ東23,Ｃ大23,金鳥スタ,1,929187,815494
250,Ｊ２・Ｊ３百年構想,30302,岐阜,1618634,萩野　滉大,HAGINO Kodai,MF,3,愛知県,177,70,20000620,愛知日進ＳＣＣ-名古屋グランパスＵ－１５-名古屋グランパスＵ－１８-法政大,0,0,55,20230503,明治安田J3第9節,岐阜,YS横浜,長良川,20231104,明治安田J3第34節,岐阜,八戸,長良川,1,929191,815498
250,Ｊ２・Ｊ３百年構想,30302,岐阜,1632266,北　龍磨,KITA Ryoma,MF,10,京都府,175,72,19980416,宇治ＦＣＪｒユース-興国高-関東学院大-アスルクラロ沼津,0,0,144,20210320,明治安田J3第2節,沼津,今治,愛鷹,20211023,明治安田J3第24節,沼津,鹿児島,白波スタ,1,929196,815503
250,Ｊ２・Ｊ３百年構想,30302,岐阜,1636309,文　仁柱,MUN Inju,MF,7,朝鮮民主主義人民共和国,167,63,19990822,埼玉朝鮮初中級学校-東京朝鮮中高級学校-朝鮮大-ガイナーレ鳥取,0,0,112,20220619,明治安田J3第13節,鳥取,宮崎,チュスタ,20221023,明治安田J3第30節,鳥取,北九州,ミクスタ,1,929194,815501
250,Ｊ２・Ｊ３百年構想,30302,岐阜,1647286,屋嘉比　奏汰,YAKABI Kanata,MF,98,沖縄県,170,62,20040311,仲井真・真地ＦＣ-ヴィクサーレ沖縄ＦＣジュニア-ヴィクサーレ沖縄ＦＣＪｒユース-興国高-中京大,0,0,0,,,,,,,,,,,1,,
250,Ｊ２・Ｊ３百年構想,30302,岐阜,1650528,箱崎　達也,HAKOZAKI Tatsuya,MF,85,大阪府,170,66,20020813,高槻ＦＣ-四国学院大香川西高-大阪学院大,0,0,31,20250216,明治安田J3第1節,岐阜,FC大阪,花園,20250816,明治安田J3第23節,岐阜,讃岐,ピカスタ,1,999904,896009
250,Ｊ２・Ｊ３百年構想,30302,岐阜,1622679,山谷　侑士,YAMAYA Yushi,FW,77,神奈川県,177,73,20000611,ＦＣ明浜-横浜Ｆ・マリノスＪｒユース追浜-横浜Ｆ・マリノスユース-横浜Ｆ・マリノス-水戸ホーリーホック-横浜Ｆ・マリノス-鹿児島ユナイテッドＦＣ-横浜Ｆ・マリノス-横浜ＦＣ-横浜Ｆ・マリノス-ゲイラン　インターナショナルＦＣ／シンガポール-ＡＢコペンハーゲン／デンマーク,3,14,32,20190405,明治安田J1第6節,横浜FM,浦和,埼玉,20200719,明治安田J2第6節,水戸,町田,Ｋｓスタ,1,1023613,897955
250,Ｊ２・Ｊ３百年構想,30302,岐阜,1625298,川本　梨誉,KAWAMOTO Riyo,FW,17,静岡県,178,75,20010611,中田サッカースポーツ少年団-清水エスパルスＪｒユース-清水エスパルスユース-清水エスパルス-ファジアーノ岡山-清水エスパルス-ファジアーノ岡山-清水エスパルス-ザスパクサツ群馬-清水エスパルス-ザスパクサツ群馬-清水エスパルス-ザスパ群馬-清水エスパルス-ブラウブリッツ秋田-清水エスパルス-ＦＣ岐阜-清水エスパルス,8,119,17,20191006,明治安田J1第28節,清水,浦和,埼玉,20201219,明治安田J1第34節,清水,Ｇ大阪,パナスタ,1,26979,26979
250,Ｊ２・Ｊ３百年構想,30302,岐阜,1640671,横山　智也,YOKOYAMA Tomoya,FW,21,岐阜県,167,63,20000901,高富ＳＳ-ＦＣ岐阜Ｕ－１５-ＦＣ岐阜Ｕ－１８-岐阜協立大,0,0,40,20230715,明治安田J3第18節,岐阜,今治,長良川,20241116,明治安田J3第37節,岐阜,大宮,長良川,1,929201,815508
250,Ｊ２・Ｊ３百年構想,30302,岐阜,1644758,ワッド　モハメッドサディキ,WADE Mohameddo Sadeiki,FW,18,東京都,187,83,20060529,Ｊｕｎｓ　ＳＣ　Ｕ－１２-柏レイソルＵ－１５-柏レイソルＵ－１８-柏レイソル-ＦＣ琉球-柏レイソル,0,0,12,20250215,明治安田J3第1節,琉球,群馬,正田スタ,,,,,,1,999982,895977
250,Ｊ２・Ｊ３百年構想,30302,岐阜,1653089,ブヴィク　ムシティ　オコ,BEVIC MOUSSITI OKO,FW,11,コンゴ,185,85,19950128,ＵＳＬダンケルク／フランス-ル　アーブルＡＣ／フランス-ＵＳクヴィイー／フランス-ル　アーブルＡＣ／フランス-ル　マンＦＣ／フランス-アジャクシオ／フランス-ＭＫＥアンカラギュジュ／トルコ-ボルスポル／トルコ-ＵＳコンカルノー／フランス-ＦＣマルティーグ／フランス,0,0,8,20250824,明治安田J3第24節,岐阜,福島,長良川,20250927,明治安田J3第29節,岐阜,沼津,愛鷹,1,13157,13157
250,Ｊ２・Ｊ３百年構想,30302,岐阜,1656194,ファビオ　アゼヴェド,FABIO AZEVEDO,FW,99,ブラジル,182,75,19990104,グレミオ　オザスコ　アウダックス／ブラジル-サンベント／ブラジル-アウダックス　リオ／ブラジル-サンカエターノ／ブラジル-クリシウーマ／ブラジル-リネンセＦＣ／ブラジル,0,0,0,,,,,,,,,,,1,1065386,
250,Ｊ２・Ｊ３百年構想,30312,滋賀,1100187,櫛引　政敏,KUSHIBIKI Masatoshi,GK,21,青森県,186,85,19930129,千刈ＦＣ-青森山田中-青森山田高-清水エスパルス-鹿島アントラーズ-清水エスパルス-ファジアーノ岡山-清水エスパルス-モンテディオ山形-ザスパ群馬,59,204,5,20130525,J1第13節,清水,仙台,アイスタ,,,,,,1,789864,789864
250,Ｊ２・Ｊ３百年構想,30312,滋賀,1400260,笠原　淳,KASAHARA Sunao,GK,31,新潟県,188,82,19890721,新通イーグルス-坂井輪中-新潟高-ザスパ草津Ｕ－２３-ＡＣアルマレッザ飯能-ザスパ草津Ｕ－２３-東京学芸大-ＦＣ琉球-サウルコス福井-いわてグルージャ盛岡-ＭＩＯびわこ滋賀-ＦＣ大阪,0,0,10,20140309,J3第1節,琉球,J-22,沖縄県陸,,,,,,1,1058537,
250,Ｊ２・Ｊ３百年構想,30312,滋賀,1627355,伊東　倖希,ITO Koki,GK,1,神奈川県,188,75,19960517,ＦＣ東京Ｕ－１５深川-ＦＣ東京Ｕ－１８-鹿屋体育大-テゲバジャーロ宮崎,0,0,0,,,,,,,,,,,1,1040716,
250,Ｊ２・Ｊ３百年構想,30312,滋賀,1647176,本吉　勇貴,MOTOYOSHI Yuki,GK,41,神奈川県,181,77,19920922,あざみ野Ｆ．Ｃ-多摩大学目黒中-多摩大学目黒高-上武大-ブリオベッカ浦安-ＭＩＯびわこ滋賀-おこしやす京都ＡＣ-ブリオベッカ浦安,0,0,0,,,,,,,,,,,1,1058545,
250,Ｊ２・Ｊ３百年構想,30312,滋賀,1400733,藤谷　壮,FUJITANI So,DF,44,兵庫県,178,70,19971028,北五葉ＳＣ-ヴィッセル神戸Ｕ－１２-ヴィッセル神戸Ｕ－１５-ヴィッセル神戸Ｕ－１８-ヴィッセル神戸-ギラヴァンツ北九州-松本山雅ＦＣ,52,13,86,20150412,明治安田J1 1st第5節,神戸,甲府,ノエスタ,20230819,明治安田J3第23節,松本,鹿児島,白波スタ,1,27026,27026
250,Ｊ２・Ｊ３百年構想,30312,滋賀,1500559,宮城　雅史,MIYAGI Masafumi,DF,3,沖縄県,179,81,19910119,赤道クラブ-具志川中-具志川高-駒澤大-栃木ウーヴァＦＣ-レノファ山口ＦＣ-京都サンガF.C.-テゲバジャーロ宮崎-ＢＴＯＰサンクくりやま,0,57,34,20150315,明治安田J3第1節,山口,鳥取,維新公園,20150321,明治安田J3第2節,山口,J-22,維新公園,1,1058534,
250,Ｊ２・Ｊ３百年構想,30312,滋賀,1605605,西山　大雅,NISHIYAMA Taiga,DF,5,神奈川県,183,77,19990824,ＦＣ六会湘南台-横浜Ｆ・マリノスＪｒユース追浜-横浜Ｆ・マリノスユース-横浜Ｆ・マリノス-ラインメール青森ＦＣ-横浜Ｆ・マリノス-横浜ＦＣ-栃木シティ,1,0,0,20230624,明治安田J1第18節,横浜FC,京都,サンガＳ,,,,,,1,690729,690729
250,Ｊ２・Ｊ３百年構想,30312,滋賀,1612697,前川　智敬,MAEKAWA Tomoyuki,DF,36,兵庫県,170,67,19990407,ヴィッセル神戸Ｕ－１５-ヴィッセル神戸Ｕ－１８-国士舘大-アスルクラロ沼津-レイラック滋賀-ＦＣティアモ枚方,0,0,3,20220917,明治安田J3第25節,沼津,富山,愛鷹,20221112,明治安田J3第33節,沼津,愛媛,ニンスタ,1,,
250,Ｊ２・Ｊ３百年構想,30312,滋賀,1627353,井出　敬大,IDE Keita,DF,4,千葉県,180,71,20010818,カナリーニョＦＣ-柏レイソルＵ－１５-柏レイソルＵ－１８-柏レイソル-栃木ＳＣ,0,3,0,20200729,明治安田J2第8節,栃木,群馬,正田スタ,,,,,,1,1040710,
250,Ｊ２・Ｊ３百年構想,30312,滋賀,1629433,小野寺　健也,ONODERA Kenya,DF,55,神奈川県,184,77,19971118,秦野本町サッカー少年団-秦野南中-日大藤沢高-明治大-モンテディオ山形-栃木ＳＣ-モンテディオ山形-栃木ＳＣ-鹿児島ユナイテッドＦＣ-栃木ＳＣ,0,28,10,20210228,明治安田J2第1節,栃木,岡山,カンセキ,20211121,明治安田J2第40節,栃木,金沢,カンセキ,1,1058539,905184
250,Ｊ２・Ｊ３百年構想,30312,滋賀,1630163,平井　駿助,HIRAI Shunsuke,DF,2,和歌山県,186,73,20020907,岩出ＦＣアズール-岩出ＦＣアズールＪｒユース-興国高-横浜Ｆ・マリノス-ラインメール青森ＦＣ-横浜Ｆ・マリノス-レイラック滋賀ＦＣ-横浜Ｆ・マリノス-レイラック滋賀ＦＣ-飛鳥ＦＣ,0,0,0,,,,,,,,,,,1,1058541,
250,Ｊ２・Ｊ３百年構想,30312,滋賀,1639136,谷田　壮志朗,TANIDA Soshiro,DF,48,東京都,180,70,20050710,戸山ＳＣ-横河武蔵野ＦＣ　Ｕ－１２-東京武蔵野シティＦＣ　Ｕ－１５-ジェフユナイテッド千葉Ｕ－１８-ジェフユナイテッド千葉-鹿児島ユナイテッドＦＣ-ジェフユナイテッド千葉,0,1,0,20220817,明治安田J2第28節,千葉,甲府,フクアリ,,,,,,1,989798,892567
250,Ｊ２・Ｊ３百年構想,30312,滋賀,1645928,小泉　隆斗,KOIZUMI Ryuto,DF,13,神奈川県,168,64,19940905,岬陽ＳＣ-横須賀シーガルズ-帝京第三高-立正大-東京２３ＦＣ-ブリオベッカ浦安-ガイナーレ鳥取,0,0,9,20240225,明治安田J3第1節,鳥取,今治,里山Ｓ,20241013,明治安田J3第32節,鳥取,岩手,ヤジン,1,929252,815529
250,Ｊ２・Ｊ３百年構想,30312,滋賀,1654345,角田　駿,TSUNODA Shun,DF,26,群馬県,180,73,19960924,前橋芳賀ＦＣ-前橋ジュニア-桐生第一高-北陸大,0,0,0,,,,,,,,,,,1,1058546,
250,Ｊ２・Ｊ３百年構想,30312,滋賀,800936,ロメロ　フランク,ROMERO Frank,MF,24,ペルー,178,77,19870819,江陽中-青森山田高-流通経済大-水戸ホーリーホック-モンテディオ山形-アルビレックス新潟-水戸ホーリーホック-アルビレックス新潟-ＦＣ町田ゼルビア-アルビレックス新潟-鹿児島ユナイテッドＦＣ,42,286,49,20110423,J2第8節,水戸,徳島,Ｋｓスタ,20110702,J2第19節,水戸,草津,正田スタ,1,1058531,905028
250,Ｊ２・Ｊ３百年構想,30312,滋賀,1500436,久保田　和音,KUBOTA Kazune,MF,7,愛知県,170,62,19970101,豊橋デューミラン-大阪桐蔭高-鹿島アントラーズ-ファジアーノ岡山-鹿島アントラーズ-松本山雅ＦＣ-ザスパクサツ群馬-ＦＣ岐阜-ザスパ群馬,2,89,9,20181031,明治安田J1第31節,鹿島,Ｃ大阪,カシマ,20210404,明治安田J2第6節,群馬,愛媛,ニンスタ,1,1058533,
250,Ｊ２・Ｊ３百年構想,30312,滋賀,1607212,白石　智之,SHIRAISHI Tomoyuki,MF,14,群馬県,174,63,19930610,前橋Ｊｒユース-前橋育英高-法政大-アスルクラロ沼津-グルージャ盛岡-カターレ富山-ザスパクサツ群馬,0,65,79,20170318,明治安田J3第2節,沼津,福島,愛鷹,20170416,明治安田J3第5節,沼津,栃木,栃木グ,1,789876,789876
250,Ｊ２・Ｊ３百年構想,30312,滋賀,1619682,薬真寺　孝弥,YAKUSHINJI Takaya,MF,6,大分県,174,70,19990307,青江ＳＣ-ＦＣ佐伯　Ｓ－Ｐｌａｙ　ＭＩＮＡＭＩ-長崎総合科学大附属高-駒澤大-ＦＣティアモ枚方,0,0,0,,,,,,,,,,,1,1058548,
250,Ｊ２・Ｊ３百年構想,30312,滋賀,1627399,海口　彦太,UMIGUCHI Genta,MF,32,神奈川県,177,71,19961209,あざみ野Ｆ．Ｃ-横浜ＦＣ鶴見Ｊｒユース-桐蔭高-関西学院大-鈴鹿ポイントゲッターズ,0,0,0,,,,,,,,,,,1,1058549,905029
250,Ｊ２・Ｊ３百年構想,30312,滋賀,1627454,三宅　海斗,MIYAKE Kaito,MF,11,岡山県,175,72,19970827,ＬＡＳＴＡ　ＨＥＲＥＮＣＩＡ　ＦＣ-倉敷北中-東福岡高-鹿屋体育大-フォルトゥナ　デュッセルドルフ／ドイツ-栃木ＳＣ-鹿児島ユナイテッドＦＣ-アトレチコ鈴鹿クラブ,0,11,26,20190720,明治安田J2第23節,栃木,横浜FC,ニッパツ,20200719,明治安田J3第5節,鹿児島,Ｇ大23,パナスタ,1,1058536,905026
250,Ｊ２・Ｊ３百年構想,30312,滋賀,1629486,人見　拓哉,HITOMI Takuya,MF,10,栃木県,177,69,19971218,埼玉ＦＣ-ＡＳ栃木ｂｏｍ　ｄｅ　ｂｏｌａ大田原-ＡＳ栃木ｂｏｍ　ｄｅ　ｂｏｌａ-矢板中央高-立正大-ＦＣ琉球-ＡＣ長野パルセイロ-ＦＣ琉球-アトレチコ鈴鹿クラブ,0,31,16,20201014,明治安田J2第26節,琉球,群馬,タピスタ,20201206,明治安田J2第39節,琉球,岡山,タピスタ,1,1058538,905021
250,Ｊ２・Ｊ３百年構想,30312,滋賀,1629515,中村　健人,NAKAMURA Kento,MF,8,大分県,173,66,19970901,鶴見ＳＳＣ-ＵＫＩ－Ｃ．ＦＣ-東福岡高-明治大-鹿児島ユナイテッドＦＣ-アトレチコ鈴鹿クラブ,0,0,10,20201213,明治安田J3第33節,鹿児島,Ｇ大23,白波スタ,20211120,明治安田J3第28節,鹿児島,藤枝,藤枝サ,1,1058540,905023
250,Ｊ２・Ｊ３百年構想,30312,滋賀,1632223,南　拓都,MINAMI Takuto,MF,35,三重県,175,66,20020509,ＦＣ　ＦＡＭＩＬＩＡ　Ｕ１２-ＦＣ　ＦＡＭＩＬＩＡ　Ｕ１５-興国高-横浜Ｆ・マリノス-いわてグルージャ盛岡-横浜Ｆ・マリノス-いわてグルージャ盛岡-横浜Ｆ・マリノス-レイラック滋賀ＦＣ-ヴィアティン三重,0,12,19,20220504,明治安田J2第14節,岩手,長崎,いわスタ,,,,,,1,1058542,
250,Ｊ２・Ｊ３百年構想,30312,滋賀,1632791,田部井　悠,TABEI Yu,MF,28,群馬県,172,65,19990625,ｔｏｎａｎ前橋-前橋ＦＣ-前橋育英高-早稲田大-ザスパクサツ群馬-レイラック滋賀ＦＣ-ザスパクサツ群馬,0,0,0,,,,,,,,,,,1,1058543,905022
250,Ｊ２・Ｊ３百年構想,30312,滋賀,1635463,渡邉　綾平,WATANABE Ryohei,MF,47,神奈川県,170,68,20020208,横浜Ｆ・マリノスジュニアユース追浜-前橋育英高-法政大-サガン鳥栖-アスルクラロ沼津-サガン鳥栖,4,1,13,20241005,明治安田J1第33節,鳥栖,FC東京,味スタ,,,,,,1,945348,896154
250,Ｊ２・Ｊ３百年構想,30312,滋賀,1638661,庄司　一輝,SHOJI Kazuki,MF,22,福岡県,161,60,20001228,アビスパ福岡Ｕ－１５-アビスパ福岡Ｕ－１８-流通経済大,0,0,0,,,,,,,,,,,1,,
250,Ｊ２・Ｊ３百年構想,30312,滋賀,1654341,鈴木　翔太,SUZUKI Shota,MF,16,静岡県,168,66,20001008,ジョガドール富士見ＦＣ-静岡学園中-静岡学園高-中央大-アトレチコ鈴鹿クラブ,0,0,0,,,,,,,,,,,1,1058551,
250,Ｊ２・Ｊ３百年構想,30312,滋賀,1654342,木下　礼生,KINOSHITA Raisei,MF,17,岡山県,165,59,20020925,玉野光南高-天理大,0,0,0,,,,,,,,,,,1,1058547,
250,Ｊ２・Ｊ３百年構想,30312,滋賀,1654344,竜田　柊士,TATSUTA Shuto,MF,23,大阪府,174,64,19981205,セレゾンＦＣ-清風高-大阪経済大-ＦＣ淡路島-アルテリーヴォ和歌山,0,0,0,,,,,,,,,,,1,1058552,905024
250,Ｊ２・Ｊ３百年構想,30312,滋賀,1619692,森本　ヒマン,MORIMOTO Himan,FW,9,栃木県,188,87,19970501,南河内第二中-矢板中央高-駒澤大-ＦＣティアモ枚方-カマタマーレ讃岐-ＦＣティアモ枚方-レイラック滋賀ＦＣ-ＦＣティアモ枚方,0,0,21,20230305,明治安田J3第1節,讃岐,沼津,ピカスタ,20230702,明治安田J3第16節,讃岐,琉球,ピカスタ,1,1058544,
250,Ｊ２・Ｊ３百年構想,30312,滋賀,1630015,日野　友貴,HINO Tomoki,FW,29,愛媛県,170,65,19970615,新居浜船木ＳＳ-新居浜北中-長崎総合科学大附属高-長崎総合科学大-ホンダロックＳＣ-ミネベアミツミＦＣ-ＦＣ今治,0,12,17,20240406,明治安田J3第8節,今治,長野,里山Ｓ,20240406,明治安田J3第8節,今治,長野,里山Ｓ,1,929122,815556
250,Ｊ２・Ｊ３百年構想,30312,滋賀,1630103,菊島　卓,KIKUSHIMA Taku,FW,15,千葉県,177,75,19931231,アウルＦＣ-千葉国際中学校・高校-国士舘大-栃木ウーヴァＦＣ-ブリオベッカ浦安-鈴鹿ポイントゲッターズ,0,0,0,,,,,,,,,,,1,1058554,
250,Ｊ２・Ｊ３百年構想,30312,滋賀,1632790,奥田　陽琉,OKUDA Hiryu,FW,99,千葉県,181,80,20010523,柏レイソルＵ－１５-柏レイソルＵ－１８-早稲田大-レイラック滋賀ＦＣ-飛鳥ＦＣ,0,0,0,,,,,,,,,,,1,1058535,
250,Ｊ２・Ｊ３百年構想,30312,滋賀,1654343,秋山　駿,AKIYAMA Shun,FW,18,大阪府,178,70,19990826,セレッソ大阪Ｕ－１５-ヴィッセル神戸Ｕ－１８-大阪学院大,0,0,0,,,,,,,,,,,1,1058555,905027
250,Ｊ２・Ｊ３百年構想,30312,滋賀,1654346,北條　真汰,HOJO Shinta,FW,77,大阪府,175,70,20010520,鹿児島城西高-福岡大,0,0,0,,,,,,,,,,,1,1058553,905025
250,Ｊ２・Ｊ３百年構想,30987,FC大阪,1627748,後東　尚輝,GOTO Naoki,GK,82,徳島県,187,74,20020426,岩脇ＦＣ-徳島ヴォルティスＪｒユース-徳島ヴォルティスユース-徳島ヴォルティス-栃木シティＦＣ-徳島ヴォルティス-Ｙ．Ｓ．Ｃ．Ｃ．横浜-徳島ヴォルティス-ヴァンラーレ八戸-徳島ヴォルティス,0,0,12,20240831,明治安田J3第26節,YS横浜,大宮,ＮＡＣＫ,,,,,,1,,
250,Ｊ２・Ｊ３百年構想,30987,FC大阪,1636294,菅原　大道,SUGAWARA Hiromichi,GK,1,秋田県,190,85,19950810,ＦＣ角館セレジェスタ-角館中-角舘高-仙台大-北海道十勝スカイアース-栃木シティＦＣ-藤枝ＭＹＦＣ,0,0,0,,,,,,,,,,,1,798318,798318
250,Ｊ２・Ｊ３百年構想,30987,FC大阪,1645999,関沼　海亜,SEKINUMA Noa,GK,31,群馬県,183,79,20050530,パライストラ-藤岡キッカーズ-高崎健康福祉大学高崎高-奈良クラブ,0,0,1,20250630,明治安田J3第18節,奈良,FC大阪,花園,,,,,,1,929046,815392
250,Ｊ２・Ｊ３百年構想,30987,FC大阪,1656018,韓　峻領,HAN Junyoung,GK,30,大韓民国,186,88,20070301,チーム　スター　ジュニア　Ｕ－１２／大韓民国-水原三星Ｕ－１５／大韓民国-輔仁高／大韓民国,0,0,0,,,,,,,,,,,1,,
250,Ｊ２・Ｊ３百年構想,30987,FC大阪,1656188,長野　大河,NAGANO Taiga,GK,98,大阪府,181,82,20030920,ファニーＳＣ-大阪セントラルＦＣ-立正大淞南高-大阪体育大,0,0,0,,,,,,,,,,,1,,
250,Ｊ２・Ｊ３百年構想,30987,FC大阪,1200051,舘野　俊祐,TACHINO Shunsuke,DF,6,富山県,174,70,19930519,スクエア富山ＦＣジュニア-スクエア富山ＦＣＪｒユース-東京ヴェルディユース-東京ヴェルディ-カターレ富山-東京ヴェルディ-カターレ富山-東京ヴェルディ-松江シティＦＣ,0,12,96,20130804,J2第27節,富山,札幌,富山,20230806,明治安田J3第21節,FC大阪,YS横浜,花園,1,929409,815796
250,Ｊ２・Ｊ３百年構想,30987,FC大阪,1400218,田中　恵太,TANAKA Keita,DF,16,東京都,170,63,19891226,三菱養和ＳＣＪｒユース-三菱養和ＳＣユース-明治大-ＡＣ長野パルセイロ-ＦＣ琉球-水戸ホーリーホック-ＦＣ琉球-水戸ホーリーホック-ＦＣ琉球-ガイナーレ鳥取,0,116,168,20140309,J3第1節,長野,福島,味フィ西,20150329,明治安田J3第3節,琉球,J-22,沖縄県陸,1,929233,815511
250,Ｊ２・Ｊ３百年構想,30987,FC大阪,1617897,秋山　拓也,AKIYAMA Takuya,DF,23,愛知県,185,85,19940826,豊南ＪＦＴ-ＳＣ豊田-愛知産業大三河高-大阪体育大-アルビレックス新潟Ｓ／シンガポール-ヴァンフォーレ甲府-徳島ヴォルティス-ＡＣ長野パルセイロ,0,3,121,20180704,明治安田J2第18節,甲府,金沢,中銀スタ,20230415,明治安田J3第7節,長野,相模原,ギオンス,1,929416,815803
250,Ｊ２・Ｊ３百年構想,30987,FC大阪,1618860,山下　諒時,YAMASHITA Ryoji,DF,4,茨城県,180,74,20000511,古河中央サッカースポーツ少年団-ＦＣ古河Ｊｒユース-ベガルタ仙台ユース-拓殖大-ＳＣ相模原,0,0,64,20230304,明治安田J3第1節,相模原,鳥取,ギオンス,20240824,明治安田J3第25節,相模原,八戸,プラスタ,1,929265,815456
250,Ｊ２・Ｊ３百年構想,30987,FC大阪,1630070,美馬　和也,MIMA Kazuya,DF,13,大阪府,173,69,19971201,アバンティ茨木ＦＣ-千里丘ＦＣ-ヴィッセル神戸Ｕ－１８-京都産業大,0,0,83,20230304,明治安田J3第1節,FC大阪,鹿児島,白波スタ,20240907,明治安田J3第27節,FC大阪,長野,長野Ｕ,1,929431,815819
250,Ｊ２・Ｊ３百年構想,30987,FC大阪,1640667,水口　湧斗,MINAKUCHI Yuto,DF,5,大阪府,184,80,20000616,摂津イレブンＪＣＳ-千里丘ＦＣ-履正社高-中京大-ＳＣ相模原-ＦＣ大阪-ＳＣ相模原,0,0,55,20230415,明治安田J3第7節,相模原,長野,ギオンス,20230916,明治安田J3第27節,相模原,岐阜,ギオンス,1,929438,815826
250,Ｊ２・Ｊ３百年構想,30987,FC大阪,1640845,坂本　翔,SAKAMOTO Kakeru,DF,2,静岡県,174,72,20000906,富士第二サッカー少年団-清水エスパルスＪｒユース-清水東高-東海大-ギラヴァンツ北九州-ＦＣ大阪-ギラヴァンツ北九州,0,0,60,20230305,明治安田J3第1節,北九州,岐阜,ミクスタ,20240623,明治安田J3第18節,北九州,金沢,ゴースタ,1,929400,815440
250,Ｊ２・Ｊ３百年構想,30987,FC大阪,1643207,桑子　流空,KUWAKO Riku,DF,25,群馬県,180,71,20030629,新桐生ジュニオール-前橋ＦＣ-前橋育英高-東海大,0,0,0,,,,,,,,,,,1,,
250,Ｊ２・Ｊ３百年構想,30987,FC大阪,1651510,金　潤識,KIM Yoonsik,DF,66,大韓民国,183,75,20030721,亀山中／大韓民国-仁昌高／大韓民国-中源大／大韓民国,0,0,0,,,,,,,,,,,1,,
250,Ｊ２・Ｊ３百年構想,30987,FC大阪,1653376,アンジェリーニ,ANGELINI,DF,42,ブラジル,173,70,20040810,ＡＡインテルナシオナル　デ　リメイラＵ２０／ブラジル-ポルティモネンセＳＡＤ／ポルトガル,0,0,0,,,,,,,,,,,1,,
250,Ｊ２・Ｊ３百年構想,30987,FC大阪,1655830,馬　尚勳,MA Sanghoon,DF,33,大韓民国,183,79,19910725,順天高／大韓民国-江原ＦＣ／大韓民国-ＢＢＣＵ　ＦＣ／タイ-全南ドラゴンズ／大韓民国-ＢＢＣＵ　ＦＣ／タイ-水原ＦＣ／大韓民国-金泉尚武ＦＣ／大韓民国-水原ＦＣ／大韓民国-城南ＦＣ／大韓民国-香港流浪足球会／香港-天安シティＦＣ／大韓民国,0,0,0,,,,,,,,,,,1,,
250,Ｊ２・Ｊ３百年構想,30987,FC大阪,1655832,咲本　大,SAKIMOTO Oki,DF,20,兵庫県,184,69,20070726,大阪狭山ＳＣジュニア-大阪狭山ＳＣジュニアユース-近畿大付属高,0,0,0,,,,,,,,,,,1,,
250,Ｊ２・Ｊ３百年構想,30987,FC大阪,1656187,申　奎元,SHIN Kyuwon,DF,35,大韓民国,186,78,20030521,江南中／大韓民国-世一中／大韓民国-江陵中央高／大韓民国-輔仁高／大韓民国-漢陽大／大韓民国,0,0,0,,,,,,,,,,,1,,
250,Ｊ２・Ｊ３百年構想,30987,FC大阪,1609244,川上　竜,KAWAKAMI Ryu,MF,40,福岡県,177,72,19941025,壱岐ＦＣ-アビスパ福岡Ｕ－１５-アビスパ福岡Ｕ－１８-福岡大-福島ユナイテッドＦＣ-ギラヴァンツ北九州-ＳＣ相模原-ＦＣ岐阜,0,64,213,20170311,明治安田J3第1節,福島,YS横浜,ニッパツ,20180908,明治安田J3第22節,北九州,富山,ミクスタ,1,929193,815500
250,Ｊ２・Ｊ３百年構想,30987,FC大阪,1618668,芳賀　日陽,HAGA Asahi,MF,8,東京都,169,66,20000730,板橋少年ＳＣ-ＦＣ東京Ｕ－１５深川-ＦＣ東京Ｕ－１８-作新学院大-いわきＦＣ-ＦＣ大阪-いわきＦＣ,0,11,46,20180526,明治安田J3第8節,Ｆ東23,Ｇ大23,吹田Ｓ,20241109,明治安田J3第36節,FC大阪,YS横浜,花園,1,798283,798283
250,Ｊ２・Ｊ３百年構想,30987,FC大阪,1622842,土肥　航大,DOHI Kodai,MF,26,大阪府,180,68,20010413,リップエースＳＣＪｒユース-サンフレッチェ広島ユース-サンフレッチェ広島-水戸ホーリーホック-サンフレッチェ広島-ヴァンフォーレ甲府-サンフレッチェ広島-ＦＣ今治-サンフレッチェ広島-栃木ＳＣ-サンフレッチェ広島-ＦＣ今治-サンフレッチェ広島-ガイナーレ鳥取,19,31,27,20200905,明治安田J1第14節,広島,札幌,札幌厚別,20220417,明治安田J2第10節,水戸,徳島,Ｋｓスタ,1,798175,798175
250,Ｊ２・Ｊ３百年構想,30987,FC大阪,1625702,木匠　貴大,KITSUI Takahiro,MF,7,大阪府,177,72,19930407,藤井寺ＪＳＣ-川上ＦＣ-初芝橋本高-京都産業大,0,0,80,20230312,明治安田J3第2節,FC大阪,宮崎,ユニスタ,20230701,明治安田J3第16節,FC大阪,鳥取,Ａｘｉｓ,1,929436,815824
250,Ｊ２・Ｊ３百年構想,30987,FC大阪,1632385,増田　隼司,MASUDA Shunji,MF,19,大阪府,172,68,19980813,レオＳＣ-東海大翔洋高-近畿大-いわてグルージャ盛岡-ＳＣ相模原-いわてグルージャ盛岡,0,14,101,20210321,明治安田J3第2節,岩手,鳥取,Ａｘｉｓ,20210911,明治安田J3第18節,岩手,鹿児島,白波スタ,1,929429,815817
250,Ｊ２・Ｊ３百年構想,30987,FC大阪,1635016,野瀬　龍世,NOSE Ryusei,MF,41,北海道,168,60,20000208,Ｒ．シュペルブ釧路Ｕ１２-Ｒ．シュペルブ釧路Ｕ１５-東海大付属札幌高-札幌大-ヴァンラーレ八戸-ギラヴァンツ北九州-水戸ホーリーホック-ＦＣ大阪-水戸ホーリーホック,0,20,76,20210912,明治安田J3第18節,八戸,讃岐,ピカスタ,20220820,明治安田J3第21節,八戸,長野,プラスタ,1,813832,815321
250,Ｊ２・Ｊ３百年構想,30987,FC大阪,1635555,住田　将,SUMIDA Sho,MF,14,愛知県,181,75,19990819,名古屋グランパスＵ１５-名古屋グランパスＵ－１８-青森山田高-東京学芸大-松本山雅ＦＣ,0,0,62,20220320,明治安田J3第2節,松本,YS横浜,ニッパツ,20220417,明治安田J3第6節,松本,岐阜,長良川,1,929372,815756
250,Ｊ２・Ｊ３百年構想,30987,FC大阪,1637296,吉田　源太郎,YOSHIDA Gentaro,MF,77,大阪府,177,76,20001026,ＥＸＥ’９０ＦＣ-柏田ＳＣ-四国学院大香川西高-四国学院大-カマタマーレ讃岐-ジェフユナイテッド千葉,0,5,82,20220515,明治安田J3第9節,讃岐,宮崎,ユニスタ,20230305,明治安田J3第1節,讃岐,沼津,ピカスタ,1,929348,815675
250,Ｊ２・Ｊ３百年構想,30987,FC大阪,1641614,家坂　葉光,IESAKA Yoko,MF,37,東京都,170,67,20020926,東京ヴェルディジュニア-東京ヴェルディジュニアユース-東京ヴェルディユース-中央大-ファジアーノ岡山,0,0,0,,,,,,,,,,,1,1005843,896122
250,Ｊ２・Ｊ３百年構想,30987,FC大阪,1644449,福井　和樹,FUKUI Kazuki,MF,15,兵庫県,165,61,20010613,揖西西ＳＳＤ-サルパＦＣＪｒユース-ガンバ大阪ユース-京都産業大-ＳＣ相模原,0,0,53,20230902,明治安田J3第25節,相模原,富山,富山,20230924,明治安田J3第28節,相模原,福島,とうスタ,1,929278,815469
250,Ｊ２・Ｊ３百年構想,30987,FC大阪,1645934,夏川　大和,NATSUKAWA Yamato,MF,18,滋賀県,175,70,20010919,愛知ホワイトスター-セゾンＦＣ-草津東高-京都産業大,0,0,23,20240602,明治安田J3第15節,FC大阪,奈良,花園,20241109,明治安田J3第36節,FC大阪,YS横浜,花園,1,929440,815828
250,Ｊ２・Ｊ３百年構想,30987,FC大阪,1645936,堤　奏一郎,TSUTSUMI Soichiro,MF,11,大阪府,173,69,20011005,吹田千里ＦＣ-千里丘ＦＣ-関大一高-関西大,0,0,35,20240503,明治安田J3第12節,FC大阪,相模原,ギオンス,20250721,明治安田J3第21節,FC大阪,鹿児島,白波スタ,1,929441,815829
250,Ｊ２・Ｊ３百年構想,30987,FC大阪,1651268,森村　俊太,MORIMURA Shunta,MF,36,京都府,172,67,20030409,太秦サッカー少年団-ルセーロ京都-京都先端科学大附属高-阪南大-水戸ホーリーホック,0,2,0,20250506,明治安田J2第14節,水戸,山口,みらスタ,,,,,,1,1005844,896190
250,Ｊ２・Ｊ３百年構想,30987,FC大阪,1655831,木村　大輝,KIMURA Hiroki,MF,21,青森県,178,75,20030510,ＦＣ多賀レッドスターズ-ウインズＦＣ　Ｕ－１５-八戸学院野辺地西高-八戸学院大,0,0,0,,,,,,,,,,,1,,
250,Ｊ２・Ｊ３百年構想,30987,FC大阪,1655833,川田　太陽,KAWADA Taiyo,MF,39,大阪府,168,64,20070812,柏田ＳＣ-近畿大付属高,0,0,0,,,,,,,,,,,1,,
250,Ｊ２・Ｊ３百年構想,30987,FC大阪,1655834,鳥山　陽斗,TORIYAMA Hiroto,MF,32,兵庫県,179,64,20080227,セレッソ大阪西Ｕ－１５-履正社高,0,0,0,,,,,,,,,,,1,1052739,
250,Ｊ２・Ｊ３百年構想,30987,FC大阪,1607200,松本　孝平,MATSUMOTO Kohei,FW,88,神奈川県,186,87,19940731,石川ＳＳＳ-滝の沢中-藤沢清流高-国士舘大-名古屋グランパス-ＳＣ相模原-名古屋グランパス-ＦＣマルヤス岡崎-ＦＣティアモ枚方-カマタマーレ讃岐-ヴァンフォーレ甲府-カターレ富山-ヴァンフォーレ甲府-ＦＣ大阪-カマタマーレ讃岐,0,12,82,20180708,明治安田J3第17節,相模原,秋田,Ａ‐スタ,20220313,明治安田J3第1節,讃岐,松本,ピカスタ,1,771406,771406
250,Ｊ２・Ｊ３百年構想,30987,FC大阪,1618859,菅原　龍之助,SUGAWARA Ryunosuke,FW,29,宮城県,181,77,20000728,湊サッカースポーツ少年団-ベガルタ仙台Ｊｒユース-ベガルタ仙台ユース-産業能率大-ベガルタ仙台-栃木ＳＣ-ベガルタ仙台,0,21,20,20230716,明治安田J2第26節,仙台,金沢,石川西部,20230806,明治安田J2第29節,仙台,磐田,エコパ,1,798076,798076
250,Ｊ２・Ｊ３百年構想,30987,FC大阪,1624570,島田　拓海,SHIMADA Takumi,FW,9,奈良県,175,73,19960825,パルティーダ生駒ＦＣ-奈良ＹＭＣＡ-奈良育英高-大阪経済大-奈良クラブ-ヴァンラーレ八戸,0,0,155,20210314,明治安田J3第1節,八戸,岐阜,長良川,20210502,明治安田J3第7節,八戸,鳥取,プラスタ,1,929426,815814
250,Ｊ２・Ｊ３百年構想,30987,FC大阪,1626967,久保　吏久斗,KUBO Rikuto,FW,10,奈良県,167,64,19970123,ディアブロッサ高田ＦＣＵ－１２-ディアブロッサ高田ＦＣＵ－１５-セレッソ大阪Ｕ－１８-京都産業大-ＭＩＯびわこ滋賀,0,0,83,20230304,明治安田J3第1節,FC大阪,鹿児島,白波スタ,20230409,明治安田J3第6節,FC大阪,今治,花園,1,929435,815823
250,Ｊ２・Ｊ３百年構想,30987,FC大阪,1629477,東家　聡樹,TOYA Toshiki,FW,28,熊本県,185,76,19970420,熊本ユナイテッドＳＣ-上西郷　ＷＥＳＴ　ＫＩＤＳ-アビスパ福岡Ｕ－１５-アビスパ福岡Ｕ－１８-中京大-アビスパ福岡-ＦＣ今治-アビスパ福岡-高知ユナイテッドＳＣ,0,13,62,20200808,明治安田J2第10節,福岡,甲府,ベススタ,20210530,明治安田J3第9節,今治,八戸,プラスタ,1,1052736,817243
250,Ｊ２・Ｊ３百年構想,30987,FC大阪,1632746,和田　育,WADA Hagumi,FW,27,奈良県,168,68,20001219,ＤＭＣ　ＪＯＹ-法隆寺ＦＣ　Ｕ－１５-阪南大付属高-筑波大-アスルクラロ沼津,0,0,79,20230305,明治安田J3第1節,沼津,讃岐,ピカスタ,20230416,明治安田J3第7節,沼津,松本,サンアル,1,929097,815648
250,Ｊ２・Ｊ３百年構想,30987,FC大阪,1651465,ヴィニシウス　ソウザ,VINICIUS SOUZA,FW,99,ブラジル,189,87,20030326,ＵＮＩＲＢ　ＦＣ／ブラジル-カナンＥＣ　Ｕ－２０／ブラジル-ＳＣインテルナシオナル／ブラジル-ＦＳメタ／ラトビア,0,0,2,20250830,明治安田J3第25節,FC大阪,相模原,花園,,,,,,1,439633,439633
250,Ｊ２・Ｊ３百年構想,30987,FC大阪,1656839,李　韓喜,LEE Hanhee,FW,38,大韓民国,178,71,20070704,Ｅ１ＦＣ　Ｕ－１５／大韓民国-ソウル中央高／大韓民国,0,0,0,,,,,,,,,,,1,,
250,Ｊ２・Ｊ３百年構想,30985,奈良,1627433,岡田　慎司,OKADA Shinji,GK,15,愛媛県,180,78,19960310,重信キッカーズ-重信中-松山工高-びわこ成蹊スポーツ大-ＦＣ今治,0,0,82,20200816,明治安田J3第10節,今治,沼津,愛鷹,,,,,,1,929038,815382
250,Ｊ２・Ｊ３百年構想,30985,奈良,1630170,黒川　雷平,KUROKAWA Raihei,GK,49,愛媛県,195,85,20030607,吉井スポーツ少年団-東予東中-愛媛ＦＣＵ－１８-愛媛ＦＣ-ＦＣティアモ枚方-愛媛ＦＣ-高知ユナイテッドＳＣ-愛媛ＦＣ,0,0,3,20231202,明治安田J3第38節,愛媛,FC大阪,万博,,,,,,1,818306,895682
250,Ｊ２・Ｊ３百年構想,30985,奈良,1646001,マルク　ヴィト,MARC VITO,GK,96,スペイン,189,80,19960310,コルドバＣＦ／スペイン-エクストラマデューラ／スペイン-ＣＦペララーダ／スペイン-ＵＥオロット／スペイン-ＣＥマンレサ／スペイン-フェレスＣＤ／スペイン-ＣＥエウロパ／スペイン-奈良クラブ-京都サンガF.C.,0,0,29,20240303,明治安田J3第2節,奈良,長野,ロートＦ,,,,,,1,13989,13989
250,Ｊ２・Ｊ３百年構想,30985,奈良,1652496,宮澤　樹,MIYAZAWA Tatsuki,GK,1,長野県,184,78,20030512,臼田ＦＣ-アルティスタ浅間-ＡＣ長野パルセイロＵ－１８-常葉大,0,0,0,,,,,,,,,,,1,,
250,Ｊ２・Ｊ３百年構想,30985,奈良,1611122,鈴木　大誠,SUZUKI Daisei,DF,5,奈良県,182,78,19960528,俵口ファルコン-ソレステレージャ奈良２００２-星稜高-筑波大-徳島ヴォルティス-ＦＣ琉球-徳島ヴォルティス-愛媛ＦＣ-徳島ヴォルティス,6,23,136,20190310,明治安田J2第3節,徳島,大宮,鳴門大塚,20220410,明治安田J3第5節,愛媛,相模原,ニンスタ,1,929033,815377
250,Ｊ２・Ｊ３百年構想,30985,奈良,1624397,吉村　弦,YOSHIMURA Yuzuru,DF,40,大阪府,173,70,19960521,高槻ＦＣ-ガンバ大阪ユース-同志社大-ＡＣ長野パルセイロ-ブラウブリッツ秋田,0,0,102,20190414,明治安田J3第6節,長野,讃岐,ピカスタ,20191124,明治安田J3第32節,長野,岩手,いわスタ,1,929035,815379
250,Ｊ２・Ｊ３百年構想,30985,奈良,1629474,奥田　雄大,OKUDA Yudai,DF,16,徳島県,182,80,19970501,徳島ヴォルティスジュニア-徳島ヴォルティスＪｒユース-徳島市立高-鹿屋体育大-徳島ヴォルティス-いわきＦＣ-徳島ヴォルティス-テゲバジャーロ宮崎-徳島ヴォルティス-カマタマーレ讃岐,0,0,106,20220313,明治安田J3第1節,宮崎,八戸,ユニスタ,20220903,明治安田J3第23節,宮崎,八戸,プラスタ,1,929339,815666
250,Ｊ２・Ｊ３百年構想,30985,奈良,1629916,石井　大生,ISHII Taisei,DF,36,神奈川県,190,81,20031229,大道ＳＣ-湘南ベルマーレＵ－１５平塚-湘南ベルマーレＵ－１８-湘南ベルマーレ-ヴィアティン三重-湘南ベルマーレ-ＦＣティアモ枚方-湘南ベルマーレ-ＦＣティアモ枚方,0,0,0,,,,,,,,,,,1,1052810,
250,Ｊ２・Ｊ３百年構想,30985,奈良,1635548,吉田　新,YOSHIDA Arata,DF,8,千葉県,173,69,20000629,新松戸ＳＣ-柏レイソルＵ－１２-柏レイソルＵ－１５-柏レイソルＵ－１８-立正大-湘南ベルマーレ-カターレ富山-湘南ベルマーレ,6,11,0,20240714,明治安田J1第23節,湘南,磐田,レモンＳ,,,,,,1,726052,726052
250,Ｊ２・Ｊ３百年構想,30985,奈良,1637069,高畠　捷,TAKAHATA Kakeru,DF,2,神奈川県,176,70,20030704,菅生ＳＣ-川崎フロンターレＵ－１５-川崎フロンターレＵ－１８-拓殖大,0,0,0,,,,,,,,,,,1,1052814,
250,Ｊ２・Ｊ３百年構想,30985,奈良,1644237,生駒　稀生,IKOMA Kei,DF,22,鹿児島県,182,71,19971121,鹿児島育英館中-鹿児島城西高-大阪学院大-ＦＣ淡路島-ＦＣティアモ枚方-奈良クラブ-ＦＣティアモ枚方-奈良クラブ-ＦＣティアモ枚方,0,0,78,20230813,明治安田J3第22節,奈良,讃岐,ロートＦ,20231022,明治安田J3第32節,奈良,岐阜,長良川,1,929043,815388
250,Ｊ２・Ｊ３百年構想,30985,奈良,1646519,佐藤　大翔,SATO Hiroto,DF,33,神奈川県,183,72,20021224,ＦＣ本郷-湘南ルベントＳＣ-エスペランサＳＣ-横浜創学館高-関東学院大,0,0,12,20250308,明治安田J3第4節,奈良,琉球,ロートＦ,,,,,,1,999907,896057
250,Ｊ２・Ｊ３百年構想,30985,奈良,1647086,中山　雅斗,NAKAYAMA Masato,DF,27,京都府,179,74,20011209,久御山バイソンズＦＣ-ヴィッセル神戸伊丹Ｕ－１５-東山高-大阪体育大-ソニー仙台ＦＣ,0,0,7,20250223,明治安田J3第2節,奈良,讃岐,ピカスタ,,,,,,1,999908,896059
250,Ｊ２・Ｊ３百年構想,30985,奈良,1400102,田村　亮介,TAMURA Ryosuke,MF,7,奈良県,171,65,19950508,奈良ＹＭＣＡＳＣ-奈良ＹＭＣＡＳＣＪｒユース-京都サンガF.C.Ｕ－１８-京都サンガF.C.-サガン鳥栖-京都サンガF.C.-福島ユナイテッドＦＣ-ＦＣ安養／大韓民国-ガイナーレ鳥取,1,24,184,20140316,J3第2節,J-22,藤枝,藤枝サ,20140316,J3第2節,J-22,藤枝,藤枝サ,1,929028,815372
250,Ｊ２・Ｊ３百年構想,30985,奈良,1608814,芝本　蓮,SHIBAMOTO Ren,MF,50,大阪府,174,70,19990722,ガンバ大阪Ｊｒユース-ガンバ大阪ユース-ガンバ大阪-ＳＣ相模原-ガンバ大阪-藤枝ＭＹＦＣ-ガンバ大阪-ＦＣティアモ枚方,1,6,114,20170415,明治安田J3第5節,Ｇ大23,長野,吹田Ｓ,20171030,明治安田J3第29節,Ｇ大23,北九州,吹田Ｓ,1,1052808,
250,Ｊ２・Ｊ３百年構想,30985,奈良,1624685,森田　凜,MORITA Rin,MF,10,徳島県,180,75,20020214,ＣＳＰサッカーアカデミー-徳島ヴォルティスＪｒユース-徳島ヴォルティスユース-徳島ヴォルティス-奈良クラブ-徳島ヴォルティス-奈良クラブ-徳島ヴォルティス-ＦＣ琉球-徳島ヴォルティス-奈良クラブ-徳島ヴォルティス-奈良クラブ-徳島ヴォルティス,0,0,58,20230304,明治安田J3第1節,琉球,八戸,タピスタ,,,,,,1,929036,815380
250,Ｊ２・Ｊ３百年構想,30985,奈良,1632279,後藤　卓磨,GOTO Takuma,MF,18,徳島県,165,60,19970716,プルミエール徳島ＳＣ-徳島ヴォルティスユース-関西国際大-ＦＣ徳島-カマタマーレ讃岐-ＦＣティアモ枚方,0,0,64,20210314,明治安田J3第1節,讃岐,長野,ピカスタ,20221016,明治安田J3第29節,讃岐,福島,とうスタ,1,1052809,
250,Ｊ２・Ｊ３百年構想,30985,奈良,1636292,佐藤　諒,SATO Ryo,MF,11,愛知県,169,64,19970924,名古屋グランパスＵ－１５-藤枝明誠高-びわこ成蹊スポーツ大-ＦＣティアモ枚方-愛媛ＦＣ-ＦＣ大阪,0,16,75,20220313,明治安田J3第1節,愛媛,富山,ニンスタ,20220814,明治安田J3第20節,愛媛,鳥取,ニンスタ,1,813872,815884
250,Ｊ２・Ｊ３百年構想,30985,奈良,1644023,國武　勇斗,KUNITAKE Yuto,MF,20,大阪府,180,70,20051220,羽曳野市サッカースクール-ガンバ大阪堺Ｊｒユース-興国高,0,0,68,20240224,明治安田J3第1節,奈良,琉球,ロートＦ,20240506,明治安田J3第13節,奈良,福島,とうスタ,1,929047,815393
250,Ｊ２・Ｊ３百年構想,30985,奈良,1646673,川井　大地,KAWAI Daichi,MF,28,三重県,180,70,20060814,伊勢ＹＡＭＡＴＯＦＣ-アメージングアカデミー山梨-奈良クラブユース,0,0,2,20250419,明治安田J3第10節,奈良,沼津,ロートＦ,,,,,,1,1005821,896060
250,Ｊ２・Ｊ３百年構想,30985,奈良,1647329,一村　聖連,ICHIMURA Seren,MF,29,熊本県,170,68,20040117,大津高-びわこ成蹊スポーツ大,0,0,0,,,,,,,,,,,1,1052812,
250,Ｊ２・Ｊ３百年構想,30985,奈良,1650524,戸水　利紀,TOMIZU Riki,MF,21,アメリカ合衆国,170,67,20020930,川崎フロンターレＵ－１２-川崎フロンターレＵ－１５-川崎フロンターレＵ－１８-立命館大,0,0,4,20250216,明治安田J3第1節,奈良,福島,ロートＦ,,,,,,1,999909,895992
250,Ｊ２・Ｊ３百年構想,30985,奈良,1651527,宮下　菖悟,MIYASHITA Shogo,MF,38,,,,,,0,0,0,,,,,,,,,,,0,,
250,Ｊ２・Ｊ３百年構想,30985,奈良,1655848,オラスンカンミ,OLASUNKANMI,MF,47,ナイジェリア,175,66,20070721,イガンムタイガーＦＣ／ナイジェリア-福知山成美高,0,0,0,,,,,,,,,,,1,1052811,
250,Ｊ２・Ｊ３百年構想,30985,奈良,1655932,濵名　元希,HAMANA Genki,MF,37,福島県,168,63,20080729,中央ドリマＪＳＣ-アメージングアカデミー山梨,0,0,0,,,,,,,,,,,1,1064181,
250,Ｊ２・Ｊ３百年構想,30985,奈良,1300064,田村　翔太,TAMURA Shota,FW,17,愛知県,168,62,19950204,東海スポーツＦＣジュニア-東海スポーツＦＣ-四日市中央工高-湘南ベルマーレ-福島ユナイテッドＦＣ-湘南ベルマーレ-福島ユナイテッドＦＣ-湘南ベルマーレ-福島ユナイテッドＦＣ-湘南ベルマーレ-福島ユナイテッドＦＣ-ロアッソ熊本-鈴鹿ポイントゲッターズ-ヴィアティン三重,0,0,124,20140330,J3第4節,福島,鳥取,とうスタ,20150927,明治安田J3第31節,福島,鳥取,とりスタ,1,999910,896056
250,Ｊ２・Ｊ３百年構想,30985,奈良,1500947,富樫　佑太,TOGASHI Yuta,FW,9,東京都,173,70,19951218,ヴァロールＦＣイースト-ジェファＦＣ-国学院久我山高-ＦＣ琉球-ＦＣ岐阜-ガイナーレ鳥取,0,4,241,20150315,明治安田J3第1節,琉球,YS横浜,沖縄県陸,20160911,明治安田J3第21節,琉球,福島,沖縄県陸,1,929236,815514
250,Ｊ２・Ｊ３百年構想,30985,奈良,1626011,川﨑　修平,KAWASAKI Shuhei,FW,54,大阪府,168,66,20010428,イーデス岸和田ＳＣ-ＮＳＣ北斗ＳＣ-ＳＳクリエイト-ガンバ大阪Ｊｒユース-ガンバ大阪ユース-ガンバ大阪-ポルティモネンセＳＣ／ポルトガル-ヴィッセル神戸-ポルティモネンセＳＣ／ポルトガル-ヴァルミエラＦＣ／ラトビア-ポルティモネンセＳＣ／ポルトガル-東京ヴェルディ,38,0,43,20190518,明治安田J3第9節,Ｇ大23,富山,富山,20191104,明治安田J3第29節,Ｇ大23,相模原,パナスタ,1,73822,73822
250,Ｊ２・Ｊ３百年構想,30985,奈良,1645938,望月　想空,MOCHIZUKI Sora,FW,14,兵庫県,181,77,20010403,ＳＣクリヴォーネ-ヴィッセル神戸Ｕ－１２-ヴィッセル神戸Ｕ－１５-関西学院大高-関西学院大-ＦＣ大阪,0,0,24,20240518,明治安田J3第14節,FC大阪,富山,富山,20240727,明治安田J3第23節,FC大阪,讃岐,花園,1,929439,815827
250,Ｊ２・Ｊ３百年構想,30985,奈良,1646178,関口　智也,SEKIGUCHI Tomoya,FW,19,北海道,185,81,20070619,ヴィンセドール白山ジュニア-ツエーゲン金沢Ｕ－１２-南港サウスマン-山田くらぶ-奈良クラブユース,0,0,2,20240331,明治安田J3第7節,奈良,金沢,ロートＦ,,,,,,1,929048,
250,Ｊ２・Ｊ３百年構想,30985,奈良,1652461,岡﨑　大志郎,OKAZAKI Taishiro,FW,42,埼玉県,177,75,20020629,東松山ペレーニアジュニア-東松山ペレーニアＪｒユース-西武台高-日本体育大-いわてグルージャ盛岡,0,0,0,,,,,,,,,,,1,1052816,
250,Ｊ２・Ｊ３百年構想,30000,鳥取,1624568,寺沢　優太,TERASAWA Yuta,GK,1,長野県,185,82,19930731,岡谷東部ＦＣ-ＦＣ．ＣＥＤＡＣ-東京都市大塩尻高-関東学院大-ヒラル　マロク　ベルグハイム／ドイツ-奈良クラブ-沖縄ＳＶ-ＡＣ長野パルセイロ-南葛ＳＣ-ＦＣティアモ枚方-レイラック滋賀,0,0,1,20250330,明治安田J3第7節,鳥取,福島,とうスタ,,,,,,1,999903,896035
250,Ｊ２・Ｊ３百年構想,30000,鳥取,1632427,バーンズ　アントン,BURNS Anton,GK,88,アメリカ合衆国,187,72,20031001,Ｋ４ＳＣ-ＦＣトリプレッタＪｒユース-大成高-ＦＣ町田ゼルビア-ロアッソ熊本-ＦＣ町田ゼルビア,0,0,0,,,,,,,,,,,1,798184,
250,Ｊ２・Ｊ３百年構想,30000,鳥取,1653071,桃井　玲,MOMOI Ryo,GK,47,東京都,183,80,20021113,清水北ＦＣ-ＦＣ東京Ｕ－１５むさし-桐光学園高-新潟医療福祉大-飛鳥ＦＣ,0,0,0,,,,,,,,,,,1,1036208,
250,Ｊ２・Ｊ３百年構想,30000,鳥取,1401485,温井　駿斗,NUKUI Hayato,DF,6,大阪府,180,74,19961114,ＦＣファルコン-高槻第九中-セレッソ大阪Ｕ－１８-セレッソ大阪-ＦＣ鈴鹿ランポーレ-セレッソ大阪-栃木ＳＣ-水戸ホーリーホック-藤枝ＭＹＦＣ-ＳＣ相模原,0,23,155,20160313,明治安田J3第1節,Ｃ大23,盛岡,金鳥スタ,20170820,明治安田J3第19節,Ｃ大23,相模原,ギオンス,1,929234,815512
250,Ｊ２・Ｊ３百年構想,30000,鳥取,1635486,松本　太一,MATSUMOTO Taichi,DF,17,,,,,,0,0,0,,,,,,,,,,,0,1008947,896037
250,Ｊ２・Ｊ３百年構想,30000,鳥取,1637145,ヴァンイヤーデン　ショーン,VANEERDEN Shawn,DF,3,神奈川県,193,91,20040416,本町ＳＣ-横浜ＦＣＪｒユース-横浜ＦＣユース-横浜ＦＣ-Ｙ．Ｓ．Ｃ．Ｃ．横浜-横浜ＦＣ-ガイナーレ鳥取-横浜ＦＣ,0,0,20,20240324,明治安田J3第6節,YS横浜,鳥取,ニッパツ,20240331,明治安田J3第7節,YS横浜,福島,とうスタ,1,929173,815609
250,Ｊ２・Ｊ３百年構想,30000,鳥取,1640664,二階堂　正哉,NIKAIDO Seiya,DF,4,宮城県,175,74,20001102,ＡＣクレック-青森山田中-青森山田高-新潟医療福祉大-Ｙ．Ｓ．Ｃ．Ｃ．横浜,0,0,74,20230513,明治安田J3第10節,YS横浜,相模原,ニッパツ,20250323,明治安田J3第6節,鳥取,岐阜,Ａｘｉｓ,1,929249,815526
250,Ｊ２・Ｊ３百年構想,30000,鳥取,1640665,大嶋　春樹,OSHIMA Haruki,DF,55,兵庫県,181,77,20000711,米田少年ＳＣ-ＶＩＶＯ　ＦＣ-神戸弘陵学園高-中京大-Ｙ．Ｓ．Ｃ．Ｃ．横浜,0,0,86,20230305,明治安田J3第1節,YS横浜,富山,ニッパツ,20230430,明治安田J3第8節,YS横浜,今治,ニッパツ,1,929174,815610
250,Ｊ２・Ｊ３百年構想,30000,鳥取,1641671,荒井　涼,ARAI Ryo,DF,18,神奈川県,178,72,20030701,ガンバ大阪ジュニア-横浜Ｆ・マリノスプライマリー-横浜Ｆ・マリノスＪｒユース-日大藤沢高-東洋大,0,0,0,,,,,,,,,,,1,1052780,
250,Ｊ２・Ｊ３百年構想,30000,鳥取,1653375,橋本　清太郎,HASHIMOTO Seitaro,DF,77,神奈川県,180,75,20030715,藤塚キッカーズ-横浜ＦＣＪｒユース-流通経済大付属柏高-専修大,0,0,4,20250920,明治安田J3第28節,鳥取,群馬,Ａｘｉｓ,,,,,,1,1028959,903894
250,Ｊ２・Ｊ３百年構想,30000,鳥取,1655801,ムン　ミン,MOON Min,DF,66,大韓民国,175,69,20050204,ピョンテクブルーウィングス／大韓民国-ピョンテクＳＫＫ／大韓民国-大東税務高／大韓民国-カトリック大学校／大韓民国,0,0,0,,,,,,,,,,,1,1052779,
250,Ｊ２・Ｊ３百年構想,30000,鳥取,1656124,鄭　翔英,JEONG Sang Yeong,DF,34,朝鮮民主主義人民共和国,180,75,20031001,ＫＯＲＥＡ　ＦＣ-京都朝鮮中級学校-京都朝鮮高級学校-朝鮮大学校,0,0,0,,,,,,,,,,,1,1066176,
250,Ｊ２・Ｊ３百年構想,30000,鳥取,1100996,矢島　慎也,YAJIMA Shinya,MF,21,埼玉県,174,70,19940118,北浦和サッカースポーツ少年団-浦和レッズＪｒユース-浦和レッズユース-浦和レッズ-ファジアーノ岡山-浦和レッズ-ファジアーノ岡山-浦和レッズ-ガンバ大阪-ベガルタ仙台-ガンバ大阪-大宮アルディージャ-レノファ山口ＦＣ-清水エスパルス,140,178,12,20120324,J1第3節,浦和,札幌,札幌ド,20130518,J1第12節,浦和,鳥栖,埼玉,1,26863,26863
250,Ｊ２・Ｊ３百年構想,30000,鳥取,1607215,藤田　一途,FUJITA Itto,MF,2,神奈川県,175,72,19990630,あざみ野ＦＣ-横浜Ｆ・マリノスＪｒユース-横浜Ｆ・マリノスユース-仙台大-ロアッソ熊本,0,54,7,20220220,明治安田J2第1節,熊本,山口,みらスタ,,,,,,1,798067,798067
250,Ｊ２・Ｊ３百年構想,30000,鳥取,1618865,東條　敦輝,TOJO Atsuki,MF,8,兵庫県,175,67,20001228,ヴィッセル神戸Ｕ－１２-ＡＴＳ　Ｊｒユース-ガイナーレ鳥取Ｕ－１８-国士舘大,0,0,74,20230304,明治安田J3第1節,鳥取,相模原,ギオンス,20230409,明治安田J3第6節,鳥取,八戸,Ａｘｉｓ,1,929248,815525
250,Ｊ２・Ｊ３百年構想,30000,鳥取,1635529,金浦　真樹,KANEURA Masaki,MF,42,大阪府,186,75,19991210,玉川学園ＦＣ-千里丘ＦＣ-開志学園ＪＡＰＡＮサッカーカレッジ高-立正大-藤枝ＭＹＦＣ,0,7,54,20220417,明治安田J3第6節,藤枝,富山,藤枝サ,20241102,明治安田J3第35節,鳥取,大宮,ＮＡＣＫ,1,798164,798164
250,Ｊ２・Ｊ３百年構想,30000,鳥取,1636277,小澤　秀充,OZAWA Hideatsu,MF,7,静岡県,170,64,19990428,初倉ＦＣ-静岡学園中-静岡学園高-青山学院大,0,0,117,20220312,明治安田J3第1節,鳥取,藤枝,藤枝サ,20230311,明治安田J3第2節,鳥取,YS横浜,ニッパツ,1,929245,815522
250,Ｊ２・Ｊ３百年構想,30000,鳥取,1636981,木内　達也,KIUCHI Tatsuya,MF,15,茨城県,178,72,20020407,鴻巣ラホージャＦＣ-鹿島アントラーズＪｒユース-鹿島アントラーズユース-明治大-エリース豊島ＦＣ,0,0,0,,,,,,,,,,,1,1052782,
250,Ｊ２・Ｊ３百年構想,30000,鳥取,1637079,高柳　郁弥,TAKAYANAGI Fumiya,MF,32,埼玉県,174,65,20001004,尾間木サッカースポーツ少年団-大宮アルディージャＪｒユース-大宮アルディージャユース-東洋大-大宮アルディージャ-ガイナーレ鳥取-大宮アルディージャ-ギラヴァンツ北九州-ＲＢ大宮アルディージャ,0,37,53,20220702,明治安田J2第24節,大宮,岩手,いわスタ,20230624,明治安田J2第22節,大宮,いわき,ＮＡＣＫ,1,727387,727387
250,Ｊ２・Ｊ３百年構想,30000,鳥取,1637092,清水　祐輔,SHIMIZU Yusuke,MF,13,埼玉県,176,72,20010513,白岡南ＳＳＳ-柏レイソルＵ－１５-柏レイソルＵ－１８-東洋大-大宮アルディージャ-ガイナーレ鳥取-ＲＢ大宮アルディージャ,0,0,24,20240323,明治安田J3第6節,大宮,宮崎,ＮＡＣＫ,20250323,明治安田J3第6節,鳥取,岐阜,Ａｘｉｓ,1,929727,892575
250,Ｊ２・Ｊ３百年構想,30000,鳥取,1637127,本保　奏希,HOMBO Kanaki,MF,27,群馬県,174,65,20031028,ホワイトスターＵ１２-ＪＦＡアカデミー福島Ｕ－１５-ＪＦＡアカデミー福島Ｕ－１８-早稲田大,0,0,0,,,,,,,,,,,1,1052783,
250,Ｊ２・Ｊ３百年構想,30000,鳥取,1640626,河村　匠,KAWAMURA Takumi,MF,14,千葉県,177,68,20000913,ＦＣｃｕｏｒｅ千葉-三井千葉ＳＣ-尚志高-大阪体育大-いわきＦＣ-東京ヴェルディ-ブラウブリッツ秋田-東京ヴェルディ-ガイナーレ鳥取-東京ヴェルディ,0,28,34,20230416,明治安田J2第10節,いわき,群馬,いわきＧ,20250608,明治安田J3第15節,鳥取,長野,Ａｘｉｓ,1,798287,798287
250,Ｊ２・Ｊ３百年構想,30000,鳥取,1644024,田制　裕作,TASEI Yusaku,MF,16,東京都,182,74,20031006,柏レイソルＵ－１２-柏レイソルＵ－１５-柏レイソルＵ－１８-東洋大,0,0,0,,,,,,,,,,,1,1052781,
250,Ｊ２・Ｊ３百年構想,30000,鳥取,1651273,金　世明,JIN Shiming,MF,28,中国,180,75,20060616,Ｕ１５天安サッカーセンター／大韓民国-ソウル永登浦高／大韓民国,0,0,0,,,,,,,,,,,1,,
250,Ｊ２・Ｊ３百年構想,30000,鳥取,1655800,香取　潤,KATORI Jun,MF,39,広島県,173,71,20030710,広島高陽ＦＣ-サンフレッチェ広島Ｊｒユース-サンフレッチェ広島ユース-広島大,0,0,0,,,,,,,,,,,1,,
250,Ｊ２・Ｊ３百年構想,30000,鳥取,1624678,三木　直土,MIKI Naoto,FW,10,三重県,168,65,20010508,ＦＣアヴェニーダソル-ジュビロ磐田Ｕ－１８-ジュビロ磐田-藤枝ＭＹＦＣ-ジュビロ磐田-福島ユナイテッドＦＣ-ジュビロ磐田,0,16,80,20200628,明治安田J2第2節,磐田,京都,サンガＳ,20201014,明治安田J2第26節,磐田,長崎,ヤマハ,1,929240,815517
250,Ｊ２・Ｊ３百年構想,30000,鳥取,1627749,吉田　伊吹,YOSHIDA Ibuki,FW,22,宮城県,180,77,19971101,仙台スポーツシューレＦＣ-ベガルタ仙台Ｊｒユース-ベガルタ仙台ユース-産業能率大-ＡＣ長野パルセイロ-ブラウブリッツ秋田,0,91,42,20200628,明治安田J3第1節,長野,富山,富山,20200816,明治安田J3第10節,長野,岩手,いわスタ,1,789883,789883
250,Ｊ２・Ｊ３百年構想,30000,鳥取,1641573,星　景虎,HOSHI Kagetora,FW,24,栃木県,175,68,20030704,ＦＣアラノ-ヴェルフェたかはら那須-矢板ＳＣ-矢板中央高-東海大,0,0,1,20250816,明治安田J3第23節,鳥取,高知,Ａｘｉｓ,,,,,,1,1052778,897956
250,Ｊ２・Ｊ３百年構想,30000,鳥取,1646370,長谷川　夢叶,HASEGAWA Yuto,FW,35,鳥取県,176,66,20070722,明道ＦＣ-鳥取セリオＦＣ-ガイナーレ鳥取Ｕ－１５-ガイナーレ鳥取Ｕ－１８,0,0,0,,,,,,,,,,,1,1052785,
250,Ｊ２・Ｊ３百年構想,30000,鳥取,1650794,ダッジィ　コジョ,DADZIE KOJO,FW,23,アメリカ合衆国,177,77,20011112,Ｃｒｏｓｓｆｉｒｅ　Ｐｒｅｍｉｅｒ／アメリカ合衆国-ブラウン大／アメリカ合衆国-Ｂａｌｌａｒｄ　ＦＣ／アメリカ合衆国-ペンシルベニア州立大／アメリカ合衆国,0,0,3,20250216,明治安田J3第1節,鳥取,沼津,愛鷹,,,,,,1,975108,895989
250,Ｊ２・Ｊ３百年構想,30000,鳥取,1651530,篠田　大輝,SHINODA Daiki,FW,9,埼玉県,173,72,20030814,レジスタＦＣ-浦和レッズＪｒユース-昌平高-日本体育大,0,0,0,,,,,,,,,,,1,1052786,
250,Ｊ２・Ｊ３百年構想,30000,鳥取,1655802,チャ　ウォンジュン,CHA Wonjun,FW,72,大韓民国,181,77,20060725,イチョンフットボールセンター／大韓民国-ピョンテクＳＫＫ／大韓民国-ソサンＦＣ／大韓民国-カトリック大学校／大韓民国,0,0,0,,,,,,,,,,,1,1052787,
250,Ｊ２・Ｊ３百年構想,30000,鳥取,1656195,山本　颯太,YAMAMOTO Sota,FW,19,埼玉県,181,75,20041204,サイタマＪｒ．ＦＣ-坂戸ディプロマッツＦＣ-前橋育英高-神奈川大在学中,0,0,0,,,,,,,,,,,1,1065400,
250,Ｊ２・Ｊ３百年構想,30851,山口,1500391,山ノ井　拓己,YAMANOI Takumi,GK,37,千葉県,185,80,19981025,長生マリンズＦＣ-ジェフユナイテッド千葉Ｕ－１５-静岡学園高-アビスパ福岡-ツエーゲン金沢,0,1,34,20201220,明治安田J2第42節,福岡,徳島,ベススタ,,,,,,1,254590,254590
250,Ｊ２・Ｊ３百年構想,30851,山口,1627549,糸原　紘史郎,ITOHARA Koshiro,GK,16,鳥取県,185,85,19980225,ＦＣカミノ-ＦＣカミノＪｒユース-サンフレッチェ広島ユース-びわこ成蹊スポーツ大-ガイナーレ鳥取-レノファ山口ＦＣ-湘南ベルマーレ,0,0,45,20211107,明治安田J3第26節,鳥取,藤枝,Ａｘｉｓ,,,,,,1,,
250,Ｊ２・Ｊ３百年構想,30851,山口,1635494,飯田　雅浩,IIDA Masahiro,GK,41,東京都,185,85,20001005,高三ＳＣ-杉並シーダーズ-東京ヴェルディジュニア-東京ヴェルディジュニアユース-青森山田中-青森山田高-国士舘大-東京ヴェルディ-ヴァンラーレ八戸-東京ヴェルディ-カマタマーレ讃岐-東京ヴェルディ,0,0,41,20240224,明治安田J3第1節,八戸,大宮,ＮＡＣＫ,,,,,,1,798308,798308
250,Ｊ２・Ｊ３百年構想,30851,山口,1635580,遠藤　雅己,ENDO Masaki,GK,99,東京都,188,84,20010301,ＦＣサラマンドラ明正-遠藤サッカーアカデミー-桐蔭学園高-明治大-横浜ＦＣ-水戸ホーリーホック-横浜ＦＣ-奈良クラブ-横浜ＦＣ,0,0,0,,,,,,,,,,,1,785805,785805
250,Ｊ２・Ｊ３百年構想,30851,山口,1640601,チェ　ヒョンチャン,CHOI Hyeongchan,GK,21,大韓民国,189,80,20010312,ＣＡＵ　Ｍｉｄｄｌｅ　Ｓｃｈｏｏｌ／大韓民国-ＳＯＬ　ＦＣ　Ｕ－１８／大韓民国-鮮文大／大韓民国,0,7,0,20230521,明治安田J2第17節,山口,東京Ｖ,みらスタ,,,,,,1,798069,798069
250,Ｊ２・Ｊ３百年構想,30851,山口,1101478,大岩　一貴,OIWA Kazuki,DF,3,愛知県,182,79,19890817,熱田少年ＳＣ-名古屋ＦＣ-中京大付属中京高-中央大-ジェフユナイテッド千葉-ベガルタ仙台-湘南ベルマーレ,237,132,0,20120311,J2第2節,千葉,京都,西京極,20120325,J2第5節,千葉,徳島,フクアリ,1,254561,254561
250,Ｊ２・Ｊ３百年構想,30851,山口,1200043,亀川　諒史,KAMEKAWA Masashi,DF,18,大阪府,177,72,19930528,箕面西小-グリーンフルミネンセＦＣ-帝京第三高-湘南ベルマーレ-アビスパ福岡-湘南ベルマーレ-アビスパ福岡-柏レイソル-Ｖ・ファーレン長崎-横浜ＦＣ-アビスパ福岡,98,231,0,20130302,J1第1節,湘南,横浜FM,日産ス,20130710,J1第15節,湘南,柏,ＢＭＷス,1,606627,606627
250,Ｊ２・Ｊ３百年構想,30851,山口,1624335,山本　龍平,YAMAMOTO Ryuhei,DF,77,三重県,172,64,20000716,川島サッカー少年団-ＴＳＶ１９７３四日市-四日市中央工高-松本山雅ＦＣ-モンテディオ山形-松本山雅ＦＣ-ＡＣ長野パルセイロ-松本山雅ＦＣ,0,8,114,20200725,明治安田J2第7節,松本,大宮,ＮＡＣＫ,20230416,明治安田J3第7節,松本,沼津,サンアル,1,929365,815749
250,Ｊ２・Ｊ３百年構想,30851,山口,1629505,喜岡　佳太,YOSHIOKA Keita,DF,5,東京都,183,78,19971005,烏山北ＦＣ-ＦＣトッカーノＵ－１５-市立船橋高-新潟医療福祉大-ＡＣ長野パルセイロ-モンテディオ山形-ブラウブリッツ秋田-モンテディオ山形,0,53,58,20200802,明治安田J3第8節,長野,Ｇ大23,長野Ｕ,20210530,明治安田J3第9節,長野,鹿児島,長野Ｕ,1,727401,727401
250,Ｊ２・Ｊ３百年構想,30851,山口,1630085,下堂　竜聖,SHIMODO Ryusei,DF,14,鹿児島県,185,80,19960417,樟南高-福岡大-高知ユナイテッドＳＣ-ヴァンラーレ八戸-カターレ富山,0,23,45,20220313,明治安田J3第1節,八戸,宮崎,ユニスタ,20220903,明治安田J3第23節,八戸,宮崎,プラスタ,1,926859,815892
250,Ｊ２・Ｊ３百年構想,30851,山口,1632366,板倉　洸,ITAKURA Takeru,DF,15,埼玉県,180,70,19980406,大宮流星サッカースポーツ少年団-横浜Ｆ・マリノスプライマリー-横浜Ｆ・マリノスＪｒユース-横浜Ｆ・マリノスユース-東洋大-ヴァンラーレ八戸-ＦＣ大阪,0,34,64,20210425,明治安田J3第6節,八戸,熊本,えがおＳ,20220615,明治安田J3第8節,八戸,相模原,プラスタ,1,815218,892571
250,Ｊ２・Ｊ３百年構想,30851,山口,1646804,峰田　祐哉,MINEDA Yuya,DF,49,神奈川県,185,76,20021201,湘南ルベントＳＣ-ＳＣＨ　ＦＣ-東海大相模高-大阪体育大,0,9,0,20250223,明治安田J2第2節,山口,長崎,みらスタ,,,,,,1,1000666,896181
250,Ｊ２・Ｊ３百年構想,30851,山口,1651269,田所　莉旺,TADOKORO Rio,DF,38,東京都,187,74,20060408,ＦＣ北砂-ＪｕｎｓＳＣＵ－１２-川崎フロンターレＵ－１２-川崎フロンターレＵ－１５-川崎フロンターレＵ－１８-帝京高-Ｖ・ファーレン長崎,0,0,0,,,,,,,,,,,1,1066160,896178
250,Ｊ２・Ｊ３百年構想,30851,山口,1400084,野村　直輝,NOMURA Naoki,MF,88,山口県,168,65,19910417,セイザンＦＣ-セイザンＦＣ　Ｕ－１５-下関中央工高-日本経済大-横浜ＦＣ-徳島ヴォルティス-大分トリニータ,33,299,0,20140302,J2第1節,横浜FC,愛媛,ニッパ球,20140429,J2第10節,横浜FC,讃岐,丸亀,1,790101,790101
250,Ｊ２・Ｊ３百年構想,30851,山口,1400649,小林　成豪,KOBAYASHI Seigo,MF,28,兵庫県,176,67,19940108,若草ＳＣ-ヴィッセル神戸Ｊｒユース-ヴィッセル神戸Ｕ－１８-関西学院大-ヴィッセル神戸-モンテディオ山形-ヴィッセル神戸-大分トリニータ,67,116,0,20160227,明治安田J1 1st第1節,神戸,甲府,ノエスタ,20160529,明治安田J1 1st第14節,神戸,大宮,ＮＡＣＫ,1,26922,26922
250,Ｊ２・Ｊ３百年構想,30851,山口,1500465,中島　賢星,NAKASHIMA Kensei,MF,4,福岡県,180,73,19960923,横須賀シーガルスジュニア-横浜Ｆ・マリノスプライマリー追浜-バディＦＣジュニア-アビスパ福岡Ｕ－１５-東福岡高-横浜Ｆ・マリノス-ＦＣ岐阜-横浜Ｆ・マリノス-ＦＣ岐阜-ＳＣ相模原-奈良クラブ,0,60,193,20150412,明治安田J3第5節,J-22,盛岡,盛岡南,20150712,明治安田J3第20節,J-22,相模原,ギオンス,1,929030,815374
250,Ｊ２・Ｊ３百年構想,30851,山口,1607362,池上　丈二,IKEGAMI Joji,MF,10,熊本県,165,60,19941106,バレイアＳＣ　Ｕ－１２-バレイアＳＣ　Ｕ－１５-青森山田高-大阪体育大,0,227,0,20170226,明治安田J2第1節,山口,岐阜,長良川,20170924,明治安田J2第34節,山口,松本,松本,1,727146,727146
250,Ｊ２・Ｊ３百年構想,30851,山口,1618072,輪笠　祐士,WAKASA Yuji,MF,6,東京都,170,69,19960209,ＦＣ東京Ｕ－１５むさし-ＦＣ東京Ｕ－１８-日本体育大-福島ユナイテッドＦＣ-ブラウブリッツ秋田-ファジアーノ岡山-レノファ山口ＦＣ-ファジアーノ岡山,1,134,88,20180311,明治安田J3第1節,福島,群馬,とうスタ,20181103,明治安田J3第30節,福島,藤枝,藤枝サ,1,727121,727121
250,Ｊ２・Ｊ３百年構想,30851,山口,1618081,三沢　直人,MISAWA Naoto,MF,7,埼玉県,180,74,19950707,千代田ＦＣ-カムイＪｒユース-西武台高-専修大-Ｙ．Ｓ．Ｃ．Ｃ．横浜-ガイナーレ鳥取-京都サンガF.C.-ヴァンフォーレ甲府,8,80,86,20180309,明治安田J3第1節,YS横浜,相模原,ニッパツ,20180316,明治安田J3第2節,YS横浜,Ｆ東23,ニッパツ,1,320493,320493
250,Ｊ２・Ｊ３百年構想,30851,山口,1622191,成岡　輝瑠,NARUOKA Hikaru,MF,40,静岡県,170,60,20020728,ＳＥＮＡ．ＦＣ-清水エスパルスＪｒユース-清水エスパルスユース-清水エスパルス-ＳＣ相模原-清水エスパルス-レノファ山口ＦＣ-清水エスパルス-レノファ山口ＦＣ-清水エスパルス,9,66,0,20200912,明治安田J1第16節,清水,鹿島,アイスタ,20220903,明治安田J2第34節,山口,横浜FC,みらスタ,1,798068,798068
250,Ｊ２・Ｊ３百年構想,30851,山口,1624329,西堂　久俊,NISHIDO Hisatoshi,MF,36,千葉県,180,76,20010327,三井千葉ＳＣ-三井千葉ＳＣＪｒユース-市立船橋高-早稲田大-ＦＣ東京-ジェフユナイテッド千葉-ＦＣ東京-鹿児島ユナイテッドＦＣ-ＦＣ東京-ＦＣ岐阜-ＦＣ東京,0,21,3,20231022,明治安田J2第39節,千葉,東京Ｖ,味スタ,20240316,明治安田J2第4節,鹿児島,千葉,白波スタ,1,798062,798062
250,Ｊ２・Ｊ３百年構想,30851,山口,1627191,沼田　航征,NUMATA Kosei,MF,24,東京都,177,69,20020112,小平ＦＣウィングス-ＦＣ東京Ｕ－１５むさし-ＦＣ東京Ｕ－１８-新潟医療福祉大-アスルクラロ沼津,0,0,58,20190608,明治安田J3第11節,Ｆ東23,長野,味フィ西,20240727,明治安田J3第23節,沼津,奈良,ロートＦ,1,929086,815637
250,Ｊ２・Ｊ３百年構想,30851,山口,1636495,奥山　洋平,OKUYAMA Yohei,MF,22,岡山県,173,66,19991028,操南中-西大寺高-阪南大-いわてグルージャ盛岡-ＦＣ町田ゼルビア-レノファ山口ＦＣ-ＦＣ町田ゼルビア,0,61,0,20220227,明治安田J2第2節,岩手,町田,Ｇスタ,20220615,明治安田J2第16節,岩手,山形,いわスタ,1,848606,892572
250,Ｊ２・Ｊ３百年構想,30851,山口,1636958,藤森　颯太,FUJIMORI Sota,MF,25,青森県,170,72,20030717,むつＦＣ-青森山田中-青森山田高-明治大,0,0,0,,,,,,,,,,,1,1049808,
250,Ｊ２・Ｊ３百年構想,30851,山口,1641540,田邉　光平,TANABE Kohei,MF,17,三重県,168,64,20011009,桑名ＪＦＣサッカースポーツ少年団-名古屋グランパスＵ－１２-名古屋グランパスＵ－１５-名古屋グランパスＵ－１８-中央大,0,62,0,20240224,明治安田J2第1節,山口,横浜FC,ニッパツ,,,,,,1,813822,815332
250,Ｊ２・Ｊ３百年構想,30851,山口,1643203,水口　飛呂,MIZUGUCHI Hiro,MF,27,北海道,175,68,20020114,Ｓ．ＫＳＣ-北海道コンサドーレ札幌Ｕ－１２-北海道コンサドーレ札幌Ｕ－１５-履正社高-ＩＰＵ環太平洋大-レノファ山口ＦＣ-アトレチコ鈴鹿クラブ-レノファ山口ＦＣ-アトレチコ鈴鹿クラブ,0,4,0,20230729,明治安田J2第28節,山口,千葉,フクアリ,,,,,,1,798105,
250,Ｊ２・Ｊ３百年構想,30851,山口,1648837,小澤　亮太,OZAWA Ryota,MF,2,埼玉県,173,68,20021220,川越ヤンガースサッカー少年団-１ＦＣ川越水上公園-１ＦＣ川越水上公園Ｕ－１５-昌平高-日本体育大,0,20,0,20250413,明治安田J2第9節,山口,富山,富山,20251129,明治安田J2第38節,山口,大宮,みらスタ,1,1001171,896183
250,Ｊ２・Ｊ３百年構想,30851,山口,1650546,木村　有磨,KIMURA Yuma,MF,81,京都府,173,65,20070205,鷹峯ＦＣ-京都葵ＦＣ-ＮＪＣＣ．ＳＳＳ-高槻ＦＣＪｒユース-履正社高,0,0,0,,,,,,,,,,,1,,
250,Ｊ２・Ｊ３百年構想,30851,山口,800625,宮吉　拓実,MIYAYOSHI Takumi,FW,13,滋賀県,173,68,19920807,ラーゴＦＣ-京都サンガF.C.Ｕ－１５-京都サンガF.C.Ｕ－１８-京都サンガF.C.-カターレ富山-京都サンガF.C.-サンフレッチェ広島-北海道コンサドーレ札幌-京都サンガF.C.,74,226,0,20080921,J1第25節,京都,Ｇ大阪,西京極,20100403,J1第5節,京都,Ｃ大阪,長居,1,255020,255020
250,Ｊ２・Ｊ３百年構想,30851,山口,1300038,藤岡　浩介,FUJIOKA Kosuke,FW,11,山口県,174,68,19940813,ＦＣ木屋川-日章学園中-日章学園高-ファジアーノ岡山-ファジアーノ岡山ネクスト-ファジアーノ岡山-ファジアーノ岡山ネクスト-ファジアーノ岡山-ファジアーノ岡山ネクスト-ファジアーノ岡山-ファジアーノ岡山ネクスト-ファジアーノ岡山-ファジアーノ岡山ネクスト-ファジアーノ岡山-ファジアーノ岡山ネクスト-ファジアーノ岡山-テゲバジャーロ宮崎-ＦＣ岐阜-ＦＣ今治,0,20,134,20210314,明治安田J3第1節,宮崎,岩手,ユニスタ,20210328,明治安田J3第3節,宮崎,富山,ユニスタ,1,929185,815492
250,Ｊ２・Ｊ３百年構想,30851,山口,1607221,古川　大悟,FURUKAWA Daigo,FW,34,千葉県,180,74,19990915,ＦＣ茂原-長生ＦＣ-ジェフユナイテッド千葉Ｕ－１５-ジェフユナイテッド千葉Ｕ－１８-ジェフユナイテッド千葉-ヴィアティン三重-ジェフユナイテッド千葉-いわきＦＣ-ＦＣ大阪-いわきＦＣ-ＦＣ大阪,0,35,92,20170701,明治安田J2第21節,千葉,大分,フクアリ,20220410,明治安田J3第5節,いわき,長野,長野Ｕ,1,929417,815804
250,Ｊ２・Ｊ３百年構想,30851,山口,1632224,山本　駿亮,YAMAMOTO Shunsuke,FW,19,山口県,183,80,19990324,椿東ＡＳＣ-高川学園中-高川学園高-徳山大-鹿児島ユナイテッドＦＣ-レノファ山口ＦＣ-奈良クラブ,0,54,81,20210425,明治安田J3第6節,鹿児島,宮崎,白波スタ,20210925,明治安田J3第20節,鹿児島,岐阜,白波スタ,1,813823,815334
250,Ｊ２・Ｊ３百年構想,30851,山口,1638524,末永　透瑛,SUENAGA Toa,FW,20,山口県,175,68,20051013,レノファ山口ＦＣＵ－１２-レノファ山口ＦＣＵ－１５-レノファ山口ＦＣＵ－１８,0,41,0,20240317,明治安田J2第4節,山口,長崎,みらスタ,20240519,明治安田J2第16節,山口,藤枝,みらスタ,1,814390,892573
250,Ｊ２・Ｊ３百年構想,30851,山口,1639187,野寄　和哉,NOYORI Kazuya,FW,8,福岡県,163,59,20000626,須恵アザレアＦＣ-ＣＡグランロッサ-東福岡高-大阪体育大,0,92,0,20230218,明治安田J2第1節,山口,大宮,みらスタ,20230618,明治安田J2第21節,山口,仙台,みらスタ,1,727155,727155
250,Ｊ２・Ｊ３百年構想,30851,山口,1652780,アレフ　フィルミーノ,ALEF FIRMINO,FW,98,ブラジル,186,81,19980316,ユニオン　ドゥアラ／カメルーン-ＮＫナシュク／クロアチア-ＮＫドゥブラヴァ　ザグレブ／クロアチア-ＫＦラピ／コソボ共和国-ホイニツァンカ　ホイニツェ／ポーランド-ＮＫドゥブラヴァ　ザグレブ／クロアチア,0,4,0,20250802,明治安田J2第24節,山口,藤枝,藤枝サ,20250816,明治安田J2第26節,山口,仙台,みらスタ,1,65044,65044
250,Ｊ２・Ｊ３百年構想,30536,讃岐,1632414,松原　快晟,MATSUBARA Kaisei,GK,32,,,,,,0,0,0,,,,,,,,,,,0,929338,815665
250,Ｊ２・Ｊ３百年構想,30536,讃岐,1636376,今村　勇介,IMAMURA Yusuke,GK,1,福岡県,188,87,19990523,クルゼイロ大野城-平野中-東海第五高-日本体育大,0,0,65,20230503,明治安田J3第9節,讃岐,福島,とうスタ,,,,,,1,929345,815672
250,Ｊ２・Ｊ３百年構想,30536,讃岐,1646405,高橋　クリス,TAKAHASHI Chris,GK,23,埼玉県,182,79,20020111,新座ストロングＳＣ-Ａ．Ｎ．Ｆｏｒｔｅ　ＦＣ-西武台高-山梨学院大-東京２３ＦＣ-Ｙ．Ｓ．Ｃ．Ｃ．横浜,0,0,2,20240407,明治安田J3第8節,YS横浜,讃岐,ピカスタ,,,,,,1,929182,
250,Ｊ２・Ｊ３百年構想,30536,讃岐,1652843,李　眞雨,LEE Jinwoo,GK,18,大韓民国,190,84,20030314,全南ドラゴンズＵ－１８／大韓民国-大邱芸術大／大韓民国-ヴェロスクロノス都農-ＦＣ大阪,0,0,0,,,,,,,,,,,1,,
250,Ｊ２・Ｊ３百年構想,30536,讃岐,1200349,井林　章,IBAYASHI Akira,DF,3,広島県,177,72,19900905,コスモ東広島Ｆ．Ｃ-サンフレッチェびんごＪｒユースＦ．Ｃ-広島皆実高-関西学院大-東京ヴェルディ-サンフレッチェ広島-清水エスパルス-鹿児島ユナイテッドＦＣ,39,270,17,20130506,J2第13節,東京Ｖ,群馬,正田スタ,20130720,J2第25節,東京Ｖ,横浜FC,ニッパ球,1,26964,26964
250,Ｊ２・Ｊ３百年構想,30536,讃岐,1624850,林田　魁斗,HAYASHIDA Kaito,DF,44,兵庫県,183,77,20010829,猪名川ＦＣ-セレッソ大阪西Ｕ－１５-セレッソ大阪Ｕ－１８-筑波大-ＦＣ大阪-カマタマーレ讃岐-ＦＣ大阪,0,0,54,20190310,明治安田J3第1節,Ｃ大23,沼津,ヤンマー,,,,,,1,929420,815807
250,Ｊ２・Ｊ３百年構想,30536,讃岐,1632991,岡　英輝,OKA Hideki,DF,30,福岡県,185,80,20030526,大木ＦＣ-ＰＬＥＡＳＵＲＥ　ＳＣ-サガン鳥栖Ｕ－１５-サガン鳥栖Ｕ－１８-国士舘大,0,0,0,,,,,,,,,,,1,1052756,
250,Ｊ２・Ｊ３百年構想,30536,讃岐,1635317,田尾　佳祐,TAO Keisuke,DF,29,香川県,180,70,20031118,新小ＦＣ-牟礼ＦＣ-カマタマーレ讃岐Ｕ－１５-カマタマーレ讃岐Ｕ－１８,0,0,23,20220612,明治安田J3第12節,讃岐,いわき,ピカスタ,,,,,,1,929347,815674
250,Ｊ２・Ｊ３百年構想,30536,讃岐,1635455,高嶋　修也,TAKASHIMA Shuya,DF,40,茨城県,182,77,20000424,那珂ＦＣ-鹿島アントラーズノルテＪｒユース-明秀学園日立高-法政大-栃木ＳＣ,0,13,9,20230618,明治安田J2第21節,栃木,町田,カンセキ,,,,,,1,798058,798058
250,Ｊ２・Ｊ３百年構想,30536,讃岐,1645977,左合　修土,SAGOU Shuto,DF,35,愛知県,171,69,20020206,木曽川ＦＣ-名古屋グランパスＵ－１２-岐阜ＶＡＭＯＳ-矢板中央高-日本体育大,0,0,32,20240302,明治安田J3第2節,讃岐,富山,ピカスタ,,,,,,1,929353,815680
250,Ｊ２・Ｊ３百年構想,30536,讃岐,1655865,イ　ギサン,LEE Gi San,DF,20,大韓民国,187,80,20031208,チュンナムアサンＵ－１５／大韓民国-チュンナムアサンＵ－１８／大韓民国-ハンマウムフットボールセンターＵ１８／大韓民国-建国大／大韓民国,0,0,0,,,,,,,,,,,1,1052762,
250,Ｊ２・Ｊ３百年構想,30536,讃岐,1655867,原野　楼惟,HARANO Rui,DF,39,京都府,168,62,20070506,南つつじＳＳＣ-Ｖｅｒｖｅｎｔｏ京都ＦＣ-カマタマーレ讃岐Ｕ－１８,0,0,0,,,,,,,,,,,1,1052757,
250,Ｊ２・Ｊ３百年構想,30536,讃岐,1655869,辻岡　招真,TSUJIOKA Shoma,DF,4,香川県,176,70,20040305,ＭＦＣ高松Ｊｒ．ユース-尽誠学園高-高松大,0,0,0,,,,,,,,,,,1,,
250,Ｊ２・Ｊ３百年構想,30536,讃岐,1100175,川西　翔太,KAWANISHI Shota,MF,10,奈良県,177,73,19881028,奈良ＦＣジュニア-奈良ＦＣ-青森山田高-大阪体育大-ガンバ大阪-モンテディオ山形-ガンバ大阪-モンテディオ山形-大分トリニータ-ＦＣ岐阜-大分トリニータ-ＦＣ岐阜-大分トリニータ-ＦＣ岐阜-カターレ富山-カマタマーレ讃岐-カターレ富山,33,160,167,20110424,J1第7節,Ｇ大阪,広島,広島ビ,20110424,J1第7節,Ｇ大阪,広島,広島ビ,1,929327,815654
250,Ｊ２・Ｊ３百年構想,30536,讃岐,1400058,森　勇人,MORI Yuto,MF,8,愛知県,174,68,19950421,名古屋グランパスＵ－１２-名古屋グランパスＵ－１５-名古屋グランパスＵ－１８-名古屋グランパス-ガンバ大阪-水戸ホーリーホック,1,85,132,20140309,J3第1節,J-22,琉球,沖縄県陸,20170430,明治安田J3第6節,Ｇ大23,福島,とうスタ,1,929329,815656
250,Ｊ２・Ｊ３百年構想,30536,讃岐,1400111,江口　直生,EGUCHI Nao,MF,7,大阪府,170,69,19920322,高田ＦＣ-大阪桐蔭高-大阪産業大-愛媛ＦＣ-ブラウブリッツ秋田,0,51,144,20140906,J2第30節,愛媛,栃木,栃木グ,20181111,明治安田J3第31節,秋田,北九州,ミクスタ,1,929330,815657
250,Ｊ２・Ｊ３百年構想,30536,讃岐,1401442,前川　大河,MAEKAWA Taiga,MF,13,大阪府,171,66,19960613,摂津ベアーズ-高槻ｍｙｄ-セレッソ大阪Ｕ－１８-セレッソ大阪-徳島ヴォルティス-セレッソ大阪-徳島ヴォルティス-セレッソ大阪-徳島ヴォルティス-セレッソ大阪-アビスパ福岡-セレッソ大阪-モンテディオ山形-セレッソ大阪-ギラヴァンツ北九州,0,183,118,20150708,明治安田J2第22節,Ｃ大阪,横浜FC,ニッパツ,20170422,明治安田J2第9節,徳島,町田,町田,1,929332,815659
250,Ｊ２・Ｊ３百年構想,30536,讃岐,1500509,森川　裕基,MORIKAWA Yuki,MF,60,京都府,176,68,19930107,南太秦サッカースポーツ少年団-京都紫光クラブ-洛北高-立命館大-カマタマーレ讃岐-ＡＣ長野パルセイロ-カマタマーレ讃岐-ＡＣ長野パルセイロ,0,47,171,20150429,明治安田J2第10節,讃岐,群馬,正田スタ,20171105,明治安田J2第40節,讃岐,松本,ピカスタ,1,929333,815660
250,Ｊ２・Ｊ３百年構想,30536,讃岐,1500572,岩本　和希,IWAMOTO Kazuki,MF,15,大阪府,176,67,19970407,大豆戸ＦＣ-ガンバ大阪Ｊｒユース-ガンバ大阪ユース-関西学院大,0,0,127,20200628,明治安田J3第1節,讃岐,Ｇ大23,ピカスタ,20210501,明治安田J3第7節,讃岐,沼津,ピカスタ,1,929331,815658
250,Ｊ２・Ｊ３百年構想,30536,讃岐,1604116,禹　相皓,WOO Sang Ho,MF,66,北海道,174,77,19921207,ＳＳＳ札幌サッカースクール-札幌ＳＳＳＪｒユース-横浜Ｆ・マリノスユース-柏レイソルＵ－１８-明海大-ＯＦＫペトロバツ／モンテネグロ-大邱ＦＣ／大韓民国-ＦＣ岐阜-愛媛ＦＣ-ＦＣ岐阜-愛媛ＦＣ-栃木ＳＣ-サイゴンＦＣ／ベトナム-ＦＣ大阪,0,43,78,20180519,明治安田J2第15節,岐阜,大宮,ＮＡＣＫ,20230709,明治安田J3第17節,FC大阪,相模原,花園,1,929413,815800
250,Ｊ２・Ｊ３百年構想,30536,讃岐,1607147,有田　朱里,ARITA Shuri,MF,16,埼玉県,164,65,19990529,１ＦＣ川越水上公園Ｕ－１５-市立船橋高-新潟医療福祉大-福山シティＦＣ-沖縄ＳＶ,0,0,0,,,,,,,,,,,1,1052764,
250,Ｊ２・Ｊ３百年構想,30536,讃岐,1618083,柳　雄太郎,YANAGI Yutaro,MF,27,新潟県,174,70,19950918,希望ヶ丘ＳＣスポーツ少年団-長岡ビルボードＦＣ-帝京長岡高-明海大-Ｙ．Ｓ．Ｃ．Ｃ．横浜,0,0,165,20180415,明治安田J3第7節,YS横浜,鳥取,とりスタ,20190428,明治安田J3第7節,YS横浜,Ｆ東23,ニッパツ,1,929163,815599
250,Ｊ２・Ｊ３百年構想,30536,讃岐,1624409,國分　将,KOKUBUN Masashi,MF,5,北海道,174,73,19950514,北海道コンサドーレ札幌Ｕ－１５-北海道コンサドーレ札幌Ｕ－１８-近畿大-ヴァンラーレ八戸-ブラウブリッツ秋田-ヴァンラーレ八戸,0,5,175,20190310,明治安田J3第1節,八戸,Ｇ大23,パナスタ,20191117,明治安田J3第31節,八戸,富山,ダイスタ,1,929060,815406
250,Ｊ２・Ｊ３百年構想,30536,讃岐,1629451,河上　将平,KAWAKAMI Shohei,MF,33,山口県,170,66,19971026,レオーネ山口Ｕ－１２-レオーネ山口Ｕ－１５-東海大翔洋高-専修大-藤枝ＭＹＦＣ,0,26,66,20210515,明治安田J3第8節,藤枝,鹿児島,白波スタ,20210904,明治安田J3第17節,藤枝,讃岐,藤枝サ,1,798311,798311
250,Ｊ２・Ｊ３百年構想,30536,讃岐,1635505,牧山　晃政,MAKIYAMA Kosei,MF,17,佐賀県,172,67,20001210,ＳＯＬＮＩＮＯ．ＦＣ-サガン鳥栖Ｕ－１５唐津-東福岡高-国士舘大-ＳＣ相模原,0,0,67,20230304,明治安田J3第1節,相模原,鳥取,ギオンス,20240519,明治安田J3第14節,相模原,鳥取,Ａｘｉｓ,1,929275,815466
250,Ｊ２・Ｊ３百年構想,30536,讃岐,1647386,淺田　彗潤,ASADA Hauru,MF,86,香川県,172,67,20040212,国分寺ＳＳＳ-カマタマーレ讃岐Ｕ－１５-カマタマーレ讃岐Ｕ－１８-関西大,0,0,0,,,,,,,,,,,1,1052761,
250,Ｊ２・Ｊ３百年構想,30536,讃岐,1650523,石倉　潤征,ISHIKURA Junsei,MF,14,群馬県,178,74,20030303,ＶＩＥＮＴＯ．ＳＣ-ｔｏｎａｎ群馬Ｕ－１５-前橋商高-城西大,0,0,4,20250223,明治安田J3第2節,讃岐,奈良,ピカスタ,,,,,,1,999954,896019
250,Ｊ２・Ｊ３百年構想,30536,讃岐,1655866,宮﨑　慎,MIYAZAKI Shin,MF,6,佐賀県,176,70,20030830,ＦＣソレイユ２００８-ＪＦＡアカデミー熊本宇城-ＪＦＡアカデミー福島-立教大,0,0,0,,,,,,,,,,,1,1052763,
250,Ｊ２・Ｊ３百年構想,30536,讃岐,1200049,後藤　優介,GOTO Yusuke,FW,90,鹿児島県,171,70,19930423,鹿屋東中-大分トリニータＵ－１８-大分トリニータ-ＨＯＹＯ　ＡＣ　ＥＬＡＮ　大分-大分トリニータ-清水エスパルス-モンテディオ山形,84,172,50,20120408,J2第7節,大分,甲府,中銀スタ,20140322,J2第4節,大分,熊本,うまスタ,1,254491,254491
250,Ｊ２・Ｊ３百年構想,30536,讃岐,1607205,大野　耀平,ONO Yohei,FW,22,東京都,184,79,19941206,高島平ＳＣ-浦和レッズＪｒユース-帝京高-常葉大-京都サンガF.C.-カターレ富山-京都サンガF.C.-カターレ富山,0,34,140,20170312,明治安田J2第3節,京都,福岡,レベスタ,20171108,明治安田J2第33節,京都,愛媛,ニンスタ,1,929335,815662
250,Ｊ２・Ｊ３百年構想,30536,讃岐,1635015,村上　悠緋,MURAKAMI Yuhi,FW,77,北海道,178,75,20001219,函館桔梗サッカー少年団-フロンティアトルナーレＦＣ　Ｕ－１２-フロンティアトルナーレＳＣ-北海道大谷室蘭高-関東学院大-横浜Ｆ・マリノス-徳島ヴォルティス-横浜Ｆ・マリノス-愛媛ＦＣ-横浜Ｆ・マリノス,5,34,0,20230915,明治安田J1第27節,横浜FM,鳥栖,ニッパツ,20250503,明治安田J2第13節,愛媛,長崎,ピースタ,1,623924,623924
250,Ｊ２・Ｊ３百年構想,30536,讃岐,1640672,上野　輝人,UENO Akito,FW,24,兵庫県,175,72,20000914,西宮少年ＳＣ-西宮ＳＳ-ヴィッセル神戸伊丹Ｕ－１５-尼崎高-大阪経済大-ＦＣ岐阜,0,0,42,20230305,明治安田J3第1節,岐阜,北九州,ミクスタ,20250816,明治安田J3第23節,讃岐,岐阜,ピカスタ,1,929200,815507
250,Ｊ２・Ｊ３百年構想,30536,讃岐,1655868,佐野　竜眞,SANO Ryoma,FW,11,兵庫県,170,66,20040216,兵庫ＦＣ-瀬戸内高-大阪体育大,0,0,0,,,,,,,,,,,1,1052760,
250,Ｊ２・Ｊ３百年構想,30116,徳島,700735,長谷川　徹,HASEGAWA Toru,GK,31,愛知県,187,75,19881211,名古屋グランパスエイトＪｒユース-名古屋グランパスエイトＵ－１８-名古屋グランパス-徳島ヴォルティス-名古屋グランパス,32,113,0,20091025,J1第30節,名古屋,磐田,豊田ス,,,,,,1,798053,798053
250,Ｊ２・Ｊ３百年構想,30116,徳島,1502857,永石　拓海,NAGAISHI Takumi,GK,1,山口県,191,86,19960216,高川学園高-福岡大-セレッソ大阪-レノファ山口ＦＣ-セレッソ大阪-アビスパ福岡-セレッソ大阪-アビスパ福岡,39,0,16,20180321,明治安田J3第3節,Ｃ大23,富山,富山,,,,,,1,254536,254536
250,Ｊ２・Ｊ３百年構想,30116,徳島,1601777,青木　心,AOKI Kokoro,GK,21,神奈川県,187,82,20000609,横浜港北ＳＣ-ＪＦＡアカデミー福島Ｕ－１５-ＪＦＡアカデミー福島Ｕ－１８-順天堂大-テゲバジャーロ宮崎,0,0,60,20230617,明治安田J3第14節,宮崎,今治,ユニスタ,,,,,,1,929281,815713
250,Ｊ２・Ｊ３百年構想,30116,徳島,1624676,三井　大輝,MITSUI Daiki,GK,29,愛知県,188,85,20010527,日進ＳＳＳ-名古屋グランパスＵ－１２-名古屋グランパスＵ－１５-名古屋グランパスＵ－１８-名古屋グランパス-アスルクラロ沼津-名古屋グランパス-徳島ヴォルティス-名古屋グランパス,0,0,0,,,,,,,,,,,1,26912,26912
250,Ｊ２・Ｊ３百年構想,30116,徳島,1503690,柳澤　亘,YANAGISAWA Ko,DF,22,千葉県,180,72,19960628,柏レイソルＵ－１２-鹿島アントラーズつくばＪｒユース-八千代松蔭高-順天堂大-ＦＣ岐阜-水戸ホーリーホック-ガンバ大阪,31,70,33,20190224,明治安田J2第1節,岐阜,山形,長良川,20241006,明治安田J2第34節,徳島,熊本,えがおＳ,1,254557,254557
250,Ｊ２・Ｊ３百年構想,30116,徳島,1600155,山越　康平,YAMAKOSHI Kohei,DF,15,栃木県,183,78,19930504,ＫＴ・ユニオンサッカースポーツ少年団-栃木ＳＣＪｒユース-矢板中央高-明治大-大宮アルディージャ-東京ヴェルディ-ジェフユナイテッド千葉-東京ヴェルディ,41,161,0,20160410,明治安田J1 1st第6節,大宮,名古屋,豊田ス,20170514,明治安田J1第11節,大宮,仙台,ＮＡＣＫ,1,798255,798255
250,Ｊ２・Ｊ３百年構想,30116,徳島,1618148,山口　竜弥,YAMAGUCHI Tatsuya,DF,44,神奈川県,171,71,20000209,大曽根ＳＣ-大豆戸ＦＣ-東海大相模高-ガンバ大阪-東京ヴェルディ-愛媛ＦＣ,0,45,124,20180317,明治安田J3第2節,Ｇ大23,鹿児島,鴨池,20200816,明治安田J3第10節,Ｇ大23,YS横浜,ニッパツ,1,813942,815879
250,Ｊ２・Ｊ３百年構想,30116,徳島,1622200,山田　奈央,YAMADA Nao,DF,3,埼玉県,183,72,20021118,鶴ヶ島西サッカースポーツ少年団-坂戸ディプロマッツ-浦和レッズユース-水戸ホーリーホック,0,111,0,20210809,明治安田J2第24節,水戸,東京Ｖ,Ｋｓスタ,20241110,明治安田J2第38節,水戸,甲府,ＪＩＴス,1,727181,727181
250,Ｊ２・Ｊ３百年構想,30116,徳島,1624508,高木　友也,TAKAGI Yuya,DF,42,神奈川県,175,70,19980523,バディーＳＣ-バディーＪｒユース-法政大第二高-法政大-横浜ＦＣ-ザスパクサツ群馬-横浜ＦＣ-ファジアーノ岡山,29,99,0,20210227,明治安田J1第1節,横浜FC,札幌,札幌ド,20211016,明治安田J1第32節,横浜FC,徳島,ニッパツ,1,727128,727128
250,Ｊ２・Ｊ３百年構想,30116,徳島,1635448,モヨ　マルコム強志,MOYO Malcolmtsuyoshi,DF,97,大阪府,181,80,20010603,アンテロープ塩尻ジュニア-ガンバ大阪Ｊｒユース-東福岡高-法政大-Ｖ・ファーレン長崎-藤枝ＭＹＦＣ-Ｖ・ファーレン長崎-ポルティモネンセＳＣ／ポルトガル-Ｖ・ファーレン長崎,0,30,0,20240324,明治安田J2第6節,長崎,甲府,トラスタ,,,,,,1,815542,904423
250,Ｊ２・Ｊ３百年構想,30116,徳島,1637076,松田　佳大,MATSUDA Keita,DF,20,大阪府,190,85,20000517,ＥＸＥ９０ＦＣ　Ｊｒ-セレッソ大阪Ｕ－１５-京都橘高-東洋大-水戸ホーリーホック-ＦＣ大阪-水戸ホーリーホック-京都サンガF.C.-レノファ山口ＦＣ-京都サンガF.C.,6,56,8,20230326,明治安田J3第4節,FC大阪,愛媛,ニンスタ,20230705,明治安田J2第24節,水戸,徳島,Ｋｓスタ,1,789857,789857
250,Ｊ２・Ｊ３百年構想,30116,徳島,1637301,カイケ,KAIQUE,DF,4,ブラジル,190,86,20010530,パルメイラスＵ－１７／ブラジル-パルメイラスＵ－２０／ブラジル-イブラチナＦＣ　Ｕ－２０／ブラジル-パルメイラスＵ－２０／ブラジル-Ｖ・ファーレン長崎-大宮アルディージャ-Ｖ・ファーレン長崎-徳島ヴォルティス-Ｖ・ファーレン長崎-徳島ヴォルティス-Ｖ・ファーレン長崎,0,74,0,20220605,明治安田J2第20節,長崎,栃木,カンセキ,20250615,明治安田J2第19節,徳島,千葉,鳴門大塚,1,798078,798078
250,Ｊ２・Ｊ３百年構想,30116,徳島,1640628,西坂　斗和,NISHISAKA Towa,DF,28,大阪府,177,63,20040624,山田くらぶ-ＳＴＦＣ．Ｐａｒｔｉｄａ-履正社高-徳島ヴォルティス-ラインメール青森ＦＣ-徳島ヴォルティス-ラインメール青森ＦＣ,0,0,0,,,,,,,,,,,1,,
250,Ｊ２・Ｊ３百年構想,30116,徳島,1641548,青木　駿人,AOKI Hayato,DF,5,神奈川県,183,79,20010406,横浜Ｆ・マリノスプライマリー-東急ＳレイエスＦＣ-日本大藤沢高-日本大,0,59,0,20230927,明治安田J2第38節,徳島,熊本,鳴門大塚,,,,,,1,798093,798093
250,Ｊ２・Ｊ３百年構想,30116,徳島,1100206,岩尾　憲,IWAO Ken,MF,8,群馬県,175,65,19880418,多々良ＦＣ-図南ＳＣ-多々良中-西邑楽高-日本体育大-湘南ベルマーレ-水戸ホーリーホック-湘南ベルマーレ-徳島ヴォルティス-浦和レッズ-徳島ヴォルティス-浦和レッズ,118,289,0,20110504,J2第10節,湘南,水戸,Ｋｓスタ,20151123,明治安田J2第42節,水戸,京都,西京極,1,151026,151026
250,Ｊ２・Ｊ３百年構想,30116,徳島,1400037,杉本　太郎,SUGIMOTO Taro,MF,10,岐阜県,162,62,19960212,岐阜ＶＡＭＯＳ-帝京大可児高-鹿島アントラーズ-徳島ヴォルティス-鹿島アントラーズ-徳島ヴォルティス-鹿島アントラーズ-松本山雅ＦＣ-アビスパ福岡,75,211,6,20140309,J3第1節,J-22,琉球,沖縄県陸,20160717,明治安田J1 2nd第4節,鹿島,甲府,中銀スタ,1,254585,254585
250,Ｊ２・Ｊ３百年構想,30116,徳島,1613552,重廣　卓也,SHIGEHIRO Takuya,MF,55,広島県,179,70,19950505,三次ＳＣスポーツ少年団-ＡＣ＿ＭＩＮＡＭＩ-広島皆実高-阪南大-京都サンガF.C.-アビスパ福岡-名古屋グランパス-ＦＣソウル／大韓民国-名古屋グランパス,41,94,0,20180225,明治安田J2第1節,京都,町田,西京極,20180428,明治安田J2第11節,京都,水戸,Ｋｓスタ,1,254414,254414
250,Ｊ２・Ｊ３百年構想,30116,徳島,1618867,児玉　駿斗,KODAMA Shunto,MF,7,大阪府,166,62,19981203,摂津ＦＣ-ＬＥＯ　ＳＣ-中央学院高-東海学園大-名古屋グランパス-ＳＣ相模原-名古屋グランパス,8,128,0,20180407,明治安田J1第6節,名古屋,札幌,札幌ド,20211003,明治安田J2第32節,相模原,水戸,ギオンス,1,73972,73972
250,Ｊ２・Ｊ３百年構想,30116,徳島,1629500,鹿沼　直生,KANUMA Naoki,MF,6,埼玉県,174,73,19971207,グランデＦＣ-静岡学園高-専修大-ＳＣ相模原-ジュビロ磐田,16,97,34,20200627,明治安田J3第1節,相模原,YS横浜,ギオンス,20200905,明治安田J3第14節,相模原,福島,ギオンス,1,254505,254505
250,Ｊ２・Ｊ３百年構想,30116,徳島,1629602,髙田　颯也,TAKADA Soya,MF,24,埼玉県,180,69,20010815,フェゾンツＦＣ-江南南サッカー少年団-坂戸ディプロマッツ-大宮アルディージャＵ１８-大宮アルディージャ-徳島ヴォルティス-大宮アルディージャ-徳島ヴォルティス-大宮アルディージャ,0,104,0,20200719,明治安田J2第6節,大宮,甲府,中銀スタ,,,,,,1,798054,798054
250,Ｊ２・Ｊ３百年構想,30116,徳島,1632283,ターレス,THALES,MF,77,ブラジル,176,78,20010629,ＰＳＴＣ／ブラジル-秀岳館高-ロアッソ熊本-名古屋グランパス-ロアッソ熊本-名古屋グランパス-徳島ヴォルティス-ヴァンラーレ八戸-徳島ヴォルティス-ＡＣ長野パルセイロ,7,17,38,20210516,明治安田J3第8節,熊本,長野,えがおＳ,20210711,明治安田J3第15節,熊本,岩手,えがおＳ,1,615854,615854
250,Ｊ２・Ｊ３百年構想,30116,徳島,1644016,尾上　瑠聖,ONOE Yusei,MF,26,徳島県,171,60,20060721,北島少年ＳＣ-徳島ヴォルティスＪｒユース-徳島ヴォルティスユース,0,0,0,,,,,,,,,,,1,,
250,Ｊ２・Ｊ３百年構想,30116,徳島,1645862,髙田　優,TAKADA Yu,MF,23,静岡県,179,67,20050908,清水エスパルスＳＳ静岡-静岡学園高,0,0,0,,,,,,,,,,,1,815564,894414
250,Ｊ２・Ｊ３百年構想,30116,徳島,1646302,福田　武玖,FUKUTA Muku,MF,69,徳島県,174,67,20071020,徳島ヴォルティスＪｒユース-徳島ヴォルティスユース,0,0,0,,,,,,,,,,,1,1050358,896393
250,Ｊ２・Ｊ３百年構想,30116,徳島,1200026,渡　大生,WATARI Daiki,FW,16,広島県,176,70,19930625,広島高陽ＦＣ　Ｕ－１２-広島高陽ＦＣ　Ｕ－１５-広島皆実高-ギラヴァンツ北九州-徳島ヴォルティス-サンフレッチェ広島-大分トリニータ-アビスパ福岡,100,313,0,20120311,J2第2節,北九州,岡山,本城,20120320,J2第4節,北九州,水戸,本城,1,254530,254530
250,Ｊ２・Ｊ３百年構想,30116,徳島,1624351,宮崎　純真,MIYAZAKI Jumma,FW,19,東京都,173,66,20000410,府中新町ＦＣ-ＦＣ多摩Ｊｒユース-山梨学院大附属高-ヴァンフォーレ甲府,0,172,0,20190512,明治安田J2第13節,甲府,栃木,栃木グ,20190608,明治安田J2第17節,甲府,山形,中銀スタ,1,727370,727370
250,Ｊ２・Ｊ３百年構想,30116,徳島,1627515,トニー　アンデルソン,THONNY ANDERSON,FW,9,ブラジル,184,80,19971227,クルゼイロＥＣ／ブラジル-グレミオＦＢＰＡ／ブラジル-グレミオＦＢＰＡ／ブラジル-アトレチコ　パラナエンセ／ブラジル-レッドブル　ブラガンチーノ／ブラジル-ＥＣバイーア／ブラジル-コリチーバＦＣ／ブラジル-フェロヴィアリア／ブラジル-ＡＢＣ　ＦＣ／ブラジル-イトゥアーノＦＣ／ブラジル,0,25,0,20250426,明治安田J2第11節,徳島,富山,鳴門大塚,20250503,明治安田J2第13節,徳島,甲府,ＪＩＴス,1,24846,24846
250,Ｊ２・Ｊ３百年構想,30116,徳島,1632261,鈴木　輪太朗　イブラヒーム,SUZUKI Wadi Ibrahim,FW,25,神奈川県,192,85,20030131,川中島ＳＣ-横浜ＦＣＪｒユース-日大藤沢高-徳島ヴォルティス-バレンシアＢ／スペイン-徳島ヴォルティス-ＣＦバダロナ／スペイン-徳島ヴォルティス-ジローナＦＣ　Ｂ／スペイン-徳島ヴォルティス-アスルクラロ沼津,0,2,26,20240803,明治安田J2第25節,徳島,愛媛,ニンスタ,20250719,明治安田J3第21節,沼津,鳥取,Ａｘｉｓ,1,848607,894413
250,Ｊ２・Ｊ３百年構想,30116,徳島,1635499,梶谷　政仁,KAJIYA Yukihito,FW,14,埼玉県,181,81,20000309,アストロンＦＣ-ＡＣアスミＪｒユースＦＣ-正智深谷高-国士舘大-サガン鳥栖-ブラウブリッツ秋田-サガン鳥栖-ブラウブリッツ秋田,0,107,0,20230218,明治安田J2第1節,秋田,群馬,正田スタ,20230422,明治安田J2第11節,秋田,長崎,トラスタ,1,254598,254598
250,Ｊ２・Ｊ３百年構想,30116,徳島,1650556,ローレンス　デイビッド,LAWRENCE DAVID,FW,27,ナイジェリア,176,76,20060425,イガンムＦＣ／ナイジェリア-福知山成美高,0,11,0,20250315,明治安田J2第5節,徳島,長崎,ピースタ,,,,,,1,1058962,896094
250,Ｊ２・Ｊ３百年構想,30116,徳島,1650557,ルーカス　バルセロス,LUCAS BARCELOS,FW,11,ブラジル,182,82,19980719,フルミネンセＦＣ　Ｕ－２０／ブラジル-フィゲイレンセＦＣ／ブラジル-コンフィアンサ／ブラジル-フルミネンセＦＣ　Ｕ－２０／ブラジル-ＣＳＡ／ブラジル-大邱ＦＣ／大韓民国,0,32,0,20250215,明治安田J2第1節,徳島,藤枝,藤枝サ,20250302,明治安田J2第3節,徳島,いわき,ハワスタ,1,31805,31805
250,Ｊ２・Ｊ３百年構想,30148,愛媛,4403,徳重　健太,TOKUSHIGE Kenta,GK,1,鹿児島県,187,90,19840309,武中-小野中-国見高-浦和レッズ-セレッソ大阪-浦和レッズ-ヴィッセル神戸-浦和レッズ-ヴィッセル神戸-浦和レッズ-ヴィッセル神戸-浦和レッズ-ヴィッセル神戸-浦和レッズ-ヴィッセル神戸-Ｖ・ファーレン長崎,140,112,41,20041123,J1-2nd第14節,Ｃ大阪,清水,長居,,,,,,1,813868,815881
250,Ｊ２・Ｊ３百年構想,30148,愛媛,1600209,辻　周吾,TSUJI Shugo,GK,36,千葉県,187,80,19970721,ジェフユナイテッド千葉Ｕ－１５-ジェフユナイテッド千葉Ｕ－１８-サガン鳥栖-横浜ＦＣ-サガン鳥栖-横浜ＦＣ,0,51,30,20180408,明治安田J2第8節,横浜FC,福岡,ニッパツ,,,,,,1,813864,815878
250,Ｊ２・Ｊ３百年構想,30148,愛媛,1626032,白坂　楓馬,SHIRASAKA Fuma,GK,31,神奈川県,182,78,19961205,茅ヶ崎小和田ＦＣ-横浜Ｆ・マリノスＪｒユース追浜-桐光学園高-立命館大-Ｈｏｎｄａ　ＦＣ-横浜Ｆ・マリノス-鹿児島ユナイテッドＦＣ-横浜Ｆ・マリノス-鹿児島ユナイテッドＦＣ-横浜Ｆ・マリノス,3,13,39,20210515,明治安田J3第8節,鹿児島,藤枝,白波スタ,,,,,,1,696294,696294
250,Ｊ２・Ｊ３百年構想,30148,愛媛,1636793,牧口　一真,MAKIGUCHI Kazuma,GK,45,兵庫県,188,80,20040908,甲子園浜ＳＣ-ヴィッセル神戸Ｕ－１５-愛媛ＦＣＵ－１８-愛媛ＦＣ-セレッソ大阪,0,0,0,,,,,,,,,,,1,966872,895684
250,Ｊ２・Ｊ３百年構想,30148,愛媛,1618639,石尾　崚雅,ISHIO Ryoga,DF,37,大阪府,183,76,20000518,志紀Ｆ．Ｃ-セレッソ大阪Ｕ－１５-セレッソ大阪Ｕ－１８-ツエーゲン金沢-徳島ヴォルティス,0,147,22,20180310,明治安田J3第1節,Ｃ大23,秋田,ヤンマー,20180916,明治安田J3第23節,Ｃ大23,藤枝,藤枝サ,1,798094,798094
250,Ｊ２・Ｊ３百年構想,30148,愛媛,1626957,黒石　貴哉,KUROISHI Takaya,DF,5,兵庫県,183,77,19970224,ヴィッセル神戸Ｕ－１５-神戸国際大附属高-姫路獨協大-ＭＩＯびわこ滋賀-ヴァンラーレ八戸-水戸ホーリーホック-ＡＣ長野パルセイロ-水戸ホーリーホック,0,78,75,20200711,明治安田J3第3節,八戸,秋田,プラスタ,20201018,明治安田J3第22節,八戸,長野,長野Ｕ,1,798098,798098
250,Ｊ２・Ｊ３百年構想,30148,愛媛,1630210,森山　公弥,MORIYAMA Kimiya,DF,44,福岡県,178,73,20020404,アビスパ福岡Ｕ－１５-アビスパ福岡Ｕ－１８-アビスパ福岡-愛媛ＦＣ-アビスパ福岡,3,32,0,20230930,明治安田J1第29節,福岡,鹿島,ベススタ,20250323,明治安田J2第6節,愛媛,札幌,ニンスタ,1,768402,768402
250,Ｊ２・Ｊ３百年構想,30148,愛媛,1635342,阿部　稜汰,ABE Ryota,DF,49,宮崎県,171,68,20010707,ＭＳＵ　ＦＣ-日章学園中-日章学園高-明治大-ＦＣ今治,0,11,2,20240608,明治安田J3第16節,今治,琉球,タピスタ,,,,,,1,929124,815558
250,Ｊ２・Ｊ３百年構想,30148,愛媛,1636293,杉山　耕二,SUGIYAMA Koji,DF,50,東京都,180,74,19980419,ＦＣ富士見台-三菱養和ＳＣ巣鴨ジュニア-三菱養和ＳＣ巣鴨Ｊｒユース-三菱養和ＳＣユース-早稲田大-東京ユナイテッドＦＣ-ファジアーノ岡山-東京武蔵野ユナイテッドＦＣ-ファジアーノ岡山-ヴェルスパ大分-ファジアーノ岡山-ギラヴァンツ北九州,0,0,66,20240224,明治安田J3第1節,北九州,相模原,ミクスタ,20250330,明治安田J3第7節,北九州,群馬,正田スタ,1,929393,815433
250,Ｊ２・Ｊ３百年構想,30148,愛媛,1637043,山原　康太郎,YAMAHARA Kotaro,DF,3,埼玉県,182,75,20000919,長鶴サッカー少年団-ＪＪＬ／香港-長鶴サッカー少年団-坂戸ディプロマッツＦＣ-前橋育英高-東京国際大-藤枝ＭＹＦＣ,0,57,0,20230319,明治安田J2第5節,藤枝,東京Ｖ,藤枝サ,20230722,明治安田J2第27節,藤枝,金沢,藤枝サ,1,798167,798167
250,Ｊ２・Ｊ３百年構想,30148,愛媛,1645930,カン　ソンチャン,KANG Sungchan,DF,20,,,,,,0,0,0,,,,,,,,,,,0,,
250,Ｊ２・Ｊ３百年構想,30148,愛媛,1645931,ユ　イェチャン,YU Yechan,DF,18,,,,,,0,0,0,,,,,,,,,,,0,835682,895687
250,Ｊ２・Ｊ３百年構想,30148,愛媛,1646369,金沢　一矢,KANAZAWA Kazuya,DF,26,大阪府,183,79,20021031,レオＳＣ-京都橘高-同志社大-愛媛ＦＣ-いわてグルージャ盛岡,0,2,0,20250308,明治安田J2第4節,愛媛,今治,ニンスタ,,,,,,1,1002194,896011
250,Ｊ２・Ｊ３百年構想,30148,愛媛,1655810,大坪　謙也,OTSUBO Kenya,DF,41,大阪府,180,75,20030605,千里丘ＦＣ-京都サンガＦ．Ｃ．Ｕ－１８-立命館大,0,0,0,,,,,,,,,,,1,,
250,Ｊ２・Ｊ３百年構想,30148,愛媛,1656157,平野　皓大,HIRANO Kodai,DF,58,兵庫県,170,59,20090925,Ｆ．Ｍ．ＳＦＩＤＡ-ＦＣフレスカ神戸,0,0,0,,,,,,,,,,,1,,
250,Ｊ２・Ｊ３百年構想,30148,愛媛,1400297,宮本　航汰,MIYAMOTO Kota,MF,24,静岡県,177,73,19960619,清水エスパルスＪｒユース-清水エスパルスユース-清水エスパルス-Ｖ・ファーレン長崎-清水エスパルス-Ｖ・ファーレン長崎-清水エスパルス-ＦＣ岐阜-清水エスパルス-ＦＣ岐阜-清水エスパルス,56,159,4,20150419,明治安田J3第6節,J-22,藤枝,藤枝サ,20180503,明治安田J2第12節,岐阜,熊本,えがおＳ,1,254503,254503
250,Ｊ２・Ｊ３百年構想,30148,愛媛,1607085,曽根田　穣,SONEDA Yutaka,MF,7,愛媛県,171,71,19940829,松山ＳＳ-愛媛ＦＣＪｒユース-愛媛ＦＣユース-びわこ成蹊スポーツ大-ヴァンフォーレ甲府-京都サンガF.C.-水戸ホーリーホック,3,151,35,20170805,明治安田J1第20節,甲府,Ｇ大阪,中銀スタ,20180704,明治安田J2第18節,甲府,金沢,中銀スタ,1,813873,815873
250,Ｊ２・Ｊ３百年構想,30148,愛媛,1615268,細谷　航平,HOSOYA Kohei,MF,16,群馬県,182,72,20011211,岩神少年サッカークラブ-上州ＦＣ高崎-サンフレッチェ広島ユース-法政大-サンフレッチェ広島-愛媛ＦＣ-サンフレッチェ広島,0,23,0,20250223,明治安田J2第2節,愛媛,秋田,ニンスタ,20250425,明治安田J2第11節,愛媛,仙台,Ｑスタ,1,819135,896010
250,Ｊ２・Ｊ３百年構想,30148,愛媛,1629413,竹本　雄飛,TAKEMOTO Yuhi,MF,22,広島県,176,70,19970819,廿日市ＦＣジュニア-サンフレッチェ広島Ｊｒユース-サンフレッチェ広島ユース-立命館大-ロアッソ熊本,0,131,19,20200715,明治安田J3第4節,熊本,Ｇ大23,えがおＳ,20211003,明治安田J3第21節,熊本,藤枝,えがおＳ,1,789917,789917
250,Ｊ２・Ｊ３百年構想,30148,愛媛,1629441,前田　椋介,MAEDA Ryosuke,MF,70,宮崎県,170,64,19980302,吾田東ＦＣ-吾田中-宮崎日大高-宮崎産業経営大-福島ユナイテッドＦＣ-テゲバジャーロ宮崎-水戸ホーリーホック-愛媛ＦＣ-水戸ホーリーホック,0,124,47,20200627,明治安田J3第1節,福島,八戸,とうスタ,20210606,明治安田J3第10節,宮崎,八戸,ユニスタ,1,727179,727179
250,Ｊ２・Ｊ３百年構想,30148,愛媛,1632789,山下　雄大,YAMASHITA Yudai,MF,13,千葉県,179,72,20000823,柏レイソルＵ－１２-柏レイソルＵ－１５-柏レイソルＵ－１８-早稲田大-徳島ヴォルティス-レイラック滋賀-徳島ヴォルティス,0,6,0,20230219,明治安田J2第1節,徳島,大分,鳴門大塚,,,,,,1,798108,798108
250,Ｊ２・Ｊ３百年構想,30148,愛媛,1635402,日野　翔太,HINO Shota,MF,38,東京都,167,61,20021016,ＦＣ町田Ｊｒユース-堀越高-拓殖大-サガン鳥栖,18,15,0,20230915,明治安田J1第27節,鳥栖,横浜FM,ニッパツ,20250330,明治安田J2第7節,鳥栖,熊本,えがおＳ,1,758274,758274
250,Ｊ２・Ｊ３百年構想,30148,愛媛,1636795,行友　翔哉,YUKUTOMO Toki,MF,48,山口県,174,66,20050105,レノファ山口ＦＣ　Ｕ－１２-レノファ山口ＦＣ　Ｕ－１５-愛媛ＦＣＵ－１８-愛媛ＦＣ-ＦＣファマリカン／ポルトガル,0,22,13,20220327,明治安田J3第3節,愛媛,いわき,ニンスタ,20220327,明治安田J3第3節,愛媛,いわき,ニンスタ,1,968329,895683
250,Ｊ２・Ｊ３百年構想,30148,愛媛,1642624,谷岡　昌,TANIOKA Masashi,MF,6,愛媛県,180,73,20010714,野村ジュニアＳＣ-愛媛ＦＣＵ－１５-愛媛ＦＣＵ－１８-関西大,0,31,0,20240330,明治安田J2第7節,愛媛,藤枝,ニンスタ,,,,,,1,813869,815894
250,Ｊ２・Ｊ３百年構想,30148,愛媛,1647287,武藤　寛,MUTO Hiroshi,MF,39,岐阜県,168,64,20030902,ＦＣフェルボール愛知-市立船橋高-中京大,0,7,0,20250316,明治安田J2第5節,愛媛,千葉,フクアリ,,,,,,1,1002912,896278
250,Ｊ２・Ｊ３百年構想,30148,愛媛,1652210,斉藤　涼優,SAITO Ryo,MF,14,埼玉県,170,60,20030215,ＦＣ　ＡＳＡＳ　上尾-仙台育英高-城西大-Ｈｏｎｄａ　ＦＣ,0,0,0,,,,,,,,,,,1,1050953,
250,Ｊ２・Ｊ３百年構想,30148,愛媛,1652433,仙波　隼太郎,SEMBA Shuntaro,MF,57,山梨県,173,63,20090427,ＦＣゼブラ-愛媛ＦＣ　Ｕ－１５,0,0,0,,,,,,,,,,,1,1050951,
250,Ｊ２・Ｊ３百年構想,30148,愛媛,1656654,アデオラ　デイビッド,ADEOLA DAVID,MF,51,ナイジェリア,177,75,20070626,福知山成美高,0,0,0,,,,,,,,,,,1,,
250,Ｊ２・Ｊ３百年構想,30148,愛媛,1600201,藤本　佳希,FUJIMOTO Yoshiki,FW,9,愛媛県,178,78,19940203,麻生ＦＣ-久米中-済美高-明治大-ファジアーノ岡山-愛媛ＦＣ-ファジアーノ岡山-愛媛ＦＣ-モンテディオ山形,0,236,0,20160403,明治安田J2第6節,岡山,東京Ｖ,Ｃスタ,20170507,明治安田J2第12節,岡山,徳島,Ｃスタ,1,727022,727022
250,Ｊ２・Ｊ３百年構想,30148,愛媛,1604181,佐藤　亮,SATO Ryo,FW,10,東京都,173,65,19971124,城北ボレアスＦＣ-ＦＣ東京Ｕ－１５むさし-ＦＣ東京Ｕ－１８-明治大-ギラヴァンツ北九州-ザスパ群馬,0,153,33,20200223,明治安田J2第1節,北九州,福岡,ミクスタ,20200704,明治安田J2第3節,北九州,琉球,ミクスタ,1,789859,789859
250,Ｊ２・Ｊ３百年構想,30148,愛媛,1629431,田口　裕也,TAGUCHI Yuya,FW,17,三重県,180,73,20010408,大山田サッカースポーツ少年団-セレッソ大阪西Ｕ－１５-四日市中央工高-ガイナーレ鳥取-ＦＣ岐阜-ツエーゲン金沢,0,31,150,20200627,明治安田J3第1節,鳥取,Ｃ大23,ヤンマー,20200627,明治安田J3第1節,鳥取,Ｃ大23,ヤンマー,1,929454,815620
250,Ｊ２・Ｊ３百年構想,30148,愛媛,1630132,樺山　諒乃介,KABAYAMA Ryonosuke,FW,99,大阪府,171,68,20020917,ＳＳクリエイト-リップエースＳＣＪｒユース-興国高-横浜Ｆ・マリノス-モンテディオ山形-横浜Ｆ・マリノス-モンテディオ山形-横浜Ｆ・マリノス-サガン鳥栖-ザスパ群馬-サガン鳥栖-ギラヴァンツ北九州-サガン鳥栖,37,46,28,20210226,明治安田J1第1節,横浜FM,川崎Ｆ,等々力,20211010,明治安田J2第33節,山形,秋田,ＮＤスタ,1,152119,152119
250,Ｊ２・Ｊ３百年構想,30148,愛媛,1635329,藤原　悠汰,FUJIHARA Yuta,FW,11,広島県,165,66,19990409,サンフレッチェ広島ジュニア-サンフレッチェ広島Ｊｒユース-広島皆実高-明治大-サガン鳥栖-モンテディオ山形-サガン鳥栖,15,30,0,20220219,明治安田J1第1節,鳥栖,広島,Ｅスタ,20220226,明治安田J1第2節,鳥栖,湘南,駅スタ,1,254578,254578
250,Ｊ２・Ｊ３百年構想,30148,愛媛,1641393,舩橋　京汰,FUNAHASHI Kyota,FW,27,三重県,177,69,20050731,東員ＳＣ-ＴＳＶ１９７３四日市-ジュビロ磐田Ｕ－１８-愛媛ＦＣ-ガイナーレ鳥取,0,14,0,20240310,明治安田J2第3節,愛媛,熊本,ニンスタ,,,,,,1,813867,815893
250,Ｊ２・Ｊ３百年構想,30148,愛媛,1643393,山口　太陽,YAMAGUCHI Taiyo,FW,88,埼玉県,184,79,20060818,ＦＣアビリスタ-ＦＣ東京Ｕ－１５むさし-ＦＣ東京Ｕ－１８-ＦＣ東京,2,0,0,20251017,明治安田J1第34節,FC東京,広島,Ｅピース,,,,,,1,1023079,896125
250,Ｊ２・Ｊ３百年構想,30148,愛媛,1656730,西条　将太,SAIJO Shota,FW,55,大阪府,190,84,20060201,イーリス生野Ｕ－１２-桃山学院高-漢陽大／大韓民国-仁川ユナイテッドＦＣ／大韓民国,0,0,0,,,,,,,,,,,1,,
250,Ｊ２・Ｊ３百年構想,30974,今治,1400053,高木和　徹,TAKAGIWA Toru,GK,71,栃木県,184,81,19950415,野木サッカースポーツ少年団-ヴェルディＳＳ小山-清水エスパルスユース-清水エスパルス-ジェフユナイテッド千葉-清水エスパルス-Ｖ・ファーレン長崎-清水エスパルス-Ｖ・ファーレン長崎-清水エスパルス-東京ヴェルディ-いわきＦＣ-東京ヴェルディ-ジェフユナイテッド千葉,0,64,14,20140309,J3第1節,J-22,琉球,沖縄県陸,,,,,,1,798299,798299
250,Ｊ２・Ｊ３百年構想,30974,今治,1624380,伊藤　元太,ITO Genta,GK,18,愛媛県,190,83,20000702,帝人ＳＳ-松山工業高-ヴィッセル神戸-ザスパクサツ群馬-ヴィッセル神戸,0,1,23,20230504,明治安田J3第9節,今治,八戸,プラスタ,20240406,明治安田J3第8節,今治,長野,里山Ｓ,1,929110,815544
250,Ｊ２・Ｊ３百年構想,30974,今治,1624398,立川　小太郎,TACHIKAWA Kotaro,GK,1,和歌山県,188,82,19970104,富田ＳＳＳ-富田中-初芝橋本高-大阪体育大-ＡＣ長野パルセイロ-湘南ベルマーレ-いわきＦＣ,0,68,13,20190608,明治安田J3第11節,長野,Ｆ東23,味フィ西,,,,,,1,254556,254556
250,Ｊ２・Ｊ３百年構想,30974,今治,1624573,山本　透衣,YAMAMOTO Toi,GK,16,北海道,185,80,20010531,ＳＳＳ札幌サッカースクールＵ－１２-北海道コンサドーレ札幌Ｕ－１５-北海道コンサドーレ札幌Ｕ－１８-京都産業大-ＦＣ大阪,0,0,38,20250216,明治安田J3第1節,FC大阪,岐阜,花園,,,,,,1,929422,815809
250,Ｊ２・Ｊ３百年構想,30974,今治,1655864,山田　陽介,YAMADA Yosuke,GK,21,群馬県,186,86,20030903,強戸キッカーズ-前橋ＦＣ-米子北高-福岡大,0,0,0,,,,,,,,,,,1,,
250,Ｊ２・Ｊ３百年構想,30974,今治,1632428,市原　亮太,ICHIHARA Ryota,DF,4,東京都,185,80,19980525,成瀬ＳＣ-コンフィアール町田Ｊｒユース-横浜創英高-東洋大-ＦＣ今治-福山シティＦＣ,0,20,78,20210829,明治安田J3第16節,今治,沼津,夢スタ,20230617,明治安田J3第14節,今治,宮崎,ユニスタ,1,929114,815548
250,Ｊ２・Ｊ３百年構想,30974,今治,1633011,孫　大河,SON Taiga,DF,3,東京都,187,84,19990613,正智深谷高-立正大-サガン鳥栖-ツエーゲン金沢-サガン鳥栖-ツエーゲン金沢-サガン鳥栖-ヴァンフォーレ甲府,0,83,0,20220716,明治安田J2第27節,金沢,新潟,石川西部,20250405,明治安田J2第8節,甲府,いわき,ＪＩＴス,1,798193,798193
250,Ｊ２・Ｊ３百年構想,30974,今治,1641570,丸山　大和,MARUYAMA Yamato,DF,29,東京都,181,78,20031211,ＰＩＯＮＥＩＲＯ-クリアージュＦＣ-青森山田高-東海大,0,0,0,,,,,,,,,,,1,1052802,
250,Ｊ２・Ｊ３百年構想,30974,今治,1642029,梅木　怜,UMEKI Rei,DF,2,和歌山県,174,65,20050825,ミラグロッソ海南-ミラグロッソ海南Ｕ－１５-帝京高,0,30,19,20240330,明治安田J3第7節,今治,FC大阪,花園,20241103,明治安田J3第35節,今治,琉球,アシさと,1,929120,815554
250,Ｊ２・Ｊ３百年構想,30974,今治,1645980,竹内　悠力,TAKEUCHI Yuri,DF,24,兵庫県,182,77,20010929,日生中央ＳＣ-東谷中-神戸弘陵学園高-日本文理大,0,11,14,20240410,明治安田J3第9節,今治,宮崎,いちご,20240720,明治安田J3第22節,今治,長野,長野Ｕ,1,929123,815557
250,Ｊ２・Ｊ３百年構想,30974,今治,1650800,イ　ヨンジュン,LEE Young Jun,DF,23,大韓民国,190,80,20060807,Ｕ１５天安サッカーセンター／大韓民国-ＦＣソウルＵ－１５／大韓民国-ＦＣソウルＵ－１８／大韓民国,0,0,0,,,,,,,,,,,1,999869,896050
250,Ｊ２・Ｊ３百年構想,30974,今治,1656000,ガブリエル　ゴメス,GABRIEL GOMES,DF,15,ブラジル,187,80,19990823,イタボライ／ブラジル-バングー／ブラジル-ポンチ　プレッタ／ブラジル-バングー／ブラジル-インテル　デ　ミナス／ブラジル-アメリカＦＣ／ブラジル-ＧＥブラジル／ブラジル-ＳＫドニプロ－１／ウクライナ-ＦＣメタリスト　ハルキウ／ウクライナ-ＫＦチウタ／アルバニア,0,0,0,,,,,,,,,,,1,293166,
250,Ｊ２・Ｊ３百年構想,30974,今治,1656016,ロドリゴ　ソウザ,RODRIGO SOUZA,DF,20,ブラジル,171,68,20020531,クリシューマＥＣ／ブラジル-サンパイオ　コヘイア／ブラジル-クリシューマＥＣ／ブラジル-コンフィアンサ／ブラジル-クリシューマＥＣ／ブラジル-ＦＫヴェレジュ　モスタル／ボスニア・ヘルツェゴビナ-エノシス　ネオン　パラリムニ／キプロス,0,0,0,,,,,,,,,,,1,183957,
250,Ｊ２・Ｊ３百年構想,30974,今治,900646,駒井　善成,KOMAI Yoshiaki,MF,8,京都府,168,68,19920606,京都パープルサンガジュニア-京都サンガF.C.Ｕ－１５-京都サンガF.C.Ｕ－１８-京都サンガF.C.-浦和レッズ-北海道コンサドーレ札幌-浦和レッズ-北海道コンサドーレ札幌-横浜ＦＣ,263,171,0,20110430,J2第9節,京都,栃木,栃木グ,20110718,J2第21節,京都,愛媛,ニンスタ,1,26835,26835
250,Ｊ２・Ｊ３百年構想,30974,今治,1600185,森　晃太,MORI Kota,MF,14,愛知県,175,69,19970613,名古屋グランパスＵ－１２-名古屋グランパスＵ－１５-名古屋グランパスＵ－１８-ヴァンフォーレ甲府-レノファ山口ＦＣ-福島ユナイテッドＦＣ,14,50,148,20160306,明治安田J1 1st第2節,甲府,Ｇ大阪,中銀スタ,20181028,明治安田J2第39節,甲府,讃岐,中銀スタ,1,929311,815473
250,Ｊ２・Ｊ３百年構想,30974,今治,1607365,加藤　潤也,KATO Junya,MF,77,広島県,166,62,19941230,霞ＳＣ-南ＳＣ-サンフレッチェ常石-米子北高-城西国際大-ガイナーレ鳥取-ザスパクサツ群馬-ツエーゲン金沢-レノファ山口ＦＣ,0,154,98,20170312,明治安田J3第1節,鳥取,Ｇ大23,吹田Ｓ,20170319,明治安田J3第2節,鳥取,栃木,とりスタ,1,798188,798188
250,Ｊ２・Ｊ３百年構想,30974,今治,1610937,新井　光,ARAI Hikaru,MF,5,長野県,175,66,19990414,昭和ＦＣ-ＡＣ長野パルセイロＵ－１５-ＡＣ長野パルセイロＵ－１８-市立長野高-湘南ベルマーレ-ガイナーレ鳥取-湘南ベルマーレ-ガイナーレ鳥取-湘南ベルマーレ-福島ユナイテッドＦＣ-湘南ベルマーレ,1,36,131,20180318,明治安田J1第4節,湘南,FC東京,味スタ,20200902,明治安田J3第13節,鳥取,藤枝,Ａｘｉｓ,1,929109,815543
250,Ｊ２・Ｊ３百年構想,30974,今治,1625628,近藤　高虎,KONDO Takatora,MF,9,愛媛県,164,64,19970928,波方クラブ-北郷中-新田高-流通経済大ＦＣ-流経大ドラゴンズ龍ケ崎,0,28,114,20200922,明治安田J3第17節,今治,福島,とうスタ,20211128,明治安田J3第29節,今治,八戸,夢スタ,1,929113,815547
250,Ｊ２・Ｊ３百年構想,30974,今治,1627434,山田　貴文,YAMADA Takafumi,MF,7,愛媛県,173,68,19920419,帝人ＳＳ-日章学園中-日章学園高-大阪体育大-ホンダロックＳＣ,0,28,149,20200627,明治安田J3第1節,今治,岐阜,長良川,20201007,明治安田J3第20節,今治,岐阜,夢スタ,1,929112,815546
250,Ｊ２・Ｊ３百年構想,30974,今治,1630218,持井　響太,MOCHII Kyota,MF,17,兵庫県,168,63,19990120,高砂レッドスター-兵庫ＦＣ-イルソーレ小野ＦＣ-滝川二高-明治大-東京ヴェルディ-ＳＣ相模原-東京ヴェルディ-アスルクラロ沼津-東京ヴェルディ-アスルクラロ沼津,0,34,86,20210417,明治安田J2第8節,東京Ｖ,琉球,タピスタ,20230312,明治安田J3第2節,沼津,富山,愛鷹,1,929091,815642
250,Ｊ２・Ｊ３百年構想,30974,今治,1631748,梶浦　勇輝,KAJIURA Yuki,MF,6,東京都,170,70,20040102,ＦＣトリプレッタ-ＦＣ東京Ｕ－１５深川-ＦＣ東京Ｕ－１８-ＦＣ東京-ツエーゲン金沢-ＦＣ東京-ツエーゲン金沢-ＦＣ東京-ＦＣ今治-ＦＣ東京,3,53,38,20220706,明治安田J1第20節,FC東京,札幌,味スタ,20240324,明治安田J3第6節,金沢,相模原,ゴースタ,1,254463,254463
250,Ｊ２・Ｊ３百年構想,30974,今治,1636257,佐藤　璃樹,SATO Riki,MF,25,鹿児島県,172,68,20031130,ＳＣ．ＳＦＩＤＡ-ＦＣアラーラ鹿児島-神村学園高-ＦＣ今治-飛鳥ＦＣ,0,2,10,20220504,明治安田J3第8節,今治,讃岐,ピカスタ,,,,,,1,929116,815550
250,Ｊ２・Ｊ３百年構想,30974,今治,1636847,馬越　晃,UMAKOSHI Hikaru,MF,38,愛媛県,172,64,20050713,ＦＣ今治Ｕ－１２-ＦＣ今治Ｕ－１５-ＦＣ今治Ｕ－１８-ＦＣ今治-福山シティＦＣ,0,0,1,20220828,明治安田J3第22節,今治,鹿児島,白波スタ,,,,,,1,,
250,Ｊ２・Ｊ３百年構想,30974,今治,1646454,柴野　快仁,SHIBANO Hayato,MF,30,栃木県,172,70,20070801,上三川ＦＣ-ＦＣみらい-ウイングスＳＣ-前橋育英高,0,0,0,,,,,,,,,,,1,,
250,Ｊ２・Ｊ３百年構想,30974,今治,1650534,笹　修大,SASA Shuta,MF,33,北海道,183,80,20060831,北海道コンサドーレ札幌Ｕ－１２-札幌大谷中-札幌大谷高,0,28,0,20250216,明治安田J2第1節,今治,秋田,アシさと,,,,,,1,999870,895986
250,Ｊ２・Ｊ３百年構想,30974,今治,1655863,久保　恵音,KUBO Keito,MF,36,東京都,167,62,20070425,みどりＦＣ-ＦＣ　ＬＡＶＩＤＡ-帝京高,0,0,0,,,,,,,,,,,1,1052801,
250,Ｊ２・Ｊ３百年構想,30974,今治,1500500,林　誠道,HAYASHI Masamichi,FW,44,兵庫県,180,71,19960404,長洲ＳＣ-大阪産業大附属高-ガイナーレ鳥取-ＦＣ今治-モンテディオ山形-ツエーゲン金沢-ジェフユナイテッド千葉-松本山雅ＦＣ-ジェフユナイテッド千葉,0,145,150,20150315,明治安田J3第1節,鳥取,山口,維新公園,20150419,明治安田J3第6節,鳥取,琉球,とりスタ,1,798191,798191
250,Ｊ２・Ｊ３百年構想,30974,今治,1624388,エジガル　ジュニオ,EDIGAR JUNIO,FW,10,ブラジル,174,72,19910506,アトレチコ　パラナエンセ／ブラジル-ジョインビーレ　エスポルテ　クラブ／ブラジル-アトレチコ　パラナエンセ／ブラジル-ジョインビーレ　エスポルテ　クラブ／ブラジル-ＥＣバイーア／ブラジル-横浜Ｆ・マリノス-ＥＣバイーア／ブラジル-Ｖ・ファーレン長崎-ＥＣバイーア／ブラジル-Ｖ・ファーレン長崎,32,141,0,20190223,明治安田J1第1節,横浜FM,Ｇ大阪,パナスタ,20190223,明治安田J1第1節,横浜FM,Ｇ大阪,パナスタ,1,27028,27028
250,Ｊ２・Ｊ３百年構想,30974,今治,1644462,古山　兼悟,FURUYAMA Kengo,FW,19,大阪府,178,74,20020711,大阪市ＳＳ２００１白鷺-ＩＲＩＳ生野ＳＳ-立正大淞南高-大阪体育大-セレッソ大阪,7,0,0,20250429,明治安田J1第13節,Ｃ大阪,町田,ヨドコウ,20250503,明治安田J1第14節,Ｃ大阪,京都,サンガＳ,1,978606,896135
250,Ｊ２・Ｊ３百年構想,30974,今治,1647899,ウェズレイ　タンキ,WESLEY TANQUE,FW,11,ブラジル,186,85,19960714,ＦＣオーバーラウジッツ　ノイガースドルフ／ドイツ-ＦＣスロヴァン　リベレツ／チェコ-ＦＫヴァルンスドルフ／チェコ-ＦＣスロヴァン　リベレツ／チェコ-ＦＣフラデツ　クラーロヴェー／チェコ-ＦＣスロヴァン　リベレツ／チェコ-アグレミアソン　スポルチーヴァ　アラピラケンセ／ブラジル-コメシアールＦＣ／ブラジル-ＥＣレメンセ／ブラジル-Ｌ．Ａ．フィルポ／エルサルバドル-クラブ　アトレティコ　パルマフロール／ボリビア-ＣＤトロフェンセ／ポルトガル-青島西海岸足球倶楽部／中国-クラブ　オールウェイズ　レディ／ボリビア,0,30,16,20240714,明治安田J3第21節,今治,金沢,アシさと,20240714,明治安田J3第21節,今治,金沢,アシさと,1,800785,800785
250,Ｊ２・Ｊ３百年構想,30974,今治,1649608,菊池　季汐,KIKUCHI Kiseki,FW,34,北海道,175,70,20030929,伏古サッカースポーツ少年団-北海道コンサドーレ札幌Ｕ－１５-北海道コンサドーレ札幌Ｕ－１８-江戸川大,0,0,0,,,,,,,,,,,1,,
250,Ｊ２・Ｊ３百年構想,31204,高知,1617489,猪瀬　康介,INOSE Kosuke,GK,17,茨城県,185,76,20001225,鹿島アントラーズつくばジュニア-鹿島アントラーズつくばＪｒユース-流通経済大付属柏高-ＦＣ琉球-ＳＣ相模原-ブラウブリッツ秋田-ＳＣ相模原,0,14,2,20190721,明治安田J2第23節,琉球,水戸,Ｋｓスタ,,,,,,1,850723,815363
250,Ｊ２・Ｊ３百年構想,31204,高知,1636952,永田　陸,NAGATA Riku,GK,21,東京都,182,80,20030911,ＲＩＯ　ＦＣ板橋-ＲＩＯ　ＦＣ　Ｕ１５-大成高-駒澤大,0,0,0,,,,,,,,,,,1,,
250,Ｊ２・Ｊ３百年構想,31204,高知,1647059,大野　来生,ONO Raisei,GK,1,三重県,181,78,20010902,磯部ＦＣ-阿児ＪＦＣ-ソシエタ伊勢ＳＣ-成立学園高-専修大-Ｈｏｎｄａ　ＦＣ-いわてグルージャ盛岡,0,0,0,,,,,,,,,,,1,,
250,Ｊ２・Ｊ３百年構想,31204,高知,1655806,村田　侑大,MURATA Yudai,GK,99,茨城県,186,83,20050909,我孫子隼ＳＣ-柏レイソルＵ－１２-柏レイソルＵ－１５-桐光学園高-国際基督教大,0,0,0,,,,,,,,,,,1,1053533,
250,Ｊ２・Ｊ３百年構想,31204,高知,1619669,星　キョーワァン,HOSHI Kyowaan,DF,39,栃木県,184,82,19970625,南河内第二中学校-矢板中央高-駒澤大-横浜ＦＣ-松本山雅ＦＣ-横浜ＦＣ-いわきＦＣ-横浜ＦＣ-ブラウブリッツ秋田,9,22,13,20200704,明治安田J1第2節,横浜FC,札幌,ニッパツ,,,,,,1,815422,815364
250,Ｊ２・Ｊ３百年構想,31204,高知,1624400,濱　託巳,HAMA Takumi,DF,88,静岡県,175,75,19960911,大富サッカースポーツ少年団-藤枝明誠ＳＣ-藤枝明誠高-新潟経営大-アスルクラロ沼津-カターレ富山,0,26,152,20190830,明治安田J3第21節,沼津,秋田,ソユスタ,20190908,明治安田J3第22節,沼津,八戸,愛鷹,1,929084,815635
250,Ｊ２・Ｊ３百年構想,31204,高知,1632370,小林　大智,KOBAYASHI Daichi,DF,4,大阪府,180,73,19990107,賢明ＳＣ-作陽高-桃山学院大-ヴァンラーレ八戸,0,0,35,20210314,明治安田J3第1節,八戸,岐阜,長良川,20250712,明治安田J3第20節,高知,金沢,春野陸,1,995106,817233
250,Ｊ２・Ｊ３百年構想,31204,高知,1636288,深川　大輔,FUKAGAWA Daisuke,DF,5,千葉県,181,75,19990602,ジェフユナイテッド千葉Ｕ－１５-ジェフユナイテッド千葉Ｕ－１８-日本体育大-いわてグルージャ盛岡-香港流浪足球会／香港,0,16,59,20220305,明治安田J2第3節,岩手,琉球,タピスタ,20220305,明治安田J2第3節,岩手,琉球,タピスタ,1,928989,815696
250,Ｊ２・Ｊ３百年構想,31204,高知,1641596,松本　大地,MATSUMOTO Daichi,DF,23,新潟県,183,78,20030601,大形ナポリＪｒ　ＦＣ-グランセナ新潟ＦＣ-帝京長岡高-日本大,0,0,0,,,,,,,,,,,1,1053536,
250,Ｊ２・Ｊ３百年構想,31204,高知,1647186,藤森　隆汰,FUJIMORI Ryuta,DF,22,神奈川県,175,74,20000916,Ｈ．Ｉ．Ｐ　ＳＣ-横浜ＦＣＪｒユース-横浜ＦＣユース-神奈川大-ブリオベッカ浦安・市川,0,0,0,,,,,,,,,,,1,1053534,
250,Ｊ２・Ｊ３百年構想,31204,高知,1651139,福宮　弘乃介,FUKUMIYA Konosuke,DF,3,愛媛県,180,75,19980408,帝人ＳＳ-愛媛ＦＣ　Ｕ－１５-東海大静岡翔洋高-阪南大-ソニー仙台ＦＣ-ヴェルスパ大分,0,0,19,20250216,明治安田J3第1節,高知,栃木SC,カンセキ,,,,,,1,999889,895981
250,Ｊ２・Ｊ３百年構想,31204,高知,1651546,浅野　良啓,ASANO Kazutaka,DF,26,神奈川県,175,73,20031231,ＯＺ湘南ＦＣ-湘南ベルマーレＵ－１５　ＥＡＳＴ-湘南ベルマーレＵ－１５-湘南ベルマーレＵ－１８-日本大,0,0,0,,,,,,,,,,,1,,
250,Ｊ２・Ｊ３百年構想,31204,高知,1655805,加藤　佑太郎,KATO Yutaro,DF,30,東京都,190,85,20040210,フレンドリーＳＣ-ＦＲＩＥＮＤＬＹ　Ｊｒユース-東海大高輪台高-山梨学院大,0,0,0,,,,,,,,,,,1,,
250,Ｊ２・Ｊ３百年構想,31204,高知,800926,三門　雄大,MIKADO Yuta,MF,76,埼玉県,175,72,19861226,みずほ台Ｊｒサントス-富士見プリメイロＦＣ-流通経済大付属柏高-流通経済大-アルビレックス新潟-横浜Ｆ・マリノス-アビスパ福岡-大宮アルディージャ-ＦＣ今治,203,192,85,20090926,J1第27節,新潟,広島,広島ビ,20100727,J1第15節,新潟,鹿島,カシマ,1,929102,815536
250,Ｊ２・Ｊ３百年構想,31204,高知,1400360,田中　稔也,TANAKA Toshiya,MF,73,群馬県,175,61,19971202,ＦＣクリロ-鹿島アントラーズユース-鹿島アントラーズ-ザスパクサツ群馬-レノファ山口ＦＣ-鹿児島ユナイテッドＦＣ,4,141,56,20180801,明治安田J1第19節,鹿島,FC東京,カシマ,20190616,明治安田J3第12節,群馬,長野,長野Ｕ,1,727164,727164
250,Ｊ２・Ｊ３百年構想,31204,高知,1618767,工藤　真人,KUDO Manato,MF,31,青森県,172,66,20010507,中居林ＳＳＳ-ウインズＦＣ　Ｕ－１５-ベガルタ仙台ユース-びわこ成蹊スポーツ大-ベガルタ仙台-高知ユナイテッドＳＣ-ベガルタ仙台,0,0,31,20250216,明治安田J3第1節,高知,栃木SC,カンセキ,20250323,明治安田J3第6節,高知,八戸,プラスタ,1,978608,895982
250,Ｊ２・Ｊ３百年構想,31204,高知,1624265,三好　麟大,MIYOSHI Rinta,MF,11,大阪府,165,62,20030302,ＲＩＰ　ＡＣＥ　Ｊｒ-ＲＩＰ　ＡＣＥ　Ｊｒユース-流通経済大柏高-阪南大,0,0,36,20250216,明治安田J3第1節,高知,栃木SC,カンセキ,20250601,明治安田J3第14節,高知,岐阜,長良川,1,999896,895988
250,Ｊ２・Ｊ３百年構想,31204,高知,1625634,関野　元弥,SEKINO Genya,MF,14,神奈川県,167,67,19990310,大清水なでしこＳＣ-大清水中-相洋高-流通経済大-いわきＦＣ-栃木シティ,0,0,34,20220417,明治安田J3第6節,いわき,今治,いわきＧ,,,,,,1,1000010,895809
250,Ｊ２・Ｊ３百年構想,31204,高知,1627826,金原　朝陽,KANEHARA Asahi,MF,7,茨城県,171,63,20000924,鹿島アントラーズジュニア-鹿島アントラーズＪｒユース-鹿島学園高-流通経済大,0,0,14,20250302,明治安田J3第3節,高知,FC大阪,春野陸,20250629,明治安田J3第18節,高知,長野,春野陸,1,1001690,896005
250,Ｊ２・Ｊ３百年構想,31204,高知,1640608,上月　翔聖,KOZUKI Shosei,MF,16,兵庫県,173,68,20000201,イルソーレ加東ＦＣ-イルソーレ小野ＦＣ-神戸弘陵学園高-びわこ成蹊スポーツ大-ＦＣ大阪,0,0,41,20230503,明治安田J3第9節,FC大阪,松本,サンアル,20250330,明治安田J3第7節,高知,琉球,春野陸,1,995111,895712
250,Ｊ２・Ｊ３百年構想,31204,高知,1642045,坂岸　寛大,SAKAGISHI Kanta,MF,27,神奈川県,168,64,20020118,ＦＣムサシ-さぎぬまＳＣ-大豆戸ＦＣＪｒユース-横浜創英高-新潟医療福祉大-いわきＦＣ,0,33,0,20240303,明治安田J2第2節,いわき,岡山,ハワスタ,,,,,,1,813851,815328
250,Ｊ２・Ｊ３百年構想,31204,高知,1647557,高野　裕維,TAKANO Yui,MF,8,香川県,173,68,20000804,屋島ＳＳＳ-ＦＣ　ＤＩＡＭＯ-神戸弘陵学園高-常葉大,0,0,31,20250216,明治安田J3第1節,高知,栃木SC,カンセキ,20250608,明治安田J3第15節,高知,奈良,春野陸,1,999891,817242
250,Ｊ２・Ｊ３百年構想,31204,高知,1647559,佐々木　敦河,SASAKI Taiga,MF,10,高知県,176,67,19980619,高知南ＦＣ-明徳義塾中-明徳義塾高-ＩＰＵ環太平洋大-ソニー仙台ＦＣ,0,0,15,20250223,明治安田J3第2節,高知,鳥取,春野陸,,,,,,1,1000798,896002
250,Ｊ２・Ｊ３百年構想,31204,高知,1650807,岡澤　韻生,OKAZAWA Hibiki,MF,24,三重県,175,69,20020816,伊勢ヤマトＦＣ-ソシエタ伊勢ＳＣ-成立学園高-山梨学院大,0,0,14,20250223,明治安田J3第2節,高知,鳥取,春野陸,,,,,,1,999895,896008
250,Ｊ２・Ｊ３百年構想,31204,高知,1400651,河田　篤秀,KAWATA Atsushi,FW,13,大阪府,177,77,19920918,三原台ＦＣ-和泉ＦＣ-セレッソ大阪Ｕ－１５-阪南大付属高-阪南大-アルビレックス新潟Ｓ／シンガポール-アルビレックス新潟-徳島ヴォルティス-大宮アルディージャ-サガン鳥栖-ザスパ群馬,49,183,23,20170730,明治安田J1第19節,新潟,FC東京,味スタ,20170923,明治安田J1第27節,新潟,札幌,札幌ド,1,615850,615850
250,Ｊ２・Ｊ３百年構想,31204,高知,1636296,青戸　翔,AOTO Kakeru,FW,18,神奈川県,185,77,19960809,東京ヴェルディジュニア-東京ヴェルディジュニアユース-桐蔭学園高-国際武道大-東京ユナイテッドＦＣ-ジークブルガーＳＶ０４／ドイツ-東京２３ＦＣ-おこしやす京都ＡＣ-カマタマーレ讃岐-テゲバジャーロ宮崎-沖縄ＳＶ-ヴィアティン三重,0,0,48,20220313,明治安田J3第1節,讃岐,松本,ピカスタ,20220327,明治安田J3第3節,讃岐,長野,長野Ｕ,1,1053530,
250,Ｊ２・Ｊ３百年構想,31204,高知,1636325,杉山　伶央,SUGIYAMA Reo,FW,20,東京都,170,64,20000304,白百合ＳＣ-ＦＣ東京Ｕ－１５むさし-ＦＣ東京Ｕ－１８-作新学院大-いわきＦＣ,0,15,34,20220730,明治安田J3第19節,いわき,富山,富山,20250517,明治安田J3第13節,高知,群馬,正田スタ,1,798301,798301
250,Ｊ２・Ｊ３百年構想,31204,高知,1646921,長　疾風,CHO Hayate,FW,33,三重県,169,64,20070817,ＴＫ　ＴＥＩＳＵＩ　ＬＡＶＥＲＯＵＧ-ＦＣグランリオ鈴鹿-鹿島アントラーズユース,0,0,0,,,,,,,,,,,1,1053538,
250,Ｊ２・Ｊ３百年構想,31204,高知,1647558,新谷　聖基,SHINTANI Masaki,FW,9,京都府,171,75,19980612,Ｖｅｒｖｅｎｔｏ京都ＦＣ-東山高-京都先端科学大,0,0,32,20250216,明治安田J3第1節,高知,栃木SC,カンセキ,20250420,明治安田J3第10節,高知,福島,とうスタ,1,999888,895984
250,Ｊ２・Ｊ３百年構想,30313,北九州,600708,大谷　幸輝,OTANI Koki,GK,31,熊本県,186,87,19890408,タイケンＳＣ熊本-ブレイズ熊本-リベルタ北熊本-ベアーズＦＣエスパーダ-ランザ熊本-浦和レッズユース-浦和レッズ-ギラヴァンツ北九州-浦和レッズ-アルビレックス新潟-北海道コンサドーレ札幌,30,98,6,20140302,J2第1節,北九州,京都,本城,,,,,,1,254437,254437
250,Ｊ２・Ｊ３百年構想,30313,北九州,1502762,伊藤　剛,ITO Go,GK,1,埼玉県,191,86,19940323,幸手上高野ＳＣ-ＦＣ古河Ｊｒユース-帝京高-日本大-ＦＫゾラ／モンテネグロ-ＦＫコム／モンテネグロ-ＦＫイスクラ／モンテネグロ-ＮＫズビエズダ／ボスニア・ヘルツェゴビナ-湘南ベルマーレ-福島ユナイテッドＦＣ-湘南ベルマーレ-福島ユナイテッドＦＣ-栃木シティＦＣ-東京ユナイテッドＦＣ-ヴェロスクロノス都農,0,0,14,20170708,明治安田J3第16節,福島,Ｆ東23,とうスタ,,,,,,1,929385,815425
250,Ｊ２・Ｊ３百年構想,30313,北九州,1624680,杉本　光希,SUGIMOTO Mitsuki,GK,41,新潟県,181,76,20010817,桃山クラマーズ-山の下中-ジュビロ磐田Ｕ－１８-立正大-ジュビロ磐田-ギラヴァンツ北九州-ジュビロ磐田,2,0,18,20240706,明治安田J1第22節,磐田,川崎Ｆ,ヤマハ,,,,,,1,822128,896236
250,Ｊ２・Ｊ３百年構想,30313,北九州,1636254,谷口　璃成,TANIGUCHI Rissei,GK,39,香川県,194,80,20030607,香西ＳＳＳ-勝賀中-明秀学園日立高-ファジアーノ岡山-レイラック滋賀-ファジアーノ岡山-ギラヴァンツ北九州-ファジアーノ岡山,0,0,0,,,,,,,,,,,1,929392,815432
250,Ｊ２・Ｊ３百年構想,30313,北九州,1604082,福森　健太,FUKUMORI Kenta,DF,30,東京都,169,68,19940704,清新第三ＳＣ-ＦＣ東京Ｕ－１５深川-ＦＣ東京Ｕ－１８-鹿屋体育大-ギラヴァンツ北九州-大分トリニータ-ギラヴァンツ北九州-大分トリニータ-栃木ＳＣ-大分トリニータ-栃木ＳＣ-大分トリニータ-栃木ＳＣ,9,127,88,20161008,明治安田J2第35節,北九州,東京Ｖ,味スタ,20200913,明治安田J2第19節,北九州,新潟,ミクスタ,1,790050,790050
250,Ｊ２・Ｊ３百年構想,30313,北九州,1609242,長谷川　光基,HASEGAWA Koki,DF,4,東京都,178,70,19990427,ＦＣ春江-ＦＣ東京Ｕ－１５深川-ＦＣ東京Ｕ－１８-順天堂大,0,0,79,20170312,明治安田J3第1節,Ｆ東23,富山,夢の島,20170722,明治安田J3第18節,Ｆ東23,北九州,味フィ西,1,929395,815435
250,Ｊ２・Ｊ３百年構想,30313,北九州,1617895,生駒　仁,IKOMA Jin,DF,22,鹿児島県,185,77,19990701,ＦＣ枕崎キッズ-鹿児島育英館中-鹿児島城西高-横浜Ｆ・マリノス-カターレ富山-横浜Ｆ・マリノス-ギラヴァンツ北九州-横浜Ｆ・マリノス-ギラヴァンツ北九州-横浜Ｆ・マリノス-ギラヴァンツ北九州-横浜Ｆ・マリノス-レノファ山口ＦＣ-いわきＦＣ,0,115,4,20190331,明治安田J3第4節,北九州,相模原,ミクスタ,20210523,明治安田J2第15節,北九州,大宮,ミクスタ,1,727153,727153
250,Ｊ２・Ｊ３百年構想,30313,北九州,1631671,奈良坂　巧,NARASAKA Takumi,DF,2,神奈川県,187,82,20020706,横浜すみれＳＣ-ＪＦＣ　ＦＵＴＵＲＯ-クラブテアトロＪｒユース-桐光学園高-ＦＣ町田ゼルビア-カマタマーレ讃岐-ＦＣ町田ゼルビア-カマタマーレ讃岐-ＦＣ町田ゼルビア,0,3,43,20210613,明治安田J2第18節,町田,秋田,Ｇスタ,,,,,,1,929342,815669
250,Ｊ２・Ｊ３百年構想,30313,北九州,1645979,西袋　裕太,SAITAI Yuta,DF,96,埼玉県,183,81,19940906,道祖土サッカー少年団-浦和レッズＪｒユース-浦和レッズユース-神奈川大-横浜猛蹴ＦＣ-ＶＯＮＤＳ市原ＦＣ-ブリオベッカ浦安-ＦＣ今治,0,2,3,20240817,明治安田J3第24節,今治,FC大阪,アシさと,,,,,,1,969765,815560
250,Ｊ２・Ｊ３百年構想,30313,北九州,1646561,世良　務,SERA Tsukasa,DF,42,福岡県,175,67,20060417,ＦＣ　ＭＯＪＩ　ＵＭＡＮＯＳＥ　２００８-ギラヴァンツ北九州Ｕ－１５-ギラヴァンツ北九州Ｕ－１８,0,0,0,,,,,,,,,,,1,929408,815448
250,Ｊ２・Ｊ３百年構想,30313,北九州,1653195,前田　稜太,MAEDA Ryota,DF,23,佐賀県,180,75,20040122,Ｂｒａｉｎｓ　ＪＳＣ-Ｂｒａｉｎｓ　ＳＣ-東福岡高-佐賀大,0,0,0,,,,,,,,,,,1,1052745,
250,Ｊ２・Ｊ３百年構想,30313,北九州,1100197,牛之濵　拓,USHINOHAMA Taku,MF,21,鹿児島県,172,65,19920714,アビスパ福岡Ｕ－１２-アビスパ福岡Ｕ－１５-アビスパ福岡Ｕ－１８-アビスパ福岡-グルージャ盛岡-栃木ＳＣ-鹿児島ユナイテッドＦＣ-栃木ＳＣ-鹿児島ユナイテッドＦＣ-ガイナーレ鳥取-鹿児島ユナイテッドＦＣ,4,76,207,20110529,J1第13節,福岡,名古屋,豊田ス,20111119,J1第32節,福岡,山形,ＮＤスタ,1,929382,815422
250,Ｊ２・Ｊ３百年構想,30313,北九州,1500446,星　広太,HOSHI Kota,MF,6,神奈川県,171,63,19920727,つくし野サッカースポーツ少年団-横浜Ｆ・マリノスＪｒユース-横浜Ｆ・マリノスユース-神奈川大-福島ユナイテッドＦＣ-ＳＣ相模原-鹿児島ユナイテッドＦＣ,0,41,245,20150503,明治安田J3第9節,福島,相模原,ギオンス,20151004,明治安田J3第32節,福島,YS横浜,とうスタ,1,816113,815910
250,Ｊ２・Ｊ３百年構想,30313,北九州,1612654,井澤　春輝,IZAWA Haruki,MF,14,宮崎県,178,73,19990614,ソレッソ熊本-浦和レッズユース-浦和レッズ-徳島ヴォルティス-浦和レッズ-鹿児島ユナイテッドＦＣ-浦和レッズ,0,14,78,20200711,明治安田J3第3節,鹿児島,今治,夢スタ,20241006,明治安田J3第31節,北九州,相模原,ギオンス,1,929386,815426
250,Ｊ２・Ｊ３百年構想,30313,北九州,1617963,髙橋　大悟,TAKAHASHI Daigo,MF,66,鹿児島県,165,60,19990417,宮浦ＳＳＳ-神村学園中-神村学園高-清水エスパルス-ギラヴァンツ北九州-清水エスパルス-ギラヴァンツ北九州-清水エスパルス-ギラヴァンツ北九州-清水エスパルス-ＦＣ町田ゼルビア-大分トリニータ-ＦＣ町田ゼルビア-ギラヴァンツ北九州-ＦＣ町田ゼルビア,9,121,33,20190901,明治安田J3第21節,北九州,八戸,ダイスタ,20190901,明治安田J3第21節,北九州,八戸,ダイスタ,1,254587,254587
250,Ｊ２・Ｊ３百年構想,30313,北九州,1629476,吉長　真優,YOSHINAGA Mahiro,MF,8,東京都,173,70,20020320,ＦＣ府中-成立学園高-ジュビロ磐田-カマタマーレ讃岐-ジュビロ磐田-ギラヴァンツ北九州-ジュビロ磐田,18,14,21,20201108,明治安田J2第32節,磐田,愛媛,ヤマハ,20220903,明治安田J1第28節,磐田,柏,エコパ,1,254446,254446
250,Ｊ２・Ｊ３百年構想,30313,北九州,1630161,平松　昇,HIRAMATSU Sho,MF,24,静岡県,167,64,19981126,島田第一サッカースポーツ少年団-清水エスパルスＪｒユース-清水エスパルスユース-立正大-湘南ベルマーレ-ツエーゲン金沢-湘南ベルマーレ-ツエーゲン金沢-湘南ベルマーレ-ＦＣ琉球-湘南ベルマーレ-ＦＣ琉球,4,51,98,20200905,明治安田J1第14節,湘南,神戸,ＢＭＷス,20211103,明治安田J2第37節,金沢,愛媛,石川西部,1,929015,815845
250,Ｊ２・Ｊ３百年構想,30313,北九州,1633172,熊澤　和希,KUMASAWA Kazuki,MF,13,神奈川県,180,75,20010113,酒匂ＳＣ-ＦＣ厚木ＤＲＥＡＭＳ-流通経済大付属柏高-流通経済大-柏レイソル,18,0,0,20240412,明治安田J1第8節,柏,浦和,三協Ｆ柏,,,,,,1,818280,896129
250,Ｊ２・Ｊ３百年構想,30313,北九州,1636268,平原　隆暉,HIRAHARA Ryuki,MF,7,埼玉県,168,62,20030501,大増サンライズＦＣ-ＦＣ　ＬＡＶＩＤＡ-昌平高,0,0,52,20221030,明治安田J3第31節,北九州,讃岐,ピカスタ,,,,,,1,929396,815436
250,Ｊ２・Ｊ３百年構想,30313,北九州,1636283,丸山　壮大,MARUYAMA Sota,MF,16,新潟県,173,69,19990625,青山サッカー少年団-アルビレックス新潟Ｕ－１５-アルビレックス新潟Ｕ－１８-東京農業大-ガイナーレ鳥取,0,0,99,20220320,明治安田J3第2節,鳥取,讃岐,ピカスタ,20240629,明治安田J3第19節,鳥取,奈良,ロートＦ,1,929243,815520
250,Ｊ２・Ｊ３百年構想,30313,北九州,1640641,岡野　凜平,OKANO Rimpei,MF,17,長崎県,165,62,20000915,フェニックスＦＣ-ＦＣ　ＢＲＩＳＴＯＬ　Ｕ－１５-Ｖ・ファーレン長崎Ｕ－１８-日本文理大,0,0,100,20230305,明治安田J3第1節,北九州,岐阜,ミクスタ,20240324,明治安田J3第6節,北九州,今治,里山Ｓ,1,929402,815442
250,Ｊ２・Ｊ３百年構想,30313,北九州,1645966,官澤　琉汰,KANZAWA Ryuta,MF,40,島根県,175,68,20051031,ｍ．ｌ．ｃ浜田ｕ１２-レスポール浜田Ｊｒユース-ギラヴァンツ北九州Ｕ－１８-ギラヴァンツ北九州-ベルガロッソいわみ,0,0,0,,,,,,,,,,,1,929407,
250,Ｊ２・Ｊ３百年構想,30313,北九州,1647895,木實　快斗,KONOMI Kaito,MF,28,熊本県,171,68,20070227,ソレッソ熊本Ｕ－１２-ソレッソ熊本Ｕ－１５-セレッソ大阪Ｕ－１８-セレッソ大阪-ギラヴァンツ北九州-セレッソ大阪,0,0,26,20250301,明治安田J3第3節,北九州,岐阜,長良川,,,,,,1,1001143,896246
250,Ｊ２・Ｊ３百年構想,30313,北九州,1652498,坂下　湧太郎,SAKASHITA Yutaro,MF,51,福岡県,170,62,20070806,ＦＣ花鶴オセアノ-ギラヴァンツ北九州Ｕ－１５-ギラヴァンツ北九州Ｕ－１８,0,0,0,,,,,,,,,,,1,,
250,Ｊ２・Ｊ３百年構想,30313,北九州,1000051,永井　龍,NAGAI Ryo,FW,10,兵庫県,180,72,19910523,西宮少年ＳＣ-セレッソ大阪Ｕ－１５-セレッソ大阪Ｕ－１８-セレッソ大阪-パースグローリーＦＣ／オーストラリア-セレッソ大阪-大分トリニータ-セレッソ大阪-Ｖ・ファーレン長崎-名古屋グランパス-松本山雅ＦＣ-サンフレッチェ広島-ファジアーノ岡山-サンフレッチェ広島-ファジアーノ岡山,99,111,62,20100925,J1第24節,Ｃ大阪,神戸,ホームズ,20140913,J1第23節,Ｃ大阪,柏,ヤンマー,1,254570,254570
250,Ｊ２・Ｊ３百年構想,30313,北九州,1632369,河辺　駿太郎,KAWABE Shuntaro,FW,9,大分県,166,68,19960526,寒田少年ＳＣ-ＦＣ　ＲＥＧＡＴＥ-大分西高-明治大-ＦＶディーフレン／ドイツ-ＴＳＧプフェッダースハイム／ドイツ-ジェイリースＦＣ-Ｙ．Ｓ．Ｃ．Ｃ．横浜-鹿児島ユナイテッドＦＣ-いわてグルージャ盛岡-鹿児島ユナイテッドＦＣ,0,6,87,20210314,明治安田J3第1節,YS横浜,富山,ニッパツ,20210912,明治安田J3第18節,YS横浜,宮崎,ユニスタ,1,827224,815692
250,Ｊ２・Ｊ３百年構想,30313,北九州,1640635,高　昇辰,KOH Seung Jin,FW,29,京都府,172,68,20001010,ＫＯＲＥＡ　ＦＣ-京都朝鮮中級学校-京都朝鮮高級学校-日本文理大,0,0,89,20230305,明治安田J3第1節,北九州,岐阜,ミクスタ,20230611,明治安田J3第13節,北九州,奈良,ミクスタ,1,929405,815445
250,Ｊ２・Ｊ３百年構想,30313,北九州,1640643,坪郷　来紀,TSUBOGO Raiki,FW,25,福岡県,172,62,20041011,フェニックスＦＣ-ギラヴァンツ北九州Ｕ－１５-ギラヴァンツ北九州Ｕ－１８-ギラヴァンツ北九州-ベルガロッソいわみ,0,0,13,20250614,明治安田J3第16節,北九州,沼津,ミクスタ,,,,,,1,929404,815444
250,Ｊ２・Ｊ３百年構想,30313,北九州,1643446,吉原　楓人,YOSHIHARA Futo,FW,19,千葉県,182,73,20060920,ＦＣ幕西-Ｗｉｎｇｓ-柏レイソルＵ－１５-柏レイソルＵ－１８,0,0,8,20250315,明治安田J3第5節,北九州,八戸,ミクスタ,,,,,,1,1002195,896276
250,Ｊ２・Ｊ３百年構想,30313,北九州,1645965,渡邉　颯太,WATANABE Sota,FW,18,滋賀県,180,74,20020301,甲南Ｆ．Ｃ-甲南中-草津東高-関西学院大,0,0,47,20240224,明治安田J3第1節,北九州,相模原,ミクスタ,20241102,明治安田J3第35節,北九州,沼津,ミクスタ,1,929406,815446
250,Ｊ２・Ｊ３百年構想,30313,北九州,1651451,吉田　晃盛,YOSHIDA Kosei,FW,37,福岡県,175,70,20030717,行橋ＳＳＳ-小倉南ＦＣＪｒユース-九州国際大付属高-新潟医療福祉大,0,0,0,,,,,,,,,,,1,1052747,
250,Ｊ２・Ｊ３百年構想,269,鳥栖,1000660,内山　圭,UCHIYAMA Kei,GK,35,神奈川県,181,74,19930719,ＦＣ本郷-横浜Ｆ・マリノスプライマリー新子安-川崎フロンターレＵ－１５-川崎フロンターレＵ－１８-東海大-東京武蔵野シティＦＣ-ロアッソ熊本-藤枝ＭＹＦＣ-サガン鳥栖-藤枝ＭＹＦＣ,0,9,70,20200627,明治安田J3第1節,熊本,鹿児島,えがおＳ,,,,,,1,606595,606595
250,Ｊ２・Ｊ３百年構想,269,鳥栖,1631676,松原　颯汰,MATSUBARA Sota,GK,12,大阪府,181,76,20020930,阪南ＦＣ-ＲＩＰ　ＡＣＥ-流通経済大付属柏高-ジェフユナイテッド千葉-セレッソ大阪-ジェフユナイテッド千葉-ＡＣ長野パルセイロ-ジェフユナイテッド千葉-ＡＣ長野パルセイロ-ジェフユナイテッド千葉,0,1,51,20220702,明治安田J2第24節,千葉,大分,昭和電ド,,,,,,1,790935,790935
250,Ｊ２・Ｊ３百年構想,269,鳥栖,1636266,泉森　涼太,IZUMORI Ryota,GK,1,大阪府,181,81,19990721,和泉市ＦＣ-和泉ＦＣ-鹿児島城西高-大阪体育大-鹿児島ユナイテッドＦＣ,0,69,11,20230923,明治安田J3第28節,鹿児島,愛媛,ニンスタ,,,,,,1,815474,815865
250,Ｊ２・Ｊ３百年構想,269,鳥栖,1648397,エジケ　唯吹ヴィンセント,EJIKE Ibuki Vincent Jr,GK,46,福岡県,182,71,20081231,ＦＣセントラル福岡-サガン鳥栖Ｕ－１５,0,0,0,,,,,,,,,,,1,,
250,Ｊ２・Ｊ３百年構想,269,鳥栖,1503341,今津　佑太,IMAZU Yuta,DF,4,山梨県,184,80,19950708,甲西トラベッソジュニア-甲西トラベッソＪｒユース-流通経済大付属柏高-流通経済大-ヴァンフォーレ甲府-サンフレッチェ広島-Ｖ・ファーレン長崎-ヴァンフォーレ甲府,26,127,0,20180303,明治安田J2第2節,甲府,東京Ｖ,中銀スタ,20180620,明治安田J2第17節,甲府,新潟,デンカＳ,1,254470,254470
250,Ｊ２・Ｊ３百年構想,269,鳥栖,1600518,森下　怜哉,MORISHITA Reiya,DF,37,大阪府,181,76,19981101,楠木ＪＳＣ-長野ＦＣ-セレッソ大阪Ｕ－１８-セレッソ大阪-栃木ＳＣ-セレッソ大阪-松本山雅ＦＣ-セレッソ大阪-ＦＣ町田ゼルビア-セレッソ大阪-愛媛ＦＣ,0,114,135,20160313,明治安田J3第1節,Ｃ大23,盛岡,金鳥スタ,20160402,明治安田J3第3節,Ｃ大23,琉球,金鳥スタ,1,813862,815876
250,Ｊ２・Ｊ３百年構想,269,鳥栖,1630185,上原　牧人,UEHARA Makito,DF,91,沖縄県,182,78,19981120,高良ＦＣ-小禄中-那覇西高-城西国際大-ＦＣ琉球,0,74,63,20200816,明治安田J2第12節,琉球,群馬,正田スタ,20201101,明治安田J2第30節,琉球,大宮,ＮＡＣＫ,1,929013,815843
250,Ｊ２・Ｊ３百年構想,269,鳥栖,1632424,安藤　寿岐,ANDO Toshiki,DF,26,佐賀県,176,73,20031014,サガン鳥栖Ｕ－１５唐津-サガン鳥栖Ｕ－１８-筑波大,0,3,0,20250215,明治安田J2第1節,鳥栖,仙台,駅スタ,,,,,,1,1010315,895942
250,Ｊ２・Ｊ３百年構想,269,鳥栖,1635316,小川　大空,OGAWA Sora,DF,33,大阪府,180,72,19991018,ＲＩＰ　ＡＣＥ　ＳＣ-阪南大付属高-大阪体育大-愛媛ＦＣ,0,77,49,20210925,明治安田J2第31節,愛媛,山形,ニンスタ,20221030,明治安田J3第31節,愛媛,鹿児島,白波スタ,1,813863,815877
250,Ｊ２・Ｊ３百年構想,269,鳥栖,1636279,神山　京右,KAMIYAMA Kyosuke,DF,3,神奈川県,178,72,20000102,東急ＳレイエスＦＣ-横浜ＦＣユース-東洋大-カターレ富山,0,37,63,20220313,明治安田J3第1節,富山,愛媛,ニンスタ,20220702,明治安田J3第15節,富山,福島,とうスタ,1,929142,815577
250,Ｊ２・Ｊ３百年構想,269,鳥栖,1641665,長澤　シヴァタファリ,NAGASAWA Shiva Tafari,DF,5,ブラジル,186,83,20011212,東京武蔵野シティＦＣ　Ｕ－１５-東京武蔵野シティＦＣ　Ｕ－１８-関東学院大-サガン鳥栖-水戸ホーリーホック,3,42,0,20230409,明治安田J1第7節,鳥栖,広島,Ｅスタ,20240803,明治安田J2第25節,水戸,長崎,トラスタ,1,624836,624836
250,Ｊ２・Ｊ３百年構想,269,鳥栖,1645954,北島　郁哉,KITAJIMA Fumiya,DF,23,佐賀県,171,67,20051120,サガン鳥栖Ｕ－１２-サガン鳥栖Ｕ－１５-サガン鳥栖Ｕ－１８,4,7,0,20240531,明治安田J1第17節,鳥栖,FC東京,駅スタ,,,,,,1,827184,896153
250,Ｊ２・Ｊ３百年構想,269,鳥栖,1646292,黒木　雄也,KUROKI Yuya,DF,34,大阪府,183,74,20071204,ＲＩＰ　ＡＣＥ　ＳＣ-寝屋川市立第九中-サガン鳥栖Ｕ－１８,0,0,0,,,,,,,,,,,1,,896341
250,Ｊ２・Ｊ３百年構想,269,鳥栖,1648377,磯谷　駿,ISOTANI Shun,DF,76,山口県,181,77,20020730,山の田サッカースポーツ少年団-ミレニオアスレティック-九州国際大学付属高-福岡大-レノファ山口ＦＣ,0,23,0,20250323,明治安田J2第6節,山口,熊本,みらスタ,,,,,,1,1003628,896182
250,Ｊ２・Ｊ３百年構想,269,鳥栖,1600005,田中　雄大,TANAKA Yudai,MF,29,神奈川県,163,63,19991214,南百合丘ＳＣ-ＦＣ多摩Ｊｒユース-桐光学園高-早稲田大-ファジアーノ岡山-ヴァンフォーレ甲府-ファジアーノ岡山,0,137,0,20220220,明治安田J2第1節,岡山,甲府,Ｃスタ,20220220,明治安田J2第1節,岡山,甲府,Ｃスタ,1,727117,727117
250,Ｊ２・Ｊ３百年構想,269,鳥栖,1603086,坂本　亘基,SAKAMOTO Koki,MF,7,熊本県,166,63,19990119,ソレッソ熊本-ロアッソ熊本Ｊｒユース-ロアッソ熊本ユース-明治大-ロアッソ熊本-横浜ＦＣ-モンテディオ山形,25,102,12,20210626,明治安田J3第13節,熊本,讃岐,ピカスタ,20211003,明治安田J3第21節,熊本,藤枝,えがおＳ,1,606609,606609
250,Ｊ２・Ｊ３百年構想,269,鳥栖,1604179,松本　凪生,MATSUMOTO Nagi,MF,2,大阪府,171,66,20010904,喜連東ＦＣ-セレッソ大阪Ｕ－１５-セレッソ大阪Ｕ－１８-セレッソ大阪-栃木ＳＣ-セレッソ大阪-ヴァンフォーレ甲府-セレッソ大阪-ヴァンフォーレ甲府-セレッソ大阪-モンテディオ山形-セレッソ大阪-サガン鳥栖-セレッソ大阪,0,127,56,20180401,明治安田J3第5節,Ｃ大23,Ｆ東23,金鳥スタ,20200822,明治安田J3第11節,Ｃ大23,相模原,ヤンマー,1,726998,726998
250,Ｊ２・Ｊ３百年構想,269,鳥栖,1611142,西澤　健太,NISHIZAWA Kenta,MF,16,静岡県,171,67,19960906,カワハラＦＣ-清水エスパルスＪｒユース-清水エスパルスユース-筑波大-清水エスパルス,94,73,0,20190518,明治安田J1第12節,清水,大分,昭和電ド,20190615,明治安田J1第15節,清水,横浜FM,アイスタ,1,26977,26977
250,Ｊ２・Ｊ３百年構想,269,鳥栖,1624330,城定　幹大,JOJO Kanta,MF,13,埼玉県,178,70,20010215,ジョカーレＦＣ-市立船橋高-産業能率大-福島ユナイテッドＦＣ,0,0,88,20230305,明治安田J3第1節,福島,今治,里山Ｓ,20240428,明治安田J3第11節,福島,岩手,とうスタ,1,929321,815483
250,Ｊ２・Ｊ３百年構想,269,鳥栖,1631675,櫻井　辰徳,SAKURAI Tatsunori,MF,6,埼玉県,178,68,20020726,越生サッカー少年団-東松山ペレーニアＪｒユース-前橋育英高-ヴィッセル神戸-徳島ヴォルティス-ヴィッセル神戸-徳島ヴォルティス-ヴィッセル神戸-水戸ホーリーホック-ヴィッセル神戸-サガン鳥栖-ヴィッセル神戸,2,96,0,20210924,明治安田J1第30節,神戸,清水,アイスタ,,,,,,1,790925,790925
250,Ｊ２・Ｊ３百年構想,269,鳥栖,1635506,弓場　堅真,YUBA Kenshin,MF,22,大阪府,163,61,20001012,大伴ＦＣ-川上ＦＣ-浜松開誠館高-国士舘大-Ｈｏｎｄａ　ＦＣ-ＦＣ今治,0,34,25,20240225,明治安田J3第1節,今治,鳥取,里山Ｓ,20240831,明治安田J3第26節,今治,奈良,アシさと,1,929125,815559
250,Ｊ２・Ｊ３百年構想,269,鳥栖,1636308,玄　理吾,HYON Rio,MF,18,兵庫県,171,61,20031230,西宮ＳＳ-ＦＣ．Ｌｉｂｒｅ-静岡学園高-徳島ヴォルティス-栃木ＳＣ-徳島ヴォルティス,0,71,0,20220417,明治安田J2第10節,徳島,水戸,Ｋｓスタ,,,,,,1,798088,798088
250,Ｊ２・Ｊ３百年構想,269,鳥栖,1636531,楢原　慶輝,NARAHARA Yoshiki,MF,8,福岡県,168,61,20040407,サガン鳥栖Ｕ－１５-サガン鳥栖Ｕ－１８,18,2,0,20220710,明治安田J1第21節,鳥栖,柏,駅スタ,20230819,明治安田J1第24節,鳥栖,鹿島,カシマ,1,254548,254548
250,Ｊ２・Ｊ３百年構想,269,鳥栖,1640604,豊田　歩,TOYODA Ayumu,MF,20,東京都,171,67,20001125,Ｎ．Ｗ．ＦＣ-横河武蔵野ＦＣ　Ｕ－１２-横河武蔵野ＦＣ-國學院久我山高-中央大-ロアッソ熊本,0,73,0,20230409,明治安田J2第8節,熊本,金沢,えがおＳ,20240225,明治安田J2第1節,熊本,清水,えがおＳ,1,789910,789910
250,Ｊ２・Ｊ３百年構想,269,鳥栖,1641500,堺屋　佳介,SAKAIYA Keisuke,MF,14,福岡県,173,68,20050507,鯰田ＦＣ-サガン鳥栖Ｕ－１５-サガン鳥栖Ｕ－１８,16,6,0,20240316,明治安田J1第4節,鳥栖,Ｃ大阪,駅スタ,20240816,明治安田J1第27節,鳥栖,札幌,プレド,1,814258,896151
250,Ｊ２・Ｊ３百年構想,269,鳥栖,1647905,ヴィキンタス　スリヴカ,VYKINTAS SLIVKA,MF,77,リトアニア,187,81,19950429,ユベントス／イタリア-モデナＦＣ．２０１８／イタリア-ＮＤゴリツァ／スロベニア-ＦＣデン　ボス／オランダ-アスコリ　カルチョ１８９８ＦＣ／イタリア-ハイバーニアンＦＣ／スコットランド-アポロン　スミルニＦＣ／ギリシャ-ＰＡＳラミア１９６４／ギリシャ,14,34,0,20240714,明治安田J1第23節,鳥栖,Ｇ大阪,駅スタ,20241005,明治安田J1第33節,鳥栖,FC東京,味スタ,1,11380,11380
250,Ｊ２・Ｊ３百年構想,269,鳥栖,1652434,池田　季礼,IKEDA Tokia,MF,36,長崎県,176,67,20070729,デサフィーゴ波佐見ＦＣ-サガン鳥栖Ｕ－１５唐津-サガン鳥栖Ｕ－１８,0,0,0,,,,,,,,,,,1,,
250,Ｊ２・Ｊ３百年構想,269,鳥栖,1655804,水巻　時飛,MIZUMAKI Tokito,MF,38,愛知県,168,63,20070614,ＦＣフェルボール愛知Ｕ－１２-ＦＣフェルボール愛知-サガン鳥栖Ｕ－１８,0,0,0,,,,,,,,,,,1,,
250,Ｊ２・Ｊ３百年構想,269,鳥栖,1656002,松岡　響祈,MATSUOKA Hibiki,MF,41,熊本県,172,67,20050202,ソレッソ熊本Ｕ－１２-ソレッソ熊本Ｕ－１５-サガン鳥栖Ｕ－１８-ＩＰＵ環太平洋大在学中,0,0,0,,,,,,,,,,,1,1059915,
250,Ｊ２・Ｊ３百年構想,269,鳥栖,1656020,伊澤　璃来,IZAWA Riku,MF,47,北海道,168,58,20090729,北海道コンサドーレ東川Ｕ－１２-サガン鳥栖Ｕ－１５,0,0,0,,,,,,,,,,,1,1067217,
250,Ｊ２・Ｊ３百年構想,269,鳥栖,1656596,芳野　凱斗,YOSHINO Kaito,MF,43,福岡県,170,68,20050330,オリエントＦＣ．Ｕ１２-オリエントＦＣ．Ｕ１５-飯塚高-福岡大在学中,0,0,0,,,,,,,,,,,1,1065628,
250,Ｊ２・Ｊ３百年構想,269,鳥栖,1100169,酒井　宣福,SAKAI Noriyoshi,FW,15,新潟県,180,80,19921109,三条サッカースポーツ少年団-レザーＦＣＪｒユース-帝京長岡高-アルビレックス新潟-アビスパ福岡-アルビレックス新潟-アビスパ福岡-アルビレックス新潟-ファジアーノ岡山-アルビレックス新潟-大宮アルディージャ-サガン鳥栖-名古屋グランパス-レノファ山口ＦＣ-名古屋グランパス,101,168,0,20110507,J1第10節,新潟,大宮,ＮＡＣＫ,20140426,J2第9節,福岡,群馬,正田スタ,1,254571,254571
250,Ｊ２・Ｊ３百年構想,269,鳥栖,1632767,塩浜　遼,SHIOHAMA Ryo,FW,88,滋賀県,170,66,20000507,ＦＣ．ＳＥＴＡ　２００２　ＳＨＩＧＡ-笠縫オレンジボーイズＳＣ-静岡学園中-静岡学園高-順天堂大-福島ユナイテッドＦＣ-ロアッソ熊本,0,37,74,20230305,明治安田J3第1節,福島,今治,里山Ｓ,20230618,明治安田J3第14節,福島,八戸,プラスタ,1,929320,815482
250,Ｊ２・Ｊ３百年構想,269,鳥栖,1641501,鈴木　大馳,SUZUKI Daichi,FW,19,愛知県,181,70,20061108,アクアＪＦＣ-ＦＣフェルボール愛知-サガン鳥栖Ｕ－１８,4,22,0,20241005,明治安田J1第33節,鳥栖,FC東京,味スタ,20241103,明治安田J1第35節,鳥栖,町田,駅スタ,1,851226,896152
250,Ｊ２・Ｊ３百年構想,269,鳥栖,1650798,ジョー,JO,FW,9,ブラジル,190,86,19990221,パラナ　サッカー　テクニカル　センター／ブラジル-アヴァイＦＣ／ブラジル-オエステＦＣ／ブラジル-アヴァイＦＣ／ブラジル-ボタフォゴＦ．Ｒ．／ブラジル-セントロ　スポルチヴォ　アラゴア―ノ／ブラジル-サンパイオ　コヘイア／ブラジル-ロンドリーナＥＣ／ブラジル-ボタフォゴＰＢ／ブラジル-ボタフォゴＦ．Ｒ．／ブラジル,0,6,0,20250215,明治安田J2第1節,鳥栖,仙台,駅スタ,,,,,,1,774342,774342
250,Ｊ２・Ｊ３百年構想,269,鳥栖,1656023,合戸　晴矢,GOTO Haruya,FW,42,福岡県,177,73,20040508,ＦＣ　ＬＡＰＡＳＩＯＮ　Ｕ１２-ＦＣ　ＬＡＰＡＳＩＯＮ　Ｕ１５-福岡大附属若葉高-福岡大在学中,0,0,0,,,,,,,,,,,1,,
250,Ｊ２・Ｊ３百年構想,30303,熊本,400737,佐藤　優也,SATO Yuya,GK,23,千葉県,186,90,19860210,市川第一中-市立船橋高-ヴァンフォーレ甲府-コンサドーレ札幌-ヴァンフォーレ甲府-コンサドーレ札幌-ギラヴァンツ北九州-東京ヴェルディ-ジェフユナイテッド千葉,15,392,26,20041016,J2第38節,甲府,水戸,水戸,,,,,,1,789919,789919
250,Ｊ２・Ｊ３百年構想,30303,熊本,1632986,武者　大夢,MUSHA Hiromu,GK,16,北海道,186,83,19990107,北海道大谷室蘭高-関東学院大-いわてグルージャ盛岡-アスルクラロ沼津,0,0,79,20220327,明治安田J3第3節,沼津,岐阜,愛鷹,,,,,,1,929093,815644
250,Ｊ２・Ｊ３百年構想,30303,熊本,1636523,西村　遥己,NISHIMURA Haruki,GK,21,埼玉県,187,75,20030419,ヨーケン東京ＦＣ-フィグラーレ狭山ＦＣ-昌平高-アルビレックス新潟-松本山雅ＦＣ-アルビレックス新潟,0,0,0,,,,,,,,,,,1,,645479
250,Ｊ２・Ｊ３百年構想,30303,熊本,1641507,佐藤　史騎,SATO Shibuki,GK,1,東京都,183,83,20011101,ミッキーＳＣ-横浜ＦＣＪｒユース-青森山田高-東海大,0,17,0,20250615,明治安田J2第19節,熊本,甲府,ＪＩＴス,,,,,,1,819559,894406
250,Ｊ２・Ｊ３百年構想,30303,熊本,1656856,永野　春樹,NAGANO Haruki,GK,31,福岡県,178,60,20080612,サガン鳥栖Ｕ－１２-アヴァンスＳＳ　Ｕ－１５,0,0,0,,,,,,,,,,,1,,
250,Ｊ２・Ｊ３百年構想,30303,熊本,1000193,黒木　晃平,KUROKI Kohei,DF,2,熊本県,175,70,19890731,ウィングスＦＣ熊本-大津中-大津高-佐賀大-サガン鳥栖-ロアッソ熊本-サガン鳥栖-ロアッソ熊本-サガン鳥栖,3,315,87,20100529,J2第15節,鳥栖,北九州,ベアスタ,20130331,J2第6節,熊本,富山,うまスタ,1,789911,789911
250,Ｊ２・Ｊ３百年構想,30303,熊本,1624509,大西　遼太郎,ONISHI Ryotaro,DF,3,静岡県,179,74,19971124,広沢ＳＳＳ-ジュビロＳＳ浜松-ジュビロ磐田Ｕ－１８-法政大-ＦＣ岐阜,0,99,51,20200705,明治安田J3第2節,岐阜,鳥取,Ａｘｉｓ,20200909,明治安田J3第11節,岐阜,福島,とうスタ,1,789912,789912
250,Ｊ２・Ｊ３百年構想,30303,熊本,1631772,岩下　航,IWASHITA Wataru,DF,6,熊本県,177,73,19990401,ＦＣＫマリーゴールド熊本Ｕ－１２-ＦＣＫマリーゴールド熊本-前橋育英高-桐蔭横浜大-ロアッソ熊本-柏レイソル-ロアッソ熊本-柏レイソル,5,71,25,20210320,明治安田J3第2節,熊本,鹿児島,えがおＳ,20210411,明治安田J3第5節,熊本,福島,とうスタ,1,254522,254522
250,Ｊ２・Ｊ３百年構想,30303,熊本,1639771,薬師田　澪,YAKUSHIDA Rei,DF,4,熊本県,183,74,20031017,ＵＫＩ－Ｃ．ＦＣ　Ｕ－１２-小川中-大津高-法政大,0,0,0,,,,,,,,,,,1,1050345,
250,Ｊ２・Ｊ３百年構想,30303,熊本,1647667,戸田　峻平,TODA Shumpei,DF,26,鹿児島県,178,77,20040116,太陽ＳＣ国分-Ｆ．Ｃ　ｃｕｏｒｅ-サガン鳥栖Ｕ－１８-鹿屋体育大,0,0,0,,,,,,,,,,,1,,
250,Ｊ２・Ｊ３百年構想,30303,熊本,1650521,長嶋　志歩,NAGASHIMA Shia,DF,30,大阪府,183,74,20060421,ガンバ大阪門真ジュニア-ガンバ大阪門真Ｊｒユース-相生学院高,0,0,0,,,,,,,,,,,1,,
250,Ｊ２・Ｊ３百年構想,30303,熊本,1650522,李　泰河,RI Thaeha,DF,24,朝鮮民主主義人民共和国,184,81,20030116,ＦＣクライフ-セレッソ大阪西Ｕ－１５-履正社高-朝鮮大,0,26,0,20250302,明治安田J2第3節,熊本,大宮,えがおＳ,,,,,,1,999876,896248
250,Ｊ２・Ｊ３百年構想,30303,熊本,1651811,伊藤　颯真,ITO Soma,DF,35,京都府,181,72,20010718,ＡＳＬ学研都市Ｕ１２-ＡＳＬ学研都市Ｕ１５-洛北高-福岡大-ヴェルスパ大分,0,0,0,,,,,,,,,,,1,1050343,
250,Ｊ２・Ｊ３百年構想,30303,熊本,1300451,上村　周平,KAMIMURA Shuhei,MF,8,熊本県,165,63,19951015,太陽スポーツクラブ熊本Ｕ－１２-ロアッソ熊本Ｊｒユース-ロアッソ熊本ユース,0,229,92,20140531,J2第16節,熊本,富山,水前寺,20170701,明治安田J2第21節,熊本,東京Ｖ,えがおＳ,1,789915,789915
250,Ｊ２・Ｊ３百年構想,30303,熊本,1607294,大本　祐槻,OMOTO Yuki,MF,41,滋賀県,176,69,19940924,ＦＣ湖東-野洲高-阪南大-ＦＣ岐阜-徳島ヴォルティス-Ｖ・ファーレン長崎-アルビレックス新潟-ＦＣ琉球,7,209,0,20170226,明治安田J2第1節,岐阜,山口,長良川,20170603,明治安田J2第17節,岐阜,山形,長良川,1,790047,790047
250,Ｊ２・Ｊ３百年構想,30303,熊本,1618094,三島　頌平,MISHIMA Shohei,MF,15,岐阜県,176,72,19951120,小泉少年ＳＣ-帝京大可児中-帝京大可児高-中央大-ＦＣ岐阜,0,126,36,20180506,明治安田J2第13節,岐阜,松本,長良川,20221008,明治安田J2第40節,熊本,群馬,えがおＳ,1,798183,798183
250,Ｊ２・Ｊ３百年構想,30303,熊本,1629502,松田　詠太郎,MATSUDA Eitaro,MF,22,神奈川県,170,67,20010520,おなりサッカースポーツ少年団-横浜Ｆ・マリノスＪｒユース追浜-横浜Ｆ・マリノスユース-横浜Ｆ・マリノス-ＳＣ相模原-横浜Ｆ・マリノス-大宮アルディージャ-横浜Ｆ・マリノス-アルビレックス新潟-横浜Ｆ・マリノス-アルビレックス新潟-横浜Ｆ・マリノス-アルビレックス新潟-横浜Ｆ・マリノス-サガン鳥栖-横浜Ｆ・マリノス,59,58,7,20200627,明治安田J3第1節,相模原,YS横浜,ギオンス,20200704,明治安田J3第2節,相模原,藤枝,藤枝サ,1,606999,606999
250,Ｊ２・Ｊ３百年構想,30303,熊本,1631747,小林　慶太,KOBAYASHI Keita,MF,5,東京都,177,73,20030130,西砂青少年ＳＣ-ＦＣ東京Ｕ－１５むさし-ＦＣ東京Ｕ－１８-立教大,0,10,0,20250302,明治安田J2第3節,熊本,大宮,えがおＳ,,,,,,1,999874,896090
250,Ｊ２・Ｊ３百年構想,30303,熊本,1633168,永井　颯太,NAGAI Sota,MF,17,栃木県,169,59,19990815,野原グランディオスＦＣ-ホワイトリバーＦＣ-Ｖａｍｏｓ福島ＳＣ-中央学院高-流通経済大-いわきＦＣ-東京ヴェルディ-鹿児島ユナイテッドＦＣ-東京ヴェルディ-ＦＣ琉球-東京ヴェルディ,0,40,43,20220417,明治安田J3第6節,いわき,今治,いわきＧ,20231008,明治安田J2第38節,いわき,仙台,ハワスタ,1,798286,798286
250,Ｊ２・Ｊ３百年構想,30303,熊本,1635460,青木　俊輔,AOKI Shunsuke,MF,39,熊本県,170,67,20030108,ブレイズ熊本Ｊｒユース-東福岡高-法政大-Ｖ・ファーレン長崎,0,11,0,20250315,明治安田J2第5節,長崎,徳島,ピースタ,20250323,明治安田J2第6節,長崎,秋田,ピースタ,1,850725,892564
250,Ｊ２・Ｊ３百年構想,30303,熊本,1642047,藤井　皓也,FUJII Koya,MF,7,愛知県,165,60,20010829,アズーリ豊橋ＳＣ-ＡＳ．ラランジャ豊川Ｕ－１５-静岡学園高-中京大,0,53,0,20240303,明治安田J2第2節,熊本,群馬,えがおＳ,20240428,明治安田J2第12節,熊本,大分,えがおＳ,1,813845,815340
250,Ｊ２・Ｊ３百年構想,30303,熊本,1646514,吉岡　優希,YOSHIOKA Yuki,MF,28,熊本県,174,69,20030819,ＵＫＩ－Ｃ．ＦＣ　Ｕ－１２-ＵＫＩ－Ｃ．ＦＣ　Ｕ－１５-東福岡高-国士舘大,0,0,0,,,,,,,,,,,1,,
250,Ｊ２・Ｊ３百年構想,30303,熊本,1647285,那須　健一,NASU Kenichi,MF,25,兵庫県,176,71,20031002,西宮少年ＳＳ-神原ＳＣ-リガールＪＰＣ-賢明学院高-中京大,0,0,0,,,,,,,,,,,1,1050344,
250,Ｊ２・Ｊ３百年構想,30303,熊本,1647675,渡邉　怜歩,WATANABE Rearu,MF,19,静岡県,165,63,20030206,東源台ＦＣ-静岡学園中-静岡学園高-鹿屋体育大,0,10,0,20250215,明治安田J2第1節,熊本,長崎,ピースタ,20250223,明治安田J2第2節,熊本,札幌,えがおＳ,1,999873,895947
250,Ｊ２・Ｊ３百年構想,30303,熊本,1650519,飯星　明良,IIHOSHI Akira,MF,13,熊本県,173,67,20021108,ソレッソ熊本Ｕ－１２-ソレッソ熊本Ｕ－１５-ロアッソ熊本ユース-九州産業大,0,10,0,20250316,明治安田J2第5節,熊本,山形,えがおＳ,,,,,,1,1002241,896089
250,Ｊ２・Ｊ３百年構想,30303,熊本,1650520,根岸　恵汰,NEGISHI Keita,MF,27,埼玉県,177,72,20020712,コスモＳＣ-浦和レッズＪｒユース-浦和レッズユース-仙台大,0,1,0,20250323,明治安田J2第6節,熊本,山口,みらスタ,,,,,,1,999875,896091
250,Ｊ２・Ｊ３百年構想,30303,熊本,1628702,半代　将都,HANDAI Masato,FW,18,宮崎県,177,72,20020410,都城サッカースクール-セレソン都城ＦＣ-大津高-筑波大,0,35,0,20250215,明治安田J2第1節,熊本,長崎,ピースタ,20250223,明治安田J2第2節,熊本,札幌,えがおＳ,1,999872,896092
250,Ｊ２・Ｊ３百年構想,30303,熊本,1645922,ベ　ジョンミン,BAE Jeongmin,FW,11,大韓民国,177,73,20010616,済州島西帰小／大韓民国-済州島西帰浦中／大韓民国-駒澤大学付属苫小牧高-九州産業大,0,28,0,20240225,明治安田J2第1節,熊本,清水,えがおＳ,20240407,明治安田J2第9節,熊本,長崎,えがおＳ,1,813844,815338
250,Ｊ２・Ｊ３百年構想,30303,熊本,1647350,石原　央羅,ISHIHARA Ora,FW,14,鹿児島県,175,70,20020618,太陽ＳＣ　Ｕ１２-太陽ＳＣ　Ｕ１５-サガン鳥栖Ｕ－１８-京都産業大-Ｈｏｎｄａ　ＦＣ,0,0,0,,,,,,,,,,,1,1050339,
250,Ｊ２・Ｊ３百年構想,30303,熊本,1655793,鹿取　勇斗,KATORI Yuto,FW,10,神奈川県,174,68,20031111,葉山ＪＧＫ-横浜Ｆ・マリノスプライマリー追浜-横浜Ｆ・マリノスジュニアユース追浜-桐光学園高-同志社大,0,0,0,,,,,,,,,,,1,1050347,
250,Ｊ２・Ｊ３百年構想,207,大分,1603824,佐藤　隼,SATO Shun,GK,24,神奈川県,186,83,19970306,白根ＳＣ-バンデリージャ横浜-第一学院高-産業能率大-藤枝ＭＹＦＣ-鈴鹿アンリミテッドＦＣ-Ｊ．ＦＣ宮崎-ヴェロスクロノス都農-ＢＴＯＰサンクくりやま-ヴェルスパ大分,0,0,7,20170924,明治安田J3第24節,藤枝,鳥取,とりスタ,,,,,,1,1000665,896149
250,Ｊ２・Ｊ３百年構想,207,大分,1613098,ムン　キョンゴン,MUN Kyung Gun,GK,22,大韓民国,187,83,19950209,昌寧中／大韓民国-釜慶高／大韓民国-光云大／大韓民国-大分トリニータ-大邱ＦＣ／大韓民国-安山グリナースＦＣ／大韓民国-大邱ＦＣ／大韓民国-済州ユナイテッドＦＣ／大韓民国-金泉尚武ＦＣ／大韓民国-済州ユナイテッドＦＣ／大韓民国,17,23,0,20200808,明治安田J1第9節,大分,川崎Ｆ,等々力,,,,,,1,813854,815344
250,Ｊ２・Ｊ３百年構想,207,大分,1624320,田中　悠也,TANAKA Yuya,GK,1,千葉県,185,94,20000510,市川ＫＩＦＣ-ＪＳＣ　ＣＨＩＢＡ-市立船橋高-ギラヴァンツ北九州,0,17,60,20210809,明治安田J2第24節,北九州,琉球,ミクスタ,,,,,,1,929388,815428
250,Ｊ２・Ｊ３百年構想,207,大分,1644495,古野　優斗,KONO Hiroto,GK,40,長崎県,193,87,20060822,いいもりＦＣ-飯盛中-大分トリニータＵ－１８,0,0,0,,,,,,,,,,,1,,
250,Ｊ２・Ｊ３百年構想,207,大分,1000072,岡本　拓也,OKAMOTO Takuya,DF,2,埼玉県,175,75,19920618,道祖土サッカー少年団-浦和レッズＪｒユース-浦和レッズユース-浦和レッズ-Ｖ・ファーレン長崎-浦和レッズ-Ｖ・ファーレン長崎-浦和レッズ-湘南ベルマーレ-浦和レッズ-湘南ベルマーレ-浦和レッズ-湘南ベルマーレ-浦和レッズ-湘南ベルマーレ-パースグローリーＦＣ／オーストラリア,195,80,0,20100314,J1第2節,浦和,Ｆ東京,埼玉,20160305,明治安田J1 1st第2節,湘南,川崎Ｆ,等々力,1,26981,26981
250,Ｊ２・Ｊ３百年構想,207,大分,1300589,三竿　雄斗,MISAO Yuto,DF,6,東京都,175,69,19910416,グレンシルズ／カナダ-横河武蔵野ＦＣジュニア-横河武蔵野ＦＣＪｒユース-東京ヴェルディユース-早稲田大-湘南ベルマーレ-鹿島アントラーズ-大分トリニータ-京都サンガF.C.-パースグローリーＦＣ／オーストラリア,190,96,0,20140302,J2第1節,湘南,山形,ＢＭＷス,20140322,J2第4節,湘南,岐阜,長良川,1,26920,26920
250,Ｊ２・Ｊ３百年構想,207,大分,1624381,戸根　一誓,TONE Issei,DF,30,大阪府,182,77,19960522,三日市ＦＣ-長野ＦＣＪｒユース-興国高-東海学園大-カターレ富山-いわてグルージャ盛岡-鹿児島ユナイテッドＦＣ,0,63,72,20200715,明治安田J3第4節,富山,秋田,富山,20200902,明治安田J3第13節,富山,熊本,富山,1,815473,815864
250,Ｊ２・Ｊ３百年構想,207,大分,1632769,宮川　歩己,MIYAKAWA Ayuki,DF,33,神奈川県,181,74,20020725,スワＳＣ-横浜Ｆ・マリノスジュニアユース追浜-日大藤沢高-順天堂大,0,0,0,,,,,,,,,,,1,1001060,896148
250,Ｊ２・Ｊ３百年構想,207,大分,1632994,ペレイラ,PEREIRA,DF,31,ブラジル,184,80,19970131,フィゲイレンセＦＣ／ブラジル-アトレチコ　ゴイアネンセ／ブラジル-大分トリニータ-アトレチコ　ゴイアネンセ／ブラジル,8,128,0,20210619,明治安田J1第18節,大分,札幌,札幌厚別,20220227,明治安田J2第2節,大分,甲府,ＪＩＴス,1,34667,34667
250,Ｊ２・Ｊ３百年構想,207,大分,1635201,小野　俊輔,ONO Shunsuke,DF,23,大分県,182,73,20050608,大道ＳＳＳ-大分トリニータＵ－１５-大分トリニータＵ－１８-大分トリニータ-富山新庄クラブ,0,0,0,,,,,,,,,,,1,,
250,Ｊ２・Ｊ３百年構想,207,大分,1637925,松尾　勇佑,MATSUO Yusuke,DF,27,東京都,170,67,20000627,栗の実ＳＣ-ジェファＦＣ-市立船橋高-関西大,0,41,0,20230604,明治安田J2第19節,大分,甲府,レゾド,20230701,明治安田J2第23節,大分,磐田,ヤマハ,1,798072,798072
250,Ｊ２・Ｊ３百年構想,207,大分,1639740,坂田　陸,SAKATA Riku,DF,32,高知県,183,86,20030730,明徳義塾中-岡山学芸館高-駒澤大,0,0,0,,,,,,,,,,,1,1045787,
250,Ｊ２・Ｊ３百年構想,207,大分,1641364,吉田　真那斗,YOSHIDA Manato,DF,7,静岡県,173,69,20011116,浜松佐藤ＳＣ-浜松開誠館中-浜松開誠館高-鹿屋体育大-横浜Ｆ・マリノス-大分トリニータ-横浜Ｆ・マリノス-大分トリニータ-横浜Ｆ・マリノス,2,47,0,20230401,明治安田J1第6節,横浜FM,Ｃ大阪,ヨドコウ,20240928,明治安田J2第33節,大分,藤枝,レゾド,1,615849,615849
250,Ｊ２・Ｊ３百年構想,207,大分,800110,清武　弘嗣,KIYOTAKE Hiroshi,MF,28,大分県,174,70,19891112,大分トリニータＵ－１５-大分トリニータＵ－１８-大分トリニータ-セレッソ大阪-１．ＦＣニュルンベルク／ドイツ-ハノーファー９６／ドイツ-セビージャ／スペイン-セレッソ大阪-サガン鳥栖-セレッソ大阪,269,4,0,20080809,J1第20節,大分,清水,九石ド,20080809,J1第20節,大分,清水,九石ド,1,4323,4323
250,Ｊ２・Ｊ３百年構想,207,大分,1300063,中川　寛斗,NAKAGAWA Hiroto,MF,5,埼玉県,155,60,19941103,ジップＳＣ-大東少年団-柏レイソルＵ－１２-柏レイソルＵ－１５-柏レイソルＵ－１８-柏レイソル-湘南ベルマーレ-柏レイソル-湘南ベルマーレ-柏レイソル-湘南ベルマーレ-柏レイソル-湘南ベルマーレ-京都サンガF.C.,99,101,4,20130427,J1第8節,湘南,磐田,ヤマハ,20151003,明治安田J1 2nd第13節,柏,名古屋,柏,1,26984,26984
250,Ｊ２・Ｊ３百年構想,207,大分,1503447,茂　平,SHIGE Taira,MF,16,長崎県,174,71,19930414,キックスＦＣ　Ｕ－１２-キックスＦＣ　Ｕ－１５-大分トリニータＵ－１８-立命館大-奈良クラブ-ギラヴァンツ北九州-ブラウブリッツ秋田,0,128,80,20170326,明治安田J3第3節,北九州,Ｃ大23,ミクスタ,20190602,明治安田J3第10節,北九州,熊本,ミクスタ,1,798146,798146
250,Ｊ２・Ｊ３百年構想,207,大分,1503564,野嶽　惇也,NODAKE Junya,MF,18,鹿児島県,177,73,19940911,アスカ鹿児島-太陽ＳＣ-神村学園高-福岡大-鹿児島ユナイテッドＦＣ,5,103,78,20170311,明治安田J3第1節,鹿児島,藤枝,鴨池,20170826,明治安田J3第20節,鹿児島,富山,鴨池,1,790104,790104
250,Ｊ２・Ｊ３百年構想,207,大分,1627868,榊原　彗悟,SAKAKIBARA Keigo,MF,8,埼玉県,170,60,20001009,横浜Ｆ・マリノスＪｒユース-横浜Ｆ・マリノスユース-ラインメール青森ＦＣ-横浜Ｆ・マリノス-ラインメール青森ＦＣ-横浜Ｆ・マリノス,13,32,0,20231021,明治安田J1第30節,横浜FM,札幌,日産ス,20240427,明治安田J1第10節,横浜FM,Ｃ大阪,ヨドコウ,1,785804,785804
250,Ｊ２・Ｊ３百年構想,207,大分,1633004,山崎　太新,YAMAZAKI Taishin,MF,25,神奈川県,176,70,20040227,東住吉ＳＣ-横浜ＦＣＪｒユース-横浜ＦＣユース-筑波大,0,0,0,,,,,,,,,,,1,1045786,
250,Ｊ２・Ｊ３百年構想,207,大分,1635203,佐藤　丈晟,SATO Josei,MF,35,大分県,178,72,20041028,カティオーラＦＣ　Ｕ－１２-カティオーラＦＣ　Ｕ－１５-大分トリニータＵ－１８,0,5,0,20230521,明治安田J2第17節,大分,長崎,レゾド,,,,,,1,798141,798141
250,Ｊ２・Ｊ３百年構想,207,大分,1635209,松岡　颯人,MATSUOKA Hayato,MF,36,大分県,171,65,20050414,ＯＫＹ山香ＳＣ-大分トリニータＵ－１５宇佐-大分トリニータＵ－１８,0,1,0,20240609,明治安田J2第19節,大分,山形,ＮＤスタ,,,,,,1,798143,798143
250,Ｊ２・Ｊ３百年構想,207,大分,1639106,山口　卓己,YAMAGUCHI Takumi,MF,72,長崎県,167,63,20000721,西原台サッカースポーツ少年団-大分中-大分高-鹿屋体育大-鹿児島ユナイテッドＦＣ,0,33,70,20220820,明治安田J3第21節,鹿児島,相模原,ギオンス,20230528,明治安田J3第11節,鹿児島,松本,サンアル,1,815476,815862
250,Ｊ２・Ｊ３百年構想,207,大分,1644486,小酒井　新大,KOZAKAI Arata,MF,19,滋賀県,181,77,20010921,野洲ＪＦＣ-ＦＣ湖東-草津東高-中京大,0,46,0,20240225,明治安田J2第1節,大分,仙台,レゾド,,,,,,1,813826,815346
250,Ｊ２・Ｊ３百年構想,207,大分,1645984,パトリッキ　ヴェロン,PATRICK VERHON,MF,88,ブラジル,174,71,20040908,ＥＣバイーア／ブラジル-川崎フロンターレ-ＦＣ今治-川崎フロンターレ,4,7,0,20240413,明治安田J1第8節,川崎Ｆ,Ｃ大阪,ヨドコウ,20250615,明治安田J2第19節,今治,札幌,プレド,1,183988,183988
250,Ｊ２・Ｊ３百年構想,207,大分,1647679,吉川　敬進,YOSHIKAWA Keishin,MF,34,北海道,170,61,20030726,室蘭大沢ＦＣ-ＪＦＡアカデミー福島Ｕ－１５-ＪＦＡアカデミー福島Ｕ－１８-鹿屋体育大,0,0,0,,,,,,,,,,,1,,
250,Ｊ２・Ｊ３百年構想,207,大分,1400118,伊佐　耕平,ISA Kohei,FW,13,兵庫県,176,73,19911123,若葉ＳＳＤ-尼崎ＦＣ-神戸科学技術高-大阪体育大,53,229,16,20140322,J2第4節,大分,熊本,うまスタ,20150614,明治安田J2第18節,大分,金沢,石川西部,1,26932,26932
250,Ｊ２・Ｊ３百年構想,207,大分,1622640,有馬　幸太郎,ARIMA Kotaro,FW,9,茨城県,183,80,20000903,鹿島アントラーズＪｒユース-鹿島アントラーズユース-鹿島アントラーズ-栃木ＳＣ-鹿島アントラーズ-栃木ＳＣ-鹿島アントラーズ-いわきＦＣ,0,120,24,20200223,明治安田J2第1節,栃木,長崎,トラスタ,20201125,明治安田J2第36節,栃木,岡山,Ｃスタ,1,798274,798274
250,Ｊ２・Ｊ３百年構想,207,大分,1630182,屋敷　優成,YASHIKI Yusei,FW,15,大分県,166,63,20031018,和田・如水少年サッカークラブ-大分トリニータＵ－１５宇佐-大分トリニータＵ－１８,3,32,0,20210317,明治安田J1第5節,大分,Ｃ大阪,ヤンマー,,,,,,1,698121,698121
250,Ｊ２・Ｊ３百年構想,207,大分,1632423,宇津元　伸弥,UTSUMOTO Shinya,FW,14,宮崎県,179,75,20000329,高城サッカー少年団-高城中-鵬翔高-宮崎産業経営大,0,97,0,20220306,明治安田J2第3節,大分,横浜FC,昭和電ド,20230219,明治安田J2第1節,大分,徳島,鳴門大塚,1,798087,798087
250,Ｊ２・Ｊ３百年構想,207,大分,1635208,木許　太賀,KIMOTO Taiga,FW,20,大分県,167,68,20050613,津久見ＳＳＳ-大分トリニータＵ－１５-大分トリニータＵ－１８-大分トリニータ-カマタマーレ讃岐,0,6,5,20240616,明治安田J2第20節,大分,栃木,レゾド,,,,,,1,828577,896145
250,Ｊ２・Ｊ３百年構想,207,大分,1643564,有働　夢叶,UDO Shuto,FW,21,京都府,176,70,20021208,山田荘ＳＣ-奈良ＹＭＣＡ　Ｕ－１５-興國高-中京大,0,23,0,20240310,明治安田J2第3節,大分,藤枝,藤枝サ,20250216,明治安田J2第1節,大分,札幌,クラド,1,813828,815345
250,Ｊ２・Ｊ３百年構想,207,大分,1644231,櫻井　勇斗,SAKURAI Yuto,FW,29,千葉県,183,72,20040120,矢切ＳＣ-ジェフユナイテッド千葉Ｕ－１５-日本体育大柏高-桐蔭横浜大,0,0,0,,,,,,,,,,,1,1045789,
250,Ｊ２・Ｊ３百年構想,207,大分,1645863,キム　ヒョンウ,KIM Hyun Woo,FW,17,大韓民国,180,77,20011010,ＦＣソウルＵ－１５／大韓民国-青森山田高-常葉大-大分トリニータ-いわきＦＣ,0,32,0,20240503,明治安田J2第13節,大分,甲府,ＪＩＴス,20240706,明治安田J2第23節,大分,いわき,ハワスタ,1,819434,896146
250,Ｊ２・Ｊ３百年構想,207,大分,1646179,木本　真翔,KIMOTO Manato,FW,37,福岡県,175,69,20030922,小郡東野ＳＣ-カミーリア筑紫野-筑紫台高-日本経済大,0,8,0,20240503,明治安田J2第13節,大分,甲府,ＪＩＴス,,,,,,1,819435,
250,Ｊ２・Ｊ３百年構想,31508,宮崎,1607219,茂木　秀,MOGI Shu,GK,1,神奈川県,195,90,19990115,ＭＫＦＣ-桐光学園高-セレッソ大阪-ＦＣ町田ゼルビア-セレッソ大阪-水戸ホーリーホック-セレッソ大阪-ＦＣ今治-セレッソ大阪-ＦＣ岐阜,0,5,143,20170401,明治安田J3第4節,Ｃ大23,YS横浜,ニッパツ,,,,,,1,929189,815496
250,Ｊ２・Ｊ３百年構想,31508,宮崎,1618091,岡本　享也,OKAMOTO Michiya,GK,31,神奈川県,183,77,19950515,ＦＣ東京Ｕ－１５むさし-川崎フロンターレＵ－１８-日本大-ＦＣ岐阜-Ｙ．Ｓ．Ｃ．Ｃ．横浜-ジェフユナイテッド千葉-テゲバジャーロ宮崎-ジェフユナイテッド千葉,0,0,25,20240331,明治安田J3第7節,YS横浜,福島,とうスタ,,,,,,1,929153,815589
250,Ｊ２・Ｊ３百年構想,31508,宮崎,1647371,徳若　碧都,TOKUWAKA Aoto,GK,17,山口県,187,79,20030714,西岐波少年ＳＣ-高川学園中-高川学園高-京都産業大,0,0,0,,,,,,,,,,,1,,
250,Ｊ２・Ｊ３百年構想,31508,宮崎,1650514,イ　チュンウォン,LEE Chungwon,GK,32,大韓民国,192,90,20040713,Ｓｕｎｇｎａｍ　ＦＣ　Ｕ－１５／大韓民国-Ｋｙｕｎｇｈｅｅ　ＭＳ／大韓民国-仁川ユナイテッドＵ１８／大韓民国-Ａｎｄｏｎｇ　ＳＣ　Ｃｏｌ．／大韓民国,0,0,24,20250323,明治安田J3第6節,宮崎,沼津,愛鷹,,,,,,1,1001196,896030
250,Ｊ２・Ｊ３百年構想,31508,宮崎,1607572,下川　陽太,SHIMOKAWA Yota,DF,39,奈良県,178,70,19950907,アスペガス生駒ＦＣ-アスペガスＦＣ-国見高-大阪商業大-松本山雅ＦＣ-愛媛ＦＣ-松本山雅ＦＣ-ツエーゲン金沢-松本山雅ＦＣ-奈良クラブ,0,117,128,20170805,明治安田J2第26節,松本,湘南,ＢＭＷス,20190731,明治安田J2第25節,愛媛,長崎,トラスタ,1,929032,815376
250,Ｊ２・Ｊ３百年構想,31508,宮崎,1627754,眞鍋　旭輝,MANABE Hikaru,DF,28,熊本県,182,76,19971017,アッズリーノ熊本-ブレイズ熊本ジュニア-ブレイズ熊本Ｕ－１５-大津高-桐蔭横浜大-レノファ山口ＦＣ,0,58,42,20200705,明治安田J2第3節,山口,愛媛,みらスタ,,,,,,1,929285,815717
250,Ｊ２・Ｊ３百年構想,31508,宮崎,1629471,安部　崇士,ABE Takashi,DF,15,大阪府,180,74,19970715,町田ＪＦＣ-桐光学園高-中央大-徳島ヴォルティス-ファジアーノ岡山-徳島ヴォルティス-モンテディオ山形,5,150,0,20200627,明治安田J2第2節,徳島,愛媛,ニンスタ,20210926,明治安田J2第31節,岡山,秋田,Ｃスタ,1,790926,790926
250,Ｊ２・Ｊ３百年構想,31508,宮崎,1630126,松本　雄真,MATSUMOTO Yuma,DF,24,千葉県,176,65,19991114,柏ラッセルＦＣ-尚志高-新潟医療福祉大-カターレ富山-ＦＣ今治-テゲバジャーロ宮崎-ＦＣ今治,0,0,118,20200719,明治安田J3第5節,富山,岩手,北上,20241020,明治安田J3第33節,宮崎,讃岐,ピカスタ,1,929290,815722
250,Ｊ２・Ｊ３百年構想,31508,宮崎,1635234,黒木　謙吾,KUROKI Kengo,DF,33,埼玉県,185,79,19990706,Ｆｏｒｚａ’０２-西武台高-拓殖大-ツエーゲン金沢-ＦＣ大阪-ツエーゲン金沢,0,15,77,20220706,明治安田J2第25節,金沢,群馬,石川西部,20241117,明治安田J3第37節,宮崎,YS横浜,いちご,1,798314,798314
250,Ｊ２・Ｊ３百年構想,31508,宮崎,1644484,宮脇　茂夫,MIYAWAKI Shigeo,DF,26,東京都,172,68,20011207,三原台中-大成高-新潟経営大-アスルクラロ沼津,0,0,42,20231126,明治安田J3第37節,沼津,鹿児島,白波スタ,20240428,明治安田J3第11節,沼津,FC大阪,花園,1,929099,815650
250,Ｊ２・Ｊ３百年構想,31508,宮崎,1646182,田中　誠太郎,TANAKA Seitaro,DF,45,山口県,180,72,20030107,セイザンＦＣ-高川学園中-高川学園高-立正大,0,0,20,20240824,明治安田J3第25節,宮崎,岩手,いちご,20240824,明治安田J3第25節,宮崎,岩手,いちご,1,929306,815738
250,Ｊ２・Ｊ３百年構想,31508,宮崎,1647349,横窪　皇太,YOKOKUBO Kota,DF,25,大阪府,181,72,20020525,枚方サンクラブ-招提中学校-金光大阪高-京都産業大,0,0,1,20250621,明治安田J3第17節,宮崎,岐阜,長良川,,,,,,1,1002243,896027
250,Ｊ２・Ｊ３百年構想,31508,宮崎,1650513,キム　ゴンヨン,KIM Geonyeon,DF,23,,,,,,0,0,0,,,,,,,,,,,0,1000700,896029
250,Ｊ２・Ｊ３百年構想,31508,宮崎,1650516,長友　海翔,NAGATOMO Kaito,DF,2,宮崎県,170,70,20020405,セントラルＦＣ宮崎-セントラル宮崎ＦＣ　Ｕ－１５-大津高-桃山学院大,0,0,0,,,,,,,,,,,1,,
250,Ｊ２・Ｊ３百年構想,31508,宮崎,1655818,元木　漣,MOTOKI Ren,DF,16,大分県,178,66,20071218,杵築ＦＣ-大分トリニータＵ－１５宇佐-鵬翔高,0,0,0,,,,,,,,,,,1,,
250,Ｊ２・Ｊ３百年構想,31508,宮崎,1622192,中野　桂太,NAKANO Keita,MF,13,滋賀県,167,65,20020827,ＦＣ草津-京都サンガF.C.Ｕ－１５-京都サンガF.C.Ｕ－１８-京都サンガF.C.-徳島ヴォルティス-ヴァンラーレ八戸-徳島ヴォルティス,2,13,16,20210307,明治安田J2第2節,京都,松本,サンガＳ,,,,,,1,255024,255024
250,Ｊ２・Ｊ３百年構想,31508,宮崎,1624327,井上　怜,INOUE Ren,MF,10,千葉県,166,61,20010118,ヴィヴァイオ船橋Ｓ．Ｃジュニア-ヴィヴァイオ船橋Ｓ．Ｃ　Ｊｒユース-市立船橋高-東洋大-水戸ホーリーホック-テゲバジャーロ宮崎-水戸ホーリーホック,0,29,65,20230226,明治安田J2第2節,水戸,いわき,Ｋｓスタ,20240602,明治安田J3第15節,宮崎,YS横浜,ニッパツ,1,727182,727182
250,Ｊ２・Ｊ３百年構想,31508,宮崎,1624681,五月田　星矢,SATSUKIDA Seiya,MF,14,長崎県,172,68,20020418,ＪＦＣレインボー長崎-Ｖ・ファーレン長崎Ｕ－１５-Ｖ・ファーレン長崎Ｕ－１８-Ｖ・ファーレン長崎-レイラック滋賀-Ｖ・ファーレン長崎-テゲバジャーロ宮崎-Ｖ・ファーレン長崎,0,14,10,20220723,明治安田J2第28節,長崎,仙台,ユアスタ,,,,,,1,727160,727160
250,Ｊ２・Ｊ３百年構想,31508,宮崎,1629686,阿野　真拓,ANO Mahiro,MF,7,栃木県,158,55,20030830,南河内サッカースポーツ少年団-ヴェルディＳＳ小山-東京ヴェルディユース-東京ヴェルディ-福井ユナイテッドＦＣ-東京ヴェルディ-福井ユナイテッドＦＣ-東京ヴェルディ-テゲバジャーロ宮崎-東京ヴェルディ,0,27,69,20200812,明治安田J2第11節,東京Ｖ,福岡,ベススタ,20240622,明治安田J3第18節,宮崎,讃岐,いちご,1,929289,815721
250,Ｊ２・Ｊ３百年構想,31508,宮崎,1629997,大熊　健太,OKUMA Kenta,MF,6,埼玉県,173,70,19970614,ＦＣ東京Ｕ－１５深川-ＦＣ東京Ｕ－１８-福岡大,0,0,83,20210314,明治安田J3第1節,宮崎,岩手,ユニスタ,20221016,明治安田J3第29節,宮崎,鹿児島,白波スタ,1,929294,815726
250,Ｊ２・Ｊ３百年構想,31508,宮崎,1632214,力安　祥伍,RIKIYASU Shogo,MF,8,広島県,174,67,19980822,サンフレッチェ広島Ｊｒユース-サンフレッチェ広島ユース-明治大-ツエーゲン金沢,0,55,60,20210307,明治安田J2第2節,金沢,岡山,Ｃスタ,20240406,明治安田J3第8節,宮崎,奈良,いちご,1,798321,798321
250,Ｊ２・Ｊ３百年構想,31508,宮崎,1632287,奥村　晃司,OKUMURA Koji,MF,47,埼玉県,175,65,19980729,南浦和サッカー少年団-白幡中-武南高-拓殖大-ザスパクサツ群馬-Ｙ．Ｓ．Ｃ．Ｃ．横浜,0,38,71,20210307,明治安田J2第2節,群馬,相模原,ギオンス,20220330,明治安田J2第7節,群馬,長崎,正田スタ,1,798186,798186
250,Ｊ２・Ｊ３百年構想,31508,宮崎,1636295,渡邉　英祐,WATANABE Eisuke,MF,5,大阪府,172,70,19991103,高槻如是ＦＣ-千里丘ＦＣ-金光大阪高-関西学院大-鹿児島ユナイテッドＦＣ,0,20,76,20220313,明治安田J3第1節,鹿児島,いわき,白波スタ,20230701,明治安田J3第16節,鹿児島,富山,富山,1,815472,815863
250,Ｊ２・Ｊ３百年構想,31508,宮崎,1636527,坂井　駿也,SAKAI Shunya,MF,82,熊本県,171,65,20040416,ソレッソ熊本-サガン鳥栖Ｕ－１８-サガン鳥栖-テゲバジャーロ宮崎-サガン鳥栖-テゲバジャーロ宮崎-サガン鳥栖,0,0,59,20240225,明治安田J3第1節,宮崎,松本,いちご,20250607,明治安田J3第15節,宮崎,相模原,いちご,1,929288,815720
250,Ｊ２・Ｊ３百年構想,31508,宮崎,1640621,山内　陸,YAMAUCHI Riku,MF,27,北海道,170,66,20000802,ＳＳＳ札幌-旭川実業高-札幌大-ヴァンラーレ八戸-ザスパ群馬,0,0,97,20230416,明治安田J3第7節,八戸,YS横浜,プラスタ,20230902,明治安田J3第25節,八戸,鳥取,プラスタ,1,929070,815416
250,Ｊ２・Ｊ３百年構想,31508,宮崎,1643197,望月　耕平,MOCHIZUKI Kohei,MF,30,神奈川県,178,73,20060607,横浜Ｆ・マリノスＪｒユース追浜-横浜Ｆ・マリノスユース-横浜Ｆ・マリノス-テゲバジャーロ宮崎-横浜Ｆ・マリノス,0,0,0,,,,,,,,,,,1,959525,896096
250,Ｊ２・Ｊ３百年構想,31508,宮崎,1650517,河合　駿樹,KAWAI Toshiki,MF,34,北海道,163,60,20021231,岩見沢東フットボールクラブ-北海道コンサドーレ札幌Ｕ－１５-旭川実業高-札幌大,0,0,18,20250216,明治安田J3第1節,宮崎,長野,いちご,,,,,,1,999912,895995
250,Ｊ２・Ｊ３百年構想,31508,宮崎,1650518,安藤　陸登,ANDO Rikuto,MF,40,兵庫県,180,68,20060808,西宮ＳＳ-ガンバ大阪Ｊｒユース-ガンバ大阪ユース,0,0,9,20250316,明治安田J3第5節,宮崎,栃木Ｃ,ＣＦＳ,,,,,,1,1000729,896031
250,Ｊ２・Ｊ３百年構想,31508,宮崎,1300444,武　颯,TAKE Hayate,FW,58,神奈川県,175,74,19950717,六浦毎日ＳＣ-横浜Ｆ・マリノスプライマリー追浜-横浜Ｆ・マリノスＪｒユース追浜-横浜Ｆ・マリノスユース-早稲田大-福島ユナイテッドＦＣ-カターレ富山-ブラウブリッツ秋田-ザスパクサツ群馬-ブラウブリッツ秋田-ＦＣ大阪-テゲバジャーロ宮崎-ＦＣ大阪-カターレ富山-テゲバジャーロ宮崎-カターレ富山,0,115,126,20180311,明治安田J3第1節,福島,群馬,とうスタ,20180429,明治安田J3第8節,福島,藤枝,とうスタ,1,789872,789872
250,Ｊ２・Ｊ３百年構想,31508,宮崎,1632475,橋本　啓吾,HASHIMOTO Keigo,FW,9,大阪府,191,82,19980917,松原ＦＣ天美-ヴィトーリア松原ＦＣ-阪南高-大阪商業大,0,0,144,20210314,明治安田J3第1節,宮崎,岩手,ユニスタ,20210502,明治安田J3第7節,宮崎,今治,ユニスタ,1,929295,815727
250,Ｊ２・Ｊ３百年構想,31508,宮崎,1633280,土信田　悠生,TOSHIDA Yusei,FW,11,山口県,182,76,19990723,遠石ＳＣ-周陽中-高川学園高-駒澤大-ロアッソ熊本-ツエーゲン金沢,0,48,55,20220220,明治安田J2第1節,熊本,山口,みらスタ,20220612,明治安田J2第21節,熊本,町田,Ｇスタ,1,789921,789921
250,Ｊ２・Ｊ３百年構想,31508,宮崎,1633289,松本　ケン　チザンガ,MATSUMOTO Ken Tshizanga,FW,42,埼玉県,192,88,20020314,桜井ＳＳＳ-越谷ＦＣ-浦和東高-駒澤大-ブラウブリッツ秋田-奈良クラブ-ブラウブリッツ秋田-テゲバジャーロ宮崎-ブラウブリッツ秋田,0,8,40,20240316,明治安田J2第4節,秋田,仙台,ソユスタ,20250316,明治安田J3第5節,宮崎,栃木Ｃ,ＣＦＳ,1,815421,815390
250,Ｊ２・Ｊ３百年構想,31508,宮崎,1653194,佐藤　遼,SATO Ryo,FW,18,東京都,176,70,20040108,城山ＳＣ-ＦＣ駒沢Ｕ－１５-仙台育英学園高-城西大,0,0,0,,,,,,,,,,,1,1052773,
250,Ｊ２・Ｊ３百年構想,31508,宮崎,1655878,塚本　一咲,TSUKAMOTO Issa,FW,22,福岡県,183,75,20070616,バディＦＣ-グーリッド朝倉ＦＣ-飯塚高,0,0,0,,,,,,,,,,,1,,
250,Ｊ２・Ｊ３百年構想,31042,鹿児島,1200950,藤嶋　栄介,FUJISHIMA Eisuke,GK,1,熊本県,186,80,19920131,フォルテＦＣ熊本ジュニア-フォルテＦＣ熊本-大津高-福岡大-サガン鳥栖-ジェフユナイテッド千葉-サガン鳥栖-松本山雅ＦＣ-サガン鳥栖-レノファ山口ＦＣ-川崎フロンターレ-レノファ山口ＦＣ-川崎フロンターレ-モンテディオ山形,3,57,26,20130810,J1第20節,鳥栖,横浜FM,ニッパ球,,,,,,1,827738,895690
250,Ｊ２・Ｊ３百年構想,31042,鹿児島,1635559,熊倉　匠,KUMAKURA Takumi,GK,73,埼玉県,180,80,20020730,レジスタＦＣ-ＦＣ東京Ｕ－１５深川-山梨学院高-立正大,0,0,0,,,,,,,,,,,1,1010308,896012
250,Ｊ２・Ｊ３百年構想,31042,鹿児島,1637074,川上　康平,KAWAKAMI Kohei,GK,21,三重県,187,82,20010424,津田ＦＣ-ＪＦＡアカデミー福島Ｕ－１５-ＪＦＡアカデミー福島Ｕ－１８-東洋大-ファジアーノ岡山,0,0,0,,,,,,,,,,,1,818354,892580
250,Ｊ２・Ｊ３百年構想,31042,鹿児島,1656727,上高原　奏輝,KAMITAKAHARA Soki,GK,38,鹿児島県,176,74,20080824,アヴァンテＦＣ-クレセルＦＣ,0,0,0,,,,,,,,,,,1,,
250,Ｊ２・Ｊ３百年構想,31042,鹿児島,1500473,広瀬　健太,HIROSE Kenta,DF,4,埼玉県,178,75,19920626,川口北ＳＣ-浦和レッズＪｒユース-浦和レッズユース-日本体育大-湘南ベルマーレ-栃木ＳＣ-湘南ベルマーレ-栃木ＳＣ-湘南ベルマーレ-アルビレックス新潟-ＡＣ長野パルセイロ,1,39,168,20151024,明治安田J1 2nd第15節,湘南,鹿島,ＢＭＷス,20160522,明治安田J3第10節,栃木,富山,富山,1,815478,815911
250,Ｊ２・Ｊ３百年構想,31042,鹿児島,1605080,青木　義孝,AOKI Yoshitaka,DF,44,東京都,177,73,19980902,八王子ＣＢＸ　ＦＣ-ＦＣ町田ゼルビアＪｒユース-ＦＣ町田ゼルビアユース-拓殖大-ＦＣ町田ゼルビア-ラインメール青森ＦＣ-ＦＣ町田ゼルビア-ラインメール青森ＦＣ-ＦＣ町田ゼルビア-Ｖ・ファーレン長崎-ＦＣ町田ゼルビア,0,10,33,20240810,明治安田J2第26節,長崎,横浜FC,ニッパツ,20250628,明治安田J3第18節,鹿児島,栃木Ｃ,ＣＦＳ,1,861922,892561
250,Ｊ２・Ｊ３百年構想,31042,鹿児島,1620803,杉井　颯,SUGII Hayate,DF,3,千葉県,177,72,20000517,流山隼ＳＣ-柏ラッセルＦＣ-柏レイソルＵ－１５-柏レイソルＵ－１８-柏レイソル-ツエーゲン金沢-柏レイソル-ガイナーレ鳥取-柏レイソル-ＡＣ長野パルセイロ,0,15,157,20190601,明治安田J2第16節,柏,岐阜,三協Ｆ柏,20210911,明治安田J3第18節,鳥取,岐阜,長良川,1,929208,815770
250,Ｊ２・Ｊ３百年構想,31042,鹿児島,1624359,江川　慶城,EGAWA Genki,DF,35,滋賀県,180,78,20000402,長等スポーツ少年団-京都サンガF.C.Ｕ－１５-京都サンガF.C.Ｕ－１８-京都サンガF.C.-ロンドリーナ　Ｅ．Ｃ．／ブラジル-京都サンガF.C.-いわきＦＣ-ＦＣ大阪-テゲバジャーロ宮崎-ＦＣ大阪-テゲバジャーロ宮崎,0,21,72,20220410,明治安田J3第5節,いわき,長野,長野Ｕ,20230312,明治安田J2第4節,いわき,仙台,ユアスタ,1,798291,798291
250,Ｊ２・Ｊ３百年構想,31042,鹿児島,1629517,村松　航太,MURAMATSU Kota,DF,16,静岡県,171,73,19970822,青島北サッカースポーツ少年団-藤枝東ＦＣ-清水エスパルスユース-順天堂大-ギラヴァンツ北九州-Ｖ・ファーレン長崎-ギラヴァンツ北九州-Ｖ・ファーレン長崎-ブラウブリッツ秋田,0,168,38,20200627,明治安田J2第2節,北九州,長崎,トラスタ,20230701,明治安田J3第16節,北九州,沼津,愛鷹,1,813875,815365
250,Ｊ２・Ｊ３百年構想,31042,鹿児島,1630223,小島　凛士郎,KOJIMA Rinshiro,DF,23,鹿児島県,176,71,20050501,桜ヶ丘サッカースポーツ少年団-鹿児島ユナイテッドＦＣ　Ｕ－１５-鹿児島ユナイテッドＦＣ　Ｕ－１８-鹿児島ユナイテッドＦＣ-ＦＣ大阪,0,0,3,20240817,明治安田J3第24節,FC大阪,今治,アシさと,,,,,,1,929428,815816
250,Ｊ２・Ｊ３百年構想,31042,鹿児島,1636997,山田　裕翔,YAMADA Yuto,DF,5,埼玉県,182,80,20010719,大和田ジュニアーズＳＳＳ-大宮アルディージャジュニア-大宮アルディージャＪｒユース-正智深谷高-国士舘大-東京ヴェルディ-いわきＦＣ,3,12,0,20240503,明治安田J1第11節,東京Ｖ,鳥栖,駅スタ,20250823,明治安田J2第27節,いわき,大分,ハワスタ,1,818624,894427
250,Ｊ２・Ｊ３百年構想,31042,鹿児島,1647382,川島　功奨,KAWASHIMA Kosuke,DF,26,滋賀県,167,64,20020527,河西サッカースポーツ少年団-京都サンガF.C.Ｕ－１５-京都サンガF.C.Ｕ－１８-関西大,0,0,6,20250216,明治安田J3第1節,鹿児島,讃岐,白波スタ,,,,,,1,999955,895985
250,Ｊ２・Ｊ３百年構想,31042,鹿児島,1656726,川上　篤人,KAWAKAMI Atsuto,DF,37,鹿児島県,184,75,20090722,本名ＳＳＳ-鹿児島ユナイテッドＦＣ　Ｕ－１２-鹿児島ユナイテッドＦＣ　Ｕ－１５,0,0,0,,,,,,,,,,,1,,
250,Ｊ２・Ｊ３百年構想,31042,鹿児島,1200010,藤村　慶太,FUJIMURA Keita,MF,8,岩手県,184,72,19930902,ＦＣ手代森-ＳＳＣヴェローチェ盛岡Ｊｒユース-盛岡商高-ベガルタ仙台-ツエーゲン金沢-ベガルタ仙台-ツエーゲン金沢,33,272,21,20140330,J3第4節,J-22,秋田,秋田球,20180930,明治安田J2第35節,金沢,岐阜,石川西部,1,798190,798190
250,Ｊ２・Ｊ３百年構想,31042,鹿児島,1400106,千布　一輝,CHIBU Kazuki,MF,7,広島県,177,72,19950713,新涯ＦＣ-サンフレッチェ常石-ファジアーノ岡山Ｕ－１８-ファジアーノ岡山-ファジアーノ岡山ネクスト-ファジアーノ岡山-ファジアーノ岡山ネクスト-ファジアーノ岡山-ヴェルスパ大分-テゲバジャーロ宮崎,0,7,95,20210314,明治安田J3第1節,宮崎,岩手,ユニスタ,20210606,明治安田J3第10節,宮崎,八戸,ユニスタ,1,815543,895691
250,Ｊ２・Ｊ３百年構想,31042,鹿児島,1503565,稲葉　修土,INABA Shuto,MF,19,大阪府,172,69,19930629,立正大淞南高-福岡大-アルビレックス新潟Ｓ／シンガポール-カターレ富山-ブラウブリッツ秋田-ＦＣ町田ゼルビア-鹿児島ユナイテッドＦＣ-ＦＣ町田ゼルビア,0,104,69,20180311,明治安田J3第1節,富山,琉球,沖縄県陸,20251011,明治安田J3第31節,鹿児島,北九州,ミクスタ,1,798135,798135
250,Ｊ２・Ｊ３百年構想,31042,鹿児島,1634098,山崎　倫,YAMAZAKI Rin,MF,33,東京都,175,60,20030520,レジスタＦＣ-ＦＣ東京Ｕ－１５深川-ＦＣコンソルテ-大宮アルディージャＵ１８-大宮アルディージャ,0,16,3,20220820,明治安田J2第32節,大宮,町田,ＮＡＣＫ,20230521,明治安田J2第17節,大宮,仙台,ＮＡＣＫ,1,798148,798148
250,Ｊ２・Ｊ３百年構想,31042,鹿児島,1635454,吉尾　虹樹,YOSHIO Koju,MF,14,兵庫県,167,61,20010425,Ｎ２ＳＣ-横浜Ｆ・マリノスプライマリー-横浜Ｆ・マリノスＪｒユース-横浜Ｆ・マリノスユース-法政大-ファジアーノ岡山-鹿児島ユナイテッドＦＣ-ファジアーノ岡山,0,5,34,20240324,明治安田J2第6節,岡山,群馬,正田スタ,20250308,明治安田J3第4節,鹿児島,群馬,白波スタ,1,813852,815351
250,Ｊ２・Ｊ３百年構想,31042,鹿児島,1635470,圓道　将良,ENDO Masayoshi,MF,20,北海道,162,67,19991026,白人サッカースポーツ少年団-札内東中-旭川実業高-桐蔭横浜大,0,20,72,20220403,明治安田J3第4節,鹿児島,宮崎,ユニスタ,20230514,明治安田J3第10節,鹿児島,琉球,白波スタ,1,818307,895692
250,Ｊ２・Ｊ３百年構想,31042,鹿児島,1636323,嵯峨　理久,SAGA Riku,MF,2,青森県,166,64,19980527,天王サッカースポーツ少年団-ヴァンラーレ八戸Ｕ－１２-ウインズＦＣ-青森山田高-仙台大-いわきＦＣ-ファジアーノ岡山,2,32,34,20220313,明治安田J3第1節,いわき,鹿児島,白波スタ,20220313,明治安田J3第1節,いわき,鹿児島,白波スタ,1,798307,798307
250,Ｊ２・Ｊ３百年構想,31042,鹿児島,1645029,三品　直哉,MISHINA Naoya,MF,41,岐阜県,173,71,20030423,ＦＣ今渡-帝京大可児中-帝京大可児高-明治大,0,0,0,,,,,,,,,,,1,1050963,
250,Ｊ２・Ｊ３百年構想,31042,鹿児島,1656196,梅木　翔斗,UMEKI Kaito,MF,32,東京都,171,68,20041006,立川九小ＳＣ-ＡＺ’８６東京青梅-東海大甲府高-常葉大在学中,0,0,0,,,,,,,,,,,1,1066845,
250,Ｊ２・Ｊ３百年構想,31042,鹿児島,1656859,外山　鉄馬,TOYAMA Tetsuma,MF,39,鹿児島県,168,65,20091027,鹿児島ユナイテッドＦＣ　Ｕ－１２-鹿児島ユナイテッドＦＣ　Ｕ－１５,0,0,0,,,,,,,,,,,1,,
250,Ｊ２・Ｊ３百年構想,31042,鹿児島,1400732,米澤　令衣,YONEZAWA Rei,FW,36,大阪府,176,66,19960720,城美木ＦＣ-ＲＩＰ　ＡＣＥ　ＳＣ-ヴィッセル神戸Ｕ－１８-セレッソ大阪-ブラウブリッツ秋田-セレッソ大阪-レノファ山口ＦＣ-セレッソ大阪,0,33,210,20150517,明治安田J3第12節,秋田,長野,南長野,20150614,明治安田J3第16節,秋田,福島,Ａ‐スタ,1,815471,815866
250,Ｊ２・Ｊ３百年構想,31042,鹿児島,1635233,河村　慶人,KAWAMURA Keito,FW,18,大阪府,174,72,19990911,ＦＣグラシオン-岩田ＦＣ-近畿大付属高-日本体育大-東京ヴェルディ-ブラウブリッツ秋田-東京ヴェルディ,2,74,38,20220219,明治安田J2第1節,東京Ｖ,長崎,トラスタ,20220227,明治安田J2第2節,東京Ｖ,栃木,味スタ,1,798261,798261
250,Ｊ２・Ｊ３百年構想,31042,鹿児島,1635500,有田　稜,ARITA Ryo,FW,9,福岡県,185,77,19990828,沢見大谷ＦＣ-ＦＣ　ＮＥＯＪｒユース-小倉工高-国士舘大-いわきＦＣ-モンテディオ山形-鹿児島ユナイテッドＦＣ-モンテディオ山形-レノファ山口ＦＣ-モンテディオ山形,0,92,31,20220327,明治安田J3第3節,いわき,愛媛,ニンスタ,20220327,明治安田J3第3節,いわき,愛媛,ニンスタ,1,798293,798293
250,Ｊ２・Ｊ３百年構想,31042,鹿児島,1636272,福田　望久斗,FUKUDA Mikuto,FW,11,千葉県,171,62,20000220,ヴィスポ柏９９ＦＣ-鹿島アントラーズつくばＪｒユース-中央学院高-東海学園大,0,24,52,20220313,明治安田J3第1節,鹿児島,いわき,白波スタ,20230528,明治安田J3第11節,鹿児島,松本,サンアル,1,815481,815912
250,Ｊ２・Ｊ３百年構想,31042,鹿児島,1639220,武　星弥,TAKE Seiya,FW,10,鹿児島県,176,71,20041015,川上ＦＣ-鹿児島ユナイテッドＦＣ　Ｕ－１５-鹿児島ユナイテッドＦＣ　Ｕ－１８,0,12,57,20230311,明治安田J3第2節,鹿児島,今治,白波スタ,20230416,明治安田J3第7節,鹿児島,宮崎,白波スタ,1,815483,815871
250,Ｊ２・Ｊ３百年構想,31042,鹿児島,1655792,中山　桂吾,NAKAYAMA Keigo,FW,55,福岡県,181,75,20031214,箱崎ジュニアＦＣ-ルーヴェン福岡-高川学園高-福岡大,0,0,0,,,,,,,,,,,1,1050964,
250,Ｊ２・Ｊ３百年構想,30317,琉球,1632234,佐藤　久弥,SATO Hisaya,GK,1,千葉県,180,77,19980404,ウィングスＳＳ習志野-東京ヴェルディジュニア-東京ヴェルディＪｒユース-東京ヴェルディユース-順天堂大-東京ヴェルディ,0,2,38,20220403,明治安田J2第8節,東京Ｖ,大分,味スタ,,,,,,1,798323,798323
250,Ｊ２・Ｊ３百年構想,30317,琉球,1636845,川島　康暉,KAWASHIMA Koki,GK,50,東京都,188,85,19991020,バディーＳＣ-三菱養和ＳＣ巣鴨Ｊｒユース-三菱養和ＳＣユース-東京農業大-ＳＣ相模原,0,0,4,20230415,明治安田J3第7節,相模原,長野,ギオンス,,,,,,1,929269,815460
250,Ｊ２・Ｊ３百年構想,30317,琉球,1640266,梅田　陸空,UMEDA Riku,GK,21,大阪府,187,83,20001027,アオヤマＳＣ-箕面四中-大阪学院大高-大阪学院大-ベガルタ仙台,0,1,0,20240817,明治安田J2第27節,仙台,鹿児島,ユアスタ,,,,,,1,798140,798140
250,Ｊ２・Ｊ３百年構想,30317,琉球,1655791,宮本　流維,MIYAMOTO Rui,GK,33,愛知県,188,81,20040303,愛知ＦＣ庄内Ｕ－１５-名古屋グランパスＵ－１８-関西学院大,0,0,0,,,,,,,,,,,1,1052817,
250,Ｊ２・Ｊ３百年構想,30317,琉球,500913,千葉　和彦,CHIBA Kazuhiko,DF,35,北海道,183,77,19850621,日生学園第二高-ＡＧＯＶＶアプルドーレン／オランダ-ドートレヒト／オランダ-アルビレックス新潟-サンフレッチェ広島-名古屋グランパス-アルビレックス新潟,374,64,0,20060506,J1第12節,新潟,清水,新潟ス,20110806,J1第20節,新潟,清水,東北電ス,1,606998,606998
250,Ｊ２・Ｊ３百年構想,30317,琉球,1100176,藤春　廣輝,FUJIHARU Hiroki,DF,4,大阪府,175,60,19881128,クサカＳＳ-ＥＸＥ’９０ＦＣ-東海大仰星高-大阪体育大-ガンバ大阪,271,42,68,20110515,J1第11節,Ｇ大阪,福岡,レベスタ,20111022,J1第30節,Ｇ大阪,山形,ＮＤスタ,1,26868,26868
250,Ｊ２・Ｊ３百年構想,30317,琉球,1624364,鈴木　順也,SUZUKI Junya,DF,14,栃木県,182,78,19960502,本郷北ＦＣ-ＷＩＮＧＳＳＣ-桐生第一高-立正大-ザスパクサツ群馬-ガイナーレ鳥取,0,7,165,20190414,明治安田J3第6節,群馬,Ｃ大23,ヤンマー,20210613,明治安田J3第11節,鳥取,長野,チュスタ,1,929012,815842
250,Ｊ２・Ｊ３百年構想,30317,琉球,1629415,神谷　凱士,KAMIYA Kaito,DF,22,愛知県,183,76,19970616,ＦＣ西尾-ホペイロ刈谷-東海学園高-東海学園大-川崎フロンターレ-藤枝ＭＹＦＣ-川崎フロンターレ-ヴァンフォーレ甲府-川崎フロンターレ-ヴァンフォーレ甲府,1,8,38,20210602,明治安田J1第21節,川崎Ｆ,横浜FC,ニッパツ,20221030,明治安田J3第31節,藤枝,鳥取,Ａｘｉｓ,1,73730,73730
250,Ｊ２・Ｊ３百年構想,30317,琉球,1629497,船橋　勇真,FUNABASHI Yuma,DF,27,東京都,178,80,19971113,東伊興ＳＳＳ-ＦＣ．ＰＲＯＵＤ-ジェファＦＣ-江戸川大-Ｙ．Ｓ．Ｃ．Ｃ．横浜-ＡＣ長野パルセイロ-ザスパ群馬,0,0,114,20200627,明治安田J3第1節,YS横浜,相模原,ギオンス,20211024,明治安田J3第24節,YS横浜,八戸,ニッパツ,1,815484,815857
250,Ｊ２・Ｊ３百年構想,30317,琉球,1635021,菊地　脩太,KIKUCHI Shuta,DF,3,静岡県,182,76,20030816,清水クラブＳＳ-清水エスパルスＪｒユース-清水エスパルスユース-清水エスパルス-Ｖ・ファーレン長崎-清水エスパルス-モンテディオ山形-清水エスパルス-ＦＣ琉球-清水エスパルス,0,4,38,20220903,明治安田J2第34節,長崎,千葉,フクアリ,,,,,,1,698115,698115
250,Ｊ２・Ｊ３百年構想,30317,琉球,1640485,荒木　遼太,ARAKI Ryota,DF,15,大阪府,172,69,20001216,ガンバ大阪堺ジュニア-ガンバ大阪堺Ｊｒユース-興國高-中央大,0,0,56,20230304,明治安田J3第1節,琉球,八戸,タピスタ,20250330,明治安田J3第7節,琉球,高知,春野陸,1,929020,815850
250,Ｊ２・Ｊ３百年構想,30317,琉球,1656749,亀谷　怜生,KAMEYA Rei,DF,40,沖縄県,180,70,20081030,たきばる東ＦＣ-ＦＣ琉球Ｕ－１５,0,0,0,,,,,,,,,,,1,,
250,Ｊ２・Ｊ３百年構想,30317,琉球,1656750,渡久地　希来,TOGUCHI Kira,DF,41,沖縄県,164,62,20090121,たきばる東ＦＣ-ＦＣ琉球Ｕ－１５,0,0,0,,,,,,,,,,,1,,
250,Ｊ２・Ｊ３百年構想,30317,琉球,1656862,モハメド　バイ　カマラ,MOHAMED BAI KAMARA,DF,5,シエラレオネ,184,70,20050110,スカンステス／ラトビア-エフケーメッタ／ラトビア,0,0,0,,,,,,,,,,,1,,
250,Ｊ２・Ｊ３百年構想,30317,琉球,800136,富所　悠,TOMIDOKORO Yu,MF,10,埼玉県,175,70,19900421,ヴェルディジュニア-ヴェルディＪｒユース-東京ヴェルディユース-東京ヴェルディ-ＡＣ長野パルセイロ,0,128,250,20090429,J2第11節,東京Ｖ,熊本,味スタ,20140316,J3第2節,琉球,秋田,沖縄県陸,1,929008,815838
250,Ｊ２・Ｊ３百年構想,30317,琉球,1400756,茂木　駿佑,MOTEGI Shunsuke,MF,7,千葉県,167,64,19961002,柏レイソルＵ－１２-柏レイソルＵ－１５-ベガルタ仙台ユース-ベガルタ仙台-ツエーゲン金沢-ベガルタ仙台-水戸ホーリーホック-ベガルタ仙台-水戸ホーリーホック-ＦＣ琉球-愛媛ＦＣ,27,133,100,20150307,明治安田J1 1st第1節,仙台,山形,ユアスタ,20180623,明治安田J2第20節,水戸,愛媛,ニンスタ,1,813860,815872
250,Ｊ２・Ｊ３百年構想,30317,琉球,1610936,岩本　翔,IWAMOTO Sho,MF,13,神奈川県,167,64,20010318,ガンバ大阪Ｊｒユース-ガンバ大阪ユース-筑波大,0,0,65,20170521,明治安田J3第9節,Ｇ大23,沼津,愛鷹,20170904,明治安田J3第21節,Ｇ大23,琉球,吹田Ｓ,1,929009,815839
250,Ｊ２・Ｊ３百年構想,30317,琉球,1626020,堀内　颯人,HORIUCHI Hayato,MF,8,大阪府,179,70,19960703,ＥＸＥ’９０ＦＣ-奈良育英高-大阪体育大-Ｈｏｎｄａ　ＦＣ-奈良クラブ,0,0,94,20230305,明治安田J3第1節,奈良,松本,ロートＦ,20240922,明治安田J3第29節,奈良,宮崎,ロートＦ,1,929040,815385
250,Ｊ２・Ｊ３百年構想,30317,琉球,1627750,石浦　大雅,ISHIURA Taiga,MF,11,東京都,170,66,20011122,ＦＣトリプレッタ鶴川ジュニア-東京ヴェルディジュニア-東京ヴェルディＪｒユース-東京ヴェルディユース-東京ヴェルディ-愛媛ＦＣ-東京ヴェルディ-愛媛ＦＣ,0,88,38,20191124,明治安田J2第42節,東京Ｖ,岐阜,味スタ,20220528,明治安田J2第19節,東京Ｖ,大宮,味スタ,1,813941,815885
250,Ｊ２・Ｊ３百年構想,30317,琉球,1629485,池田　廉,IKEDA Ren,MF,46,千葉県,177,68,19971110,船橋海神ＳＣ-ＦＣ習志野-習志野高-拓殖大-ＦＣ琉球-大分トリニータ,0,156,0,20200223,明治安田J2第1節,琉球,千葉,フクアリ,20200715,明治安田J2第5節,琉球,長崎,タピスタ,1,798086,798086
250,Ｊ２・Ｊ３百年構想,30317,琉球,1630188,幸喜　祐心,KOKI Yushin,MF,55,,,,,,0,0,0,,,,,,,,,,,0,929014,815844
250,Ｊ２・Ｊ３百年構想,30317,琉球,1635391,加藤　悠馬,KATO Yuma,MF,17,兵庫県,164,63,20011215,有岡ＦＣ-ヴィッセル神戸伊丹Ｕ－１５-ヴィッセル神戸Ｕ－１８-拓殖大-いわきＦＣ,0,20,0,20230218,明治安田J2第1節,いわき,藤枝,いわきＧ,,,,,,1,798305,798305
250,Ｊ２・Ｊ３百年構想,30317,琉球,1638468,津覇　実樹,TSUHA Jitsuki,MF,28,沖縄県,177,68,20050124,中原ＦＣ-沖縄ＳＶ　Ｕ－１５-ＦＣ琉球Ｕ－１８,0,0,16,20250215,明治安田J3第1節,琉球,群馬,正田スタ,20250915,明治安田J3第27節,琉球,金沢,沖縄県陸,1,929018,815848
250,Ｊ２・Ｊ３百年構想,30317,琉球,1640478,堀内　陽太,HORIUCHI Yota,MF,25,埼玉県,171,66,20040708,大宮ＦＣ七里-クラブ与野-浦和レッズユース-浦和レッズ-栃木ＳＣ-浦和レッズ,3,0,4,20240630,明治安田J1第21節,浦和,磐田,埼玉,,,,,,1,788423,788423
250,Ｊ２・Ｊ３百年構想,30317,琉球,1644483,井堀　二昭,IHORI Kazuaki,MF,16,岡山県,169,66,20010416,Ｊフィールド津山ＳＣ-Ｊ－ＦＩＥＬＤ津山Ｕ－１５-静岡学園高-東海学園大-鹿児島ユナイテッドＦＣ,0,2,5,20241019,明治安田J2第35節,鹿児島,愛媛,白波スタ,20250920,明治安田J3第28節,鹿児島,宮崎,白波スタ,1,936858,895693
250,Ｊ２・Ｊ３百年構想,30317,琉球,1651470,成田　安里,NARITA Anri,MF,32,北海道,178,72,20021206,プログレッソ十勝Ｕ－１２-プログレッソ十勝Ｕ－１５-浦和レッズユース-日本体育大,0,0,3,20250420,明治安田J3第10節,琉球,宮崎,沖縄県陸,,,,,,1,1003775,896531
250,Ｊ２・Ｊ３百年構想,30317,琉球,1652451,志慶眞　巧洋,SHIGEMA Koyo,MF,6,沖縄県,168,70,20071230,ＦＣ琉球Ｕ－１５-ＦＣ琉球Ｕ－１８,0,0,0,,,,,,,,,,,1,1033187,
250,Ｊ２・Ｊ３百年構想,30317,琉球,1100266,高木　大輔,TAKAGI Daisuke,FW,89,神奈川県,170,64,19951014,あざみ野Ｆ．Ｃ．-東京ヴェルディ１９６９ジュニア-東京ヴェルディＪｒユース-東京ヴェルディユース-東京ヴェルディ-レノファ山口ＦＣ-東京ヴェルディ-レノファ山口ＦＣ-ガンバ大阪-レノファ山口ＦＣ,2,245,82,20130303,J2第1節,東京Ｖ,福岡,味スタ,20140322,J2第4節,東京Ｖ,愛媛,ニンスタ,1,26873,26873
250,Ｊ２・Ｊ３百年構想,30317,琉球,1618079,浅川　隼人,ASAKAWA Hayato,FW,9,千葉県,178,70,19950510,千葉アミカルＳＣ-ジェフユナイテッド千葉Ｊｒユース-八千代高-桐蔭横浜大-Ｙ．Ｓ．Ｃ．Ｃ．横浜-ロアッソ熊本-奈良クラブ-松本山雅ＦＣ,0,0,179,20190310,明治安田J3第1節,YS横浜,鳥取,ニッパツ,20190310,明治安田J3第1節,YS横浜,鳥取,ニッパツ,1,929366,815750
250,Ｊ２・Ｊ３百年構想,30317,琉球,1640613,曽田　一騎,SOTA Kazuki,FW,23,島根県,180,74,20000109,平田ＦＣジュニア-平田ＦＣ　Ｊｒユース-大社高-ＩＰＵ環太平洋大-福山シティＦＣ-愛媛ＦＣ,0,15,37,20230305,明治安田J3第1節,愛媛,岩手,ニンスタ,20230319,明治安田J3第3節,愛媛,鳥取,Ａｘｉｓ,1,813871,815895
250,Ｊ２・Ｊ３百年構想,30317,琉球,1640637,佐藤　未勇,SATO Miyu,FW,19,福島県,182,76,20000719,吉成ウイングス-東北学院中-東北学院高-神奈川大-いわてグルージャ盛岡,0,0,52,20230305,明治安田J3第1節,岩手,愛媛,ニンスタ,20230514,明治安田J3第10節,岩手,八戸,プラスタ,1,928997,815704
250,Ｊ２・Ｊ３百年構想,30317,琉球,1645953,庵原　篤人,IHARA Atsuhito,FW,39,静岡県,168,65,20010613,アスルクラロ沼津Ｕ１２-アスルクラロ沼津ＳＴ-沼津西高-静岡産業大,0,0,58,20240302,明治安田J3第2節,琉球,松本,タピスタ,20240831,明治安田J3第26節,琉球,鳥取,タピスタ,1,929023,815853
250,Ｊ２・Ｊ３百年構想,30317,琉球,1645959,上野　瑶介,UENO Yosuke,FW,18,栃木県,180,74,19981009,栃木ＳＣジュニア-ＪＦＡアカデミー福島Ｕ－１５-ＪＦＡアカデミー福島Ｕ－１８-順天堂大-ソニー仙台ＦＣ-テゲバジャーロ宮崎-ヴィアティン三重-テゲバジャーロ宮崎-沖縄ＳＶ-テゲバジャーロ宮崎,0,0,14,20240225,明治安田J3第1節,宮崎,松本,いちご,,,,,,1,929456,
250,Ｊ２・Ｊ３百年構想,30317,琉球,1656017,カル　ジェニングス,CAL JENNINGS,FW,26,アメリカ合衆国,180,77,19970517,メンフィス／アメリカ合衆国-インディ／アメリカ合衆国-ロサンゼルス／アメリカ合衆国-タンパベイ／アメリカ合衆国-チャールストン／アメリカ合衆国,0,0,0,,,,,,,,,,,1,43213,
